名前,年月,チーム,背番号,出場数,アタック打数,アタック得点,アタック失点,アタック決定率,アタック効果率,バックアタック打数,バックアタック得点,バックアタック失点,ブロック得点,サーブ打数,サーブ得点,サーブ失点,サーブ効果,受数,サーブレシーブ成功・優,サーブレシーブ成功・良,バックアタック決定率,アタックセット平均,ブロックセット平均,サーブ効果率,サーブレシーブ成功率
マティアスラウル,2011-12,ジェイテクトSTINGS,1,4,25,14,2,56.0,48.0,4,1,1,2,13,0,7,5,23,18,0,25.0,3.5,0.5,-3.8,78.3
マティアスラウル,2012-01,ジェイテクトSTINGS,1,8,54,32,3,59.3,53.7,15,9,0,5,31,1,7,10,24,14,0,60.0,4.0,0.62,5.6,58.3
マティアスラウル,2012-02,ジェイテクトSTINGS,1,4,39,22,4,56.4,46.2,15,7,2,0,18,2,4,4,0,0,0,46.7,5.5,0.0,11.1,
三芳健斗,2011-12,富士通カワサキレッドスピリッツ,6,6,20,10,2,50.0,40.0,0,0,0,2,18,2,6,4,0,0,0,,1.67,0.33,8.3,
三芳健斗,2012-01,富士通カワサキレッドスピリッツ,6,21,43,20,1,46.5,44.2,0,0,0,13,48,1,9,13,2,1,0,,0.95,0.62,4.2,50.0
三芳健斗,2012-02,富士通カワサキレッドスピリッツ,6,5,18,8,1,44.4,38.9,0,0,0,4,16,0,3,3,0,0,0,,1.6,0.8,0.0,
上村駿,2012-02,東京ヴェルディ,35,3,2,0,0,0.0,0.0,0,0,0,0,2,0,0,1,0,0,0,,0.0,0.0,12.5,
中島俊介,2011-12,東京ヴェルディ,15,10,95,41,14,43.2,28.4,22,10,8,2,29,3,6,7,27,10,0,45.5,4.1,0.2,11.2,37.0
中島俊介,2012-01,東京ヴェルディ,15,13,95,51,8,53.7,45.3,26,12,4,5,49,6,9,20,33,22,0,46.2,3.92,0.38,17.9,66.7
中島俊介,2012-02,東京ヴェルディ,15,7,52,28,4,53.8,46.2,14,7,1,2,38,8,8,13,22,6,0,50.0,4.0,0.29,24.3,27.3
中島健太,2011-12,近畿クラブスフィーダ,19,10,58,19,10,32.8,15.5,13,2,6,0,18,0,1,1,2,1,0,15.4,1.9,0.0,0.0,50.0
中島健太,2012-01,近畿クラブスフィーダ,19,5,38,10,6,26.3,10.5,2,0,0,5,18,1,1,2,1,0,0,0.0,2.0,1.0,6.9,0.0
中島健太,2012-02,近畿クラブスフィーダ,19,4,20,5,2,25.0,15.0,1,0,0,1,14,1,3,1,1,0,0,0.0,1.25,0.25,3.6,0.0
中川剛,2011-12,富士通カワサキレッドスピリッツ,1,5,32,15,3,46.9,37.5,14,7,2,4,22,1,1,6,0,0,0,50.0,3.0,0.8,10.2,
中川剛,2012-01,富士通カワサキレッドスピリッツ,1,22,205,98,15,47.8,40.5,74,36,6,3,76,1,4,23,0,0,0,48.6,4.45,0.14,7.6,
中川剛,2012-02,富士通カワサキレッドスピリッツ,1,4,32,23,1,71.9,68.8,11,8,1,0,15,0,1,4,0,0,0,72.7,5.75,0.0,5.0,
中村耕平,2011-12,東京ヴェルディ,29,4,0,0,0,,,0,0,0,0,5,0,1,1,0,0,0,,0.0,0.0,0.0,
中村航太朗,2011-12,警視庁フォートファイターズ,13,2,0,0,0,,,0,0,0,0,5,1,1,3,0,0,0,,0.0,0.0,30.0,
中村航太朗,2012-01,警視庁フォートファイターズ,13,15,72,28,9,38.9,26.4,10,0,3,2,41,1,11,8,52,34,0,0.0,1.87,0.13,0.6,65.4
中沢敏浩,2011-12,東京トヨペットグリーンスパークル,4,5,0,0,0,,,0,0,0,0,0,0,0,0,28,14,0,,0.0,0.0,,50.0
中沢敏浩,2012-01,東京トヨペットグリーンスパークル,4,13,0,0,0,,,0,0,0,0,0,0,0,0,63,43,0,,0.0,0.0,,68.3
中沢敏浩,2012-02,東京トヨペットグリーンスパークル,4,5,0,0,0,,,0,0,0,0,0,0,0,0,37,19,0,,0.0,0.0,,51.4
中田学,2011-12,警視庁フォートファイターズ,24,9,77,29,7,37.7,28.6,18,8,2,3,28,3,6,6,24,14,0,44.4,3.22,0.33,10.7,58.3
中田学,2012-01,警視庁フォートファイターズ,24,12,93,43,6,46.2,39.8,22,9,4,5,37,1,9,8,49,34,0,40.9,3.58,0.42,2.0,69.4
中田学,2012-02,警視庁フォートファイターズ,24,3,31,12,2,38.7,32.3,14,4,2,0,12,0,3,2,11,10,0,28.6,4.0,0.0,-2.1,90.9
中西優介,2011-12,きんでんトリニティーブリッツ,16,9,0,0,0,,,0,0,0,0,9,0,0,3,6,4,0,,0.0,0.0,8.3,66.7
中西優介,2012-01,きんでんトリニティーブリッツ,16,7,1,0,1,0.0,-100.0,0,0,0,0,8,0,1,3,1,0,0,,0.0,0.0,6.2,0.0
中道元貴,2011-12,警視庁フォートファイターズ,14,6,41,17,7,41.5,24.4,3,1,2,1,26,3,4,11,41,26,0,33.3,2.83,0.17,18.3,63.4
中道元貴,2012-01,警視庁フォートファイターズ,14,17,131,63,19,48.1,33.6,21,10,4,10,69,7,9,23,112,78,0,47.6,3.71,0.59,15.2,69.6
中道元貴,2012-02,警視庁フォートファイターズ,14,3,18,9,3,50.0,33.3,3,1,1,1,9,1,3,4,23,17,0,33.3,3.0,0.33,13.9,73.9
中道淑人,2011-12,大同特殊鋼レッドスター,17,3,0,0,0,,,0,0,0,0,3,0,1,0,1,0,0,,0.0,0.0,-8.3,0.0
中道淑人,2012-01,大同特殊鋼レッドスター,17,13,0,0,0,,,0,0,0,0,9,0,2,1,28,19,0,,0.0,0.0,-2.8,67.9
中道淑人,2012-02,大同特殊鋼レッドスター,17,3,0,0,0,,,0,0,0,0,5,0,2,1,2,2,0,,0.0,0.0,-5.0,100.0
久原大輝,2011-12,つくばユナイテッドSunGAIA,19,3,1,1,0,100.0,100.0,0,0,0,0,6,2,0,1,2,2,0,,0.33,0.0,37.5,100.0
久原大輝,2012-01,つくばユナイテッドSunGAIA,19,8,15,11,0,73.3,73.3,0,0,0,0,21,2,4,6,43,32,0,,1.38,0.0,11.9,74.4
久原大輝,2012-02,つくばユナイテッドSunGAIA,19,3,7,3,0,42.9,42.9,0,0,0,1,8,0,0,2,26,21,0,,1.0,0.33,6.2,80.8
二宮弘樹,2011-12,トヨタ自動車サンホークス,14,1,0,0,0,,,0,0,0,0,0,0,0,0,0,0,0,,0.0,0.0,,
二宮弘樹,2012-01,トヨタ自動車サンホークス,14,5,15,7,3,46.7,26.7,1,1,0,0,7,0,2,2,0,0,0,100.0,1.4,0.0,0.0,
二宮弘樹,2012-02,トヨタ自動車サンホークス,14,2,0,0,0,,,0,0,0,0,2,0,0,1,0,0,0,,0.0,0.0,12.5,
井上人哉,2011-12,警視庁フォートファイターズ,7,4,0,0,0,,,0,0,0,0,6,0,0,1,0,0,0,,0.0,0.0,4.2,
井上人哉,2012-01,警視庁フォートファイターズ,7,4,0,0,0,,,0,0,0,0,4,0,1,1,1,1,0,,0.0,0.0,0.0,100.0
井上佑馬,2011-12,東京トヨペットグリーンスパークル,13,9,27,8,1,29.6,25.9,1,0,0,3,26,0,2,6,1,0,0,0.0,0.89,0.33,3.8,0.0
井上佑馬,2012-01,東京トヨペットグリーンスパークル,13,13,37,17,1,45.9,43.2,1,0,0,6,43,1,4,12,2,1,0,0.0,1.31,0.46,7.0,50.0
井上佑馬,2012-02,東京トヨペットグリーンスパークル,13,6,21,10,3,47.6,33.3,0,0,0,3,15,1,2,4,0,0,0,,1.67,0.5,10.0,
井上優人,2011-12,兵庫デルフィーノ,1,7,22,7,1,31.8,27.3,0,0,0,3,23,0,3,7,0,0,0,,1.0,0.43,4.3,
井上優人,2012-01,兵庫デルフィーノ,1,20,69,31,6,44.9,36.2,1,0,0,9,58,8,9,17,0,0,0,0.0,1.55,0.45,17.2,
井上優人,2012-02,兵庫デルフィーノ,1,7,26,4,4,15.4,0.0,1,0,0,9,20,1,4,8,0,0,0,0.0,0.57,1.29,10.0,
井上周二,2011-12,兵庫デルフィーノ,6,7,55,14,5,25.5,16.4,1,0,0,3,24,0,1,5,40,32,0,0.0,2.0,0.43,4.2,80.0
井上周二,2012-01,兵庫デルフィーノ,6,20,114,40,7,35.1,28.9,10,2,1,2,55,1,3,11,137,91,0,20.0,2.0,0.1,5.5,66.4
井上周二,2012-02,兵庫デルフィーノ,6,7,29,14,2,48.3,41.4,0,0,0,4,10,0,1,3,66,55,0,,2.0,0.57,5.0,83.3
今田善仁,2011-12,きんでんトリニティーブリッツ,4,9,2,0,0,0.0,0.0,0,0,0,1,13,0,0,1,0,0,0,,0.0,0.11,1.9,
今田善仁,2012-01,きんでんトリニティーブリッツ,4,8,6,0,1,0.0,-16.7,1,0,0,2,18,2,0,5,0,0,0,0.0,0.0,0.25,18.1,
伊藤優介,2011-12,東京トヨペットグリーンスパークル,1,9,40,11,5,27.5,15.0,6,2,2,0,13,0,0,3,18,5,0,33.3,1.22,0.0,5.8,27.8
伊藤優介,2012-01,東京トヨペットグリーンスパークル,1,16,113,31,14,27.4,15.0,6,1,4,7,55,1,4,16,71,44,0,16.7,1.94,0.44,7.3,62.0
伊藤優介,2012-02,東京トヨペットグリーンスパークル,1,8,50,19,3,38.0,32.0,2,2,0,8,27,0,4,10,14,5,0,100.0,2.38,1.0,5.6,35.7
伊藤達也,2011-12,近畿クラブスフィーダ,20,4,8,5,0,62.5,62.5,0,0,0,1,3,0,2,1,0,0,0,,1.25,0.25,-8.3,
伊藤達也,2012-01,近畿クラブスフィーダ,20,7,16,10,0,62.5,62.5,0,0,0,2,14,0,0,3,0,0,0,,1.43,0.29,5.4,
佐々木剛,2011-12,きんでんトリニティーブリッツ,12,5,0,0,0,,,0,0,0,0,6,0,1,1,0,0,0,,0.0,0.0,0.0,
佐々木剛,2012-01,きんでんトリニティーブリッツ,12,17,0,0,0,,,0,0,0,0,31,3,2,6,0,0,0,,0.0,0.0,12.9,
佐々木恵三,2011-12,つくばユナイテッドSunGAIA,9,7,57,24,3,42.1,36.8,18,5,1,1,30,0,6,4,5,3,0,27.8,3.43,0.14,-1.7,60.0
佐々木恵三,2012-01,つくばユナイテッドSunGAIA,9,13,77,39,11,50.6,36.4,22,10,4,3,44,1,5,11,12,8,0,45.5,3.0,0.23,5.7,66.7
佐々木恵三,2012-02,つくばユナイテッドSunGAIA,9,7,52,19,6,36.5,25.0,15,6,2,1,39,1,6,5,20,10,0,40.0,2.71,0.14,1.9,50.0
倉田真,2011-12,大同特殊鋼レッドスター,4,7,42,21,3,50.0,42.9,3,2,0,3,40,9,6,11,23,18,0,66.7,3.0,0.43,25.6,78.3
倉田真,2012-01,大同特殊鋼レッドスター,4,23,200,92,17,46.0,37.5,44,22,5,13,94,10,28,29,118,68,0,50.0,4.0,0.57,10.9,57.6
倉田真,2012-02,大同特殊鋼レッドスター,4,4,35,14,1,40.0,37.1,9,3,1,1,20,1,2,10,29,17,0,33.3,3.5,0.25,15.0,58.6
出耒田敬,2011-12,つくばユナイテッドSunGAIA,8,4,16,11,0,68.8,68.8,1,0,0,4,19,0,0,8,0,0,0,0.0,2.75,1.0,10.5,
出耒田敬,2012-01,つくばユナイテッドSunGAIA,8,12,86,48,7,55.8,47.7,33,17,1,2,38,0,2,7,0,0,0,51.5,4.0,0.17,3.3,
出耒田敬,2012-02,つくばユナイテッドSunGAIA,8,6,40,11,1,27.5,25.0,10,3,1,4,17,2,0,6,0,0,0,30.0,1.83,0.67,20.6,
前田一誠,2011-12,つくばユナイテッドSunGAIA,12,7,0,0,0,,,0,0,0,0,26,0,1,9,0,0,0,,0.0,0.0,7.7,
前田一誠,2012-01,つくばユナイテッドSunGAIA,12,13,4,2,0,50.0,50.0,0,0,0,2,49,2,1,11,0,0,0,,0.15,0.15,9.2,
前田一誠,2012-02,つくばユナイテッドSunGAIA,12,7,1,1,0,100.0,100.0,0,0,0,3,23,0,0,6,1,0,0,,0.14,0.43,6.5,0.0
加藤陽一,2011-12,つくばユナイテッドSunGAIA,18,3,25,13,2,52.0,44.0,10,6,2,1,21,4,1,7,1,0,0,60.0,4.33,0.33,26.2,0.0
加藤陽一,2012-01,つくばユナイテッドSunGAIA,18,13,46,19,2,41.3,37.0,8,3,0,1,56,2,8,21,72,50,0,37.5,1.46,0.08,9.4,69.4
加藤陽一,2012-02,つくばユナイテッドSunGAIA,18,6,20,9,2,45.0,35.0,4,1,0,1,24,1,1,6,38,29,0,25.0,1.5,0.17,9.4,76.3
勝田祥平,2011-12,富士通カワサキレッドスピリッツ,7,4,5,2,1,40.0,20.0,0,0,0,0,9,1,0,4,12,9,0,,0.5,0.0,22.2,75.0
勝田祥平,2012-01,富士通カワサキレッドスピリッツ,7,20,46,15,5,32.6,21.7,5,0,1,5,53,8,4,17,58,29,0,0.0,0.75,0.25,21.2,50.0
勝田祥平,2012-02,富士通カワサキレッドスピリッツ,7,6,6,1,1,16.7,0.0,0,0,0,1,11,1,2,2,7,4,0,,0.17,0.17,9.1,57.1
北山宏樹,2011-12,兵庫デルフィーノ,23,5,13,5,0,38.5,38.5,0,0,0,0,6,0,0,3,0,0,0,,1.0,0.0,12.5,
北山宏樹,2012-01,兵庫デルフィーノ,23,15,38,16,2,42.1,36.8,0,0,0,4,41,0,1,12,0,0,0,,1.07,0.27,6.7,
北山宏樹,2012-02,兵庫デルフィーノ,23,4,10,3,0,30.0,30.0,0,0,0,3,20,0,0,6,1,0,0,,0.75,0.75,7.5,0.0
北沢浩,2011-12,富士通カワサキレッドスピリッツ,15,6,4,3,0,75.0,75.0,0,0,0,2,21,2,2,9,0,0,0,,0.5,0.33,17.9,
北沢浩,2012-01,富士通カワサキレッドスピリッツ,15,23,13,8,0,61.5,61.5,0,0,0,3,70,2,8,21,0,0,0,,0.35,0.13,7.5,
北沢浩,2012-02,富士通カワサキレッドスピリッツ,15,6,3,2,0,66.7,66.7,0,0,0,0,13,0,1,1,0,0,0,,0.33,0.0,0.0,
南侑佑,2012-01,兵庫デルフィーノ,8,4,8,1,1,12.5,0.0,0,0,0,0,2,0,0,1,11,5,0,,0.25,0.0,12.5,45.5
原田将志,2011-12,兵庫デルフィーノ,3,7,92,38,7,41.3,33.7,23,10,3,2,23,1,7,7,14,2,0,43.5,5.43,0.29,4.3,14.3
原田将志,2012-01,兵庫デルフィーノ,3,21,179,69,30,38.5,21.8,54,24,16,6,58,1,13,18,20,7,0,44.4,3.29,0.29,3.9,35.0
原田将志,2012-02,兵庫デルフィーノ,3,7,63,22,4,34.9,28.6,17,8,1,2,30,1,6,8,5,0,0,47.1,3.14,0.29,5.0,0.0
吉岡佳徳,2011-12,東京ヴェルディ,26,0,0,0,0,,,0,0,0,0,0,0,0,0,0,0,0,,,,,
吉野淳,2011-12,つくばユナイテッドSunGAIA,22,10,0,0,0,,,0,0,0,0,0,0,0,0,51,41,0,,0.0,0.0,,80.4
吉野淳,2012-01,つくばユナイテッドSunGAIA,22,19,0,0,0,,,0,0,0,0,0,0,0,0,133,90,0,,0.0,0.0,,67.7
吉野淳,2012-02,つくばユナイテッドSunGAIA,22,7,0,0,0,,,0,0,0,0,0,0,0,0,40,28,0,,0.0,0.0,,70.0
呉屋宏和,2011-12,富士通カワサキレッドスピリッツ,11,5,26,16,2,61.5,53.8,2,2,0,2,18,0,0,9,32,20,0,100.0,3.2,0.4,12.5,62.5
呉屋宏和,2012-01,富士通カワサキレッドスピリッツ,11,14,68,23,7,33.8,23.5,2,1,1,5,45,1,3,11,90,56,0,50.0,1.64,0.36,6.7,62.2
呉屋宏和,2012-02,富士通カワサキレッドスピリッツ,11,2,9,5,0,55.6,55.6,1,0,0,0,7,0,0,2,10,6,0,0.0,2.5,0.0,7.1,60.0
和中謙治,2012-01,近畿クラブスフィーダ,8,15,52,13,6,25.0,13.5,2,2,0,3,37,4,8,10,103,69,0,100.0,0.87,0.2,12.2,67.0
和中謙治,2012-02,近畿クラブスフィーダ,8,4,0,0,0,,,0,0,0,0,0,0,0,0,20,19,0,,0.0,0.0,,95.0
和井田剛史,2011-12,つくばユナイテッドSunGAIA,21,10,81,43,4,53.1,48.1,31,13,2,2,30,2,9,10,4,2,0,41.9,4.3,0.2,7.5,50.0
和井田剛史,2012-01,つくばユナイテッドSunGAIA,21,13,117,58,10,49.6,41.0,28,16,5,4,41,1,6,11,13,6,0,57.1,4.46,0.31,5.5,46.2
和井田剛史,2012-02,つくばユナイテッドSunGAIA,21,4,33,15,4,45.5,33.3,5,2,2,2,10,1,2,3,4,1,0,40.0,3.75,0.5,12.5,25.0
和田雅登,2011-12,近畿クラブスフィーダ,10,11,88,29,9,33.0,22.7,16,3,3,10,38,0,8,16,4,3,0,18.8,2.64,0.91,5.3,75.0
和田雅登,2012-01,近畿クラブスフィーダ,10,4,14,3,2,21.4,7.1,4,2,1,1,6,0,1,0,0,0,0,50.0,0.75,0.25,-4.2,
和田雅登,2012-02,近畿クラブスフィーダ,10,3,6,2,0,33.3,33.3,0,0,0,0,1,0,1,0,0,0,0,,0.67,0.0,-25.0,
塩大地,2011-12,きんでんトリニティーブリッツ,11,16,96,35,10,36.5,26.0,0,0,0,4,31,0,2,1,4,3,0,,2.19,0.25,-0.8,75.0
塩大地,2012-01,きんでんトリニティーブリッツ,11,22,103,49,6,47.6,41.7,1,0,0,15,42,0,8,4,1,0,0,0.0,2.23,0.68,-2.4,0.0
増谷篤,2011-12,近畿クラブスフィーダ,25,9,1,0,1,0.0,-100.0,0,0,0,1,15,0,1,4,0,0,0,,0.0,0.11,5.0,
増谷篤,2012-01,近畿クラブスフィーダ,25,5,1,0,0,0.0,0.0,0,0,0,1,18,2,0,3,0,0,0,,0.0,0.2,15.3,
増谷篤,2012-02,近畿クラブスフィーダ,25,4,1,1,0,100.0,100.0,0,0,0,1,14,1,2,5,1,0,0,,0.25,0.25,12.5,0.0
大下将,2011-12,東京ヴェルディ,22,1,0,0,0,,,0,0,0,0,0,0,0,0,0,0,0,,0.0,0.0,,
大下将,2012-01,東京ヴェルディ,22,3,7,4,0,57.1,57.1,0,0,0,1,10,1,0,6,0,0,0,,1.33,0.33,25.0,
大泊進祐,2011-12,トヨタ自動車サンホークス,16,9,10,1,4,10.0,-30.0,0,0,0,3,22,0,0,7,1,1,0,,0.11,0.33,8.0,100.0
大泊進祐,2012-01,トヨタ自動車サンホークス,16,10,12,4,1,33.3,25.0,0,0,0,4,38,1,7,9,1,1,0,,0.4,0.4,3.9,100.0
大泊進祐,2012-02,トヨタ自動車サンホークス,16,9,15,11,0,73.3,73.3,0,0,0,8,32,1,2,12,4,2,0,,1.22,0.89,10.9,50.0
大矢佳祐,2012-01,ジェイテクトSTINGS,18,0,0,0,0,,,0,0,0,0,0,0,0,0,0,0,0,,,,,
大貫智博,2011-12,東京トヨペットグリーンスパークル,6,1,0,0,0,,,0,0,0,0,0,0,0,0,0,0,0,,0.0,0.0,,
大貫智博,2012-01,東京トヨペットグリーンスパークル,6,2,0,0,0,,,0,0,0,0,1,0,0,0,0,0,0,,0.0,0.0,0.0,
大貫智博,2012-02,東京トヨペットグリーンスパークル,6,0,0,0,0,,,0,0,0,0,0,0,0,0,0,0,0,,,,,
大野晃義,2011-12,トヨタ自動車サンホークス,2,0,0,0,0,,,0,0,0,0,0,0,0,0,0,0,0,,,,,
大野晃義,2012-01,トヨタ自動車サンホークス,2,3,0,0,0,,,0,0,0,0,7,0,3,1,0,0,0,,0.0,0.0,-7.1,
大野晃義,2012-02,トヨタ自動車サンホークス,2,1,0,0,0,,,0,0,0,0,1,0,1,0,0,0,0,,0.0,0.0,-25.0,
大隈慎也,2011-12,トヨタ自動車サンホークス,12,10,1,0,0,0.0,0.0,0,0,0,0,28,0,2,6,0,0,0,,0.0,0.0,3.6,
大隈慎也,2012-01,トヨタ自動車サンホークス,12,12,2,2,0,100.0,100.0,0,0,0,1,45,0,1,7,0,0,0,,0.17,0.08,3.3,
大隈慎也,2012-02,トヨタ自動車サンホークス,12,9,3,2,0,66.7,66.7,0,0,0,1,45,3,1,14,0,0,0,,0.22,0.11,13.9,
天本智成,2011-12,近畿クラブスフィーダ,24,11,31,12,1,38.7,35.5,0,0,0,6,36,1,1,8,2,2,0,,1.09,0.55,7.6,100.0
天本智成,2012-01,近畿クラブスフィーダ,24,9,15,9,0,60.0,60.0,0,0,0,2,19,0,1,4,0,0,0,,1.0,0.22,3.9,
天本智成,2012-02,近畿クラブスフィーダ,24,2,10,4,0,40.0,40.0,0,0,0,1,4,0,0,1,0,0,0,,2.0,0.5,6.2,
太田有紀,2011-12,トヨタ自動車サンホークス,1,10,77,30,5,39.0,32.5,14,4,2,2,38,8,11,5,43,26,0,28.6,3.0,0.2,17.1,60.5
太田有紀,2012-01,トヨタ自動車サンホークス,1,11,95,40,13,42.1,28.4,21,8,4,2,39,3,16,12,33,18,0,38.1,3.64,0.18,5.1,54.5
太田有紀,2012-02,トヨタ自動車サンホークス,1,9,76,32,5,42.1,35.5,14,6,1,2,37,4,13,12,26,17,0,42.9,3.56,0.22,10.1,65.4
奥平祐介,2011-12,きんでんトリニティーブリッツ,2,5,0,0,0,,,0,0,0,0,9,0,2,2,0,0,0,,0.0,0.0,0.0,
奥田晃,2011-12,東京ヴェルディ,11,8,4,1,1,25.0,0.0,0,0,0,1,16,0,1,5,0,0,0,,0.12,0.12,6.2,
奥田晃,2012-01,東京ヴェルディ,11,13,7,4,0,57.1,57.1,0,0,0,2,45,1,2,15,0,0,0,,0.31,0.15,9.4,
奥田晃,2012-02,東京ヴェルディ,11,2,0,0,0,,,0,0,0,1,3,0,0,1,0,0,0,,0.0,0.5,8.3,
安井勇誠,2011-12,ジェイテクトSTINGS,11,3,23,12,0,52.2,52.2,2,2,0,1,11,0,3,3,11,7,0,100.0,4.0,0.33,0.0,63.6
安井勇誠,2012-01,ジェイテクトSTINGS,11,18,124,59,8,47.6,41.1,21,13,1,2,82,6,11,24,86,54,0,61.9,3.28,0.11,11.3,62.8
安井勇誠,2012-02,ジェイテクトSTINGS,11,4,20,8,0,40.0,40.0,3,1,0,0,14,2,1,7,21,13,0,33.3,2.0,0.0,25.0,61.9
小川直紀,2012-01,富士通カワサキレッドスピリッツ,18,2,0,0,0,,,0,0,0,0,0,0,0,0,0,0,0,,0.0,0.0,,
小川直紀,2012-02,富士通カワサキレッドスピリッツ,18,5,0,0,0,,,0,0,0,0,3,0,0,1,0,0,0,,0.0,0.0,8.3,
小松高則,2011-12,ジェイテクトSTINGS,7,5,15,10,1,66.7,60.0,0,0,0,2,21,0,0,5,0,0,0,,2.0,0.4,6.0,
小松高則,2012-01,ジェイテクトSTINGS,7,16,48,25,5,52.1,41.7,0,0,0,11,41,1,1,12,2,1,0,,1.56,0.69,9.1,50.0
小松高則,2012-02,ジェイテクトSTINGS,7,4,5,3,0,60.0,60.0,0,0,0,3,6,0,0,4,1,1,0,,0.75,0.75,16.7,100.0
小林雅也,2011-12,大同特殊鋼レッドスター,15,7,14,10,1,71.4,64.3,0,0,0,6,25,3,5,8,1,1,0,,1.43,0.86,15.0,100.0
小林雅也,2012-01,大同特殊鋼レッドスター,15,23,63,31,7,49.2,38.1,0,0,0,19,106,12,19,31,7,5,0,,1.35,0.83,14.2,71.4
小林雅也,2012-02,大同特殊鋼レッドスター,15,4,6,2,3,33.3,-16.7,0,0,0,4,12,1,3,3,1,0,0,,0.5,1.0,8.3,0.0
小野孝宏,2011-12,ジェイテクトSTINGS,3,4,21,12,1,57.1,52.4,9,6,1,0,12,0,2,5,0,0,0,66.7,3.0,0.0,6.2,
小野孝宏,2012-01,ジェイテクトSTINGS,3,4,18,9,3,50.0,33.3,8,4,2,0,5,0,2,0,0,0,0,50.0,2.25,0.0,-10.0,
小野孝宏,2012-02,ジェイテクトSTINGS,3,1,2,0,1,0.0,-50.0,0,0,0,0,0,0,0,0,0,0,0,,0.0,0.0,,
小野義隆,2012-01,近畿クラブスフィーダ,15,8,1,1,0,100.0,100.0,0,0,0,0,20,1,1,5,0,0,0,,0.12,0.0,10.0,
小野義隆,2012-02,近畿クラブスフィーダ,15,0,0,0,0,,,0,0,0,0,0,0,0,0,0,0,0,,,,,
山下栄和,2011-12,きんでんトリニティーブリッツ,13,5,0,0,0,,,0,0,0,0,0,0,0,0,19,15,0,,0.0,0.0,,78.9
山下栄和,2012-01,きんでんトリニティーブリッツ,13,22,0,0,0,,,0,0,0,0,0,0,0,0,115,77,0,,0.0,0.0,,67.0
山下秀人,2011-12,大同特殊鋼レッドスター,18,6,5,4,0,80.0,80.0,1,0,0,0,4,0,0,1,14,9,0,0.0,0.67,0.0,6.2,64.3
山下秀人,2012-01,大同特殊鋼レッドスター,18,19,52,13,8,25.0,9.6,0,0,0,4,45,1,2,10,124,78,0,,0.68,0.21,6.7,62.9
山下秀人,2012-02,大同特殊鋼レッドスター,18,2,4,1,0,25.0,25.0,0,0,0,2,4,0,0,0,18,8,0,,0.5,1.0,0.0,44.4
山原健太,2011-12,きんでんトリニティーブリッツ,6,1,0,0,0,,,0,0,0,0,1,0,0,0,0,0,0,,0.0,0.0,0.0,
山原健太,2012-01,きんでんトリニティーブリッツ,6,2,0,0,0,,,0,0,0,0,2,0,1,0,0,0,0,,0.0,0.0,-12.5,
山口純平,2011-12,大同特殊鋼レッドスター,1,2,4,2,0,50.0,50.0,2,1,0,0,1,0,0,0,0,0,0,50.0,1.0,0.0,0.0,
山口純平,2012-01,大同特殊鋼レッドスター,1,2,10,1,1,10.0,0.0,3,0,0,1,3,0,0,2,0,0,0,0.0,0.5,0.5,16.7,
山口純平,2012-02,大同特殊鋼レッドスター,1,0,0,0,0,,,0,0,0,0,0,0,0,0,0,0,0,,,,,
山本一総,2011-12,トヨタ自動車サンホークス,8,1,0,0,0,,,0,0,0,0,1,0,0,0,0,0,0,,0.0,0.0,0.0,
山本一総,2012-01,トヨタ自動車サンホークス,8,1,0,0,0,,,0,0,0,0,1,0,0,0,0,0,0,,0.0,0.0,0.0,
山本一総,2012-02,トヨタ自動車サンホークス,8,1,0,0,0,,,0,0,0,0,1,0,0,0,0,0,0,,0.0,0.0,0.0,
山本健登,2011-12,近畿クラブスフィーダ,16,14,89,40,5,44.9,39.3,4,2,1,1,51,0,4,12,42,30,0,50.0,2.86,0.07,3.9,71.4
山本健登,2012-01,近畿クラブスフィーダ,16,10,33,10,4,30.3,18.2,1,1,0,1,18,0,1,8,46,26,0,100.0,1.0,0.1,9.7,56.5
山本健登,2012-02,近畿クラブスフィーダ,16,0,0,0,0,,,0,0,0,0,0,0,0,0,0,0,0,,,,,
山本英之,2011-12,近畿クラブスフィーダ,29,4,5,1,0,20.0,20.0,0,0,0,3,6,0,0,2,0,0,0,,0.25,0.75,8.3,
山本英之,2012-01,近畿クラブスフィーダ,29,5,5,3,0,60.0,60.0,0,0,0,3,6,0,1,3,1,0,0,,0.6,0.6,8.3,0.0
山本英之,2012-02,近畿クラブスフィーダ,29,4,14,9,1,64.3,57.1,0,0,0,1,7,0,1,1,3,3,0,,2.25,0.25,0.0,100.0
山近哲,2012-01,近畿クラブスフィーダ,13,15,150,56,17,37.3,26.0,51,16,9,6,36,1,10,2,7,0,0,31.4,3.73,0.4,-2.8,0.0
山近哲,2012-02,近畿クラブスフィーダ,13,4,40,21,3,52.5,45.0,11,8,0,2,17,1,3,2,1,1,0,72.7,5.25,0.5,4.4,100.0
岡本侑,2011-12,近畿クラブスフィーダ,21,14,109,51,15,46.8,33.0,11,7,1,8,50,3,5,16,109,78,0,63.6,3.64,0.57,11.5,71.6
岡本侑,2012-01,近畿クラブスフィーダ,21,9,51,19,3,37.3,31.4,4,3,0,0,33,1,5,10,77,56,0,75.0,2.11,0.0,6.8,72.7
岡本侑,2012-02,近畿クラブスフィーダ,21,4,15,9,1,60.0,53.3,1,1,0,1,16,2,2,7,59,41,0,100.0,2.25,0.25,20.3,69.5
岡村義郎,2011-12,富士通カワサキレッドスピリッツ,10,3,6,3,0,50.0,50.0,0,0,0,2,5,0,0,2,0,0,0,,1.0,0.67,10.0,
岡村義郎,2012-01,富士通カワサキレッドスピリッツ,10,13,18,8,0,44.4,44.4,0,0,0,3,23,0,2,7,1,1,0,,0.62,0.23,5.4,100.0
岡村義郎,2012-02,富士通カワサキレッドスピリッツ,10,5,14,9,0,64.3,64.3,0,0,0,7,13,0,0,5,0,0,0,,1.8,1.4,9.6,
岩井浩二,2011-12,富士通カワサキレッドスピリッツ,14,6,31,19,1,61.3,58.1,4,1,0,2,20,2,0,8,12,6,0,25.0,3.17,0.33,20.0,50.0
岩井浩二,2012-01,富士通カワサキレッドスピリッツ,14,20,125,59,10,47.2,39.2,14,7,2,8,78,9,12,16,87,45,0,50.0,2.95,0.4,12.8,51.7
岩井浩二,2012-02,富士通カワサキレッドスピリッツ,14,6,37,23,3,62.2,54.1,4,3,0,0,32,1,3,9,30,23,0,75.0,3.83,0.0,7.8,76.7
岩田岳大,2011-12,つくばユナイテッドSunGAIA,7,3,0,0,0,,,0,0,0,0,6,0,0,3,0,0,0,,0.0,0.0,12.5,
岩知道呂夫,2011-12,警視庁フォートファイターズ,10,8,2,2,0,100.0,100.0,0,0,0,1,33,3,2,11,0,0,0,,0.25,0.12,15.9,
岩知道呂夫,2012-01,警視庁フォートファイターズ,10,17,5,3,0,60.0,60.0,0,0,0,3,62,7,9,14,0,0,0,,0.18,0.18,13.3,
岩知道呂夫,2012-02,警視庁フォートファイターズ,10,3,1,0,0,0.0,0.0,0,0,0,0,7,1,2,2,0,0,0,,0.0,0.0,14.3,
川北陽介,2011-12,トヨタ自動車サンホークス,5,8,24,9,2,37.5,29.2,0,0,0,0,16,0,3,2,1,1,0,,1.12,0.0,-1.6,100.0
川北陽介,2012-01,トヨタ自動車サンホークス,5,9,23,7,2,30.4,21.7,0,0,0,4,25,0,0,9,1,0,0,,0.78,0.44,9.0,0.0
川北陽介,2012-02,トヨタ自動車サンホークス,5,8,20,6,3,30.0,15.0,0,0,0,7,23,0,1,7,1,1,0,,0.75,0.88,6.5,100.0
川口一貴,2011-12,大同特殊鋼レッドスター,16,1,1,1,0,100.0,100.0,0,0,0,0,0,0,0,0,0,0,0,,1.0,0.0,,
川口一貴,2012-01,大同特殊鋼レッドスター,16,0,0,0,0,,,0,0,0,0,0,0,0,0,0,0,0,,,,,
川口一貴,2012-02,大同特殊鋼レッドスター,16,0,0,0,0,,,0,0,0,0,0,0,0,0,0,0,0,,,,,
川波博次,2011-12,大同特殊鋼レッドスター,2,0,0,0,0,,,0,0,0,0,0,0,0,0,0,0,0,,,,,
川波博次,2012-01,大同特殊鋼レッドスター,2,0,0,0,0,,,0,0,0,0,0,0,0,0,0,0,0,,,,,
川波博次,2012-02,大同特殊鋼レッドスター,2,0,0,0,0,,,0,0,0,0,0,0,0,0,0,0,0,,,,,
平井銀次,2011-12,大同特殊鋼レッドスター,11,6,0,0,0,,,0,0,0,0,0,0,0,0,25,20,0,,0.0,0.0,,80.0
平井銀次,2012-01,大同特殊鋼レッドスター,11,19,0,0,0,,,0,0,0,0,0,0,0,0,98,73,0,,0.0,0.0,,74.5
平井銀次,2012-02,大同特殊鋼レッドスター,11,4,0,0,0,,,0,0,0,0,0,0,0,0,16,12,0,,0.0,0.0,,75.0
平尾真也,2012-01,兵庫デルフィーノ,14,7,0,0,0,,,0,0,0,0,0,0,0,0,36,16,0,,0.0,0.0,,44.4
平尾真也,2012-02,兵庫デルフィーノ,14,0,0,0,0,,,0,0,0,0,0,0,0,0,0,0,0,,,,,
平林康裕,2011-12,警視庁フォートファイターズ,5,3,0,0,0,,,0,0,0,0,3,0,0,3,0,0,0,,0.0,0.0,25.0,
平林康裕,2012-01,警視庁フォートファイターズ,5,8,20,9,4,45.0,25.0,0,0,0,1,10,1,0,3,2,1,0,,1.12,0.12,17.5,50.0
平林康裕,2012-02,警視庁フォートファイターズ,5,3,21,5,2,23.8,14.3,0,0,0,2,4,0,1,2,3,2,0,,1.67,0.67,6.2,66.7
平澤徹,2011-12,富士通カワサキレッドスピリッツ,9,5,11,7,1,63.6,54.5,0,0,0,2,9,0,1,5,0,0,0,,1.4,0.4,11.1,
平澤徹,2012-01,富士通カワサキレッドスピリッツ,9,22,43,28,0,65.1,65.1,0,0,0,11,69,1,5,17,0,0,0,,1.27,0.5,5.8,
平澤徹,2012-02,富士通カワサキレッドスピリッツ,9,5,13,8,0,61.5,61.5,0,0,0,1,16,0,1,2,1,1,0,,1.6,0.2,1.6,100.0
平田英貴,2011-12,近畿クラブスフィーダ,14,11,40,19,3,47.5,40.0,0,0,0,3,30,1,3,10,3,1,0,,1.73,0.27,9.2,33.3
平田英貴,2012-01,近畿クラブスフィーダ,14,13,36,16,3,44.4,36.1,0,0,0,3,26,2,4,2,4,3,0,,1.23,0.23,5.8,75.0
平田英貴,2012-02,近畿クラブスフィーダ,14,4,9,7,0,77.8,77.8,0,0,0,0,15,1,3,2,0,0,0,,1.75,0.0,5.0,
平野晃多,2011-12,大同特殊鋼レッドスター,5,7,14,9,0,64.3,64.3,1,1,0,12,23,1,1,8,0,0,0,100.0,1.29,1.71,12.0,
平野晃多,2012-01,大同特殊鋼レッドスター,5,23,70,31,0,44.3,44.3,1,0,0,28,74,0,2,24,1,1,0,0.0,1.35,1.22,7.4,100.0
平野晃多,2012-02,大同特殊鋼レッドスター,5,4,7,1,0,14.3,14.3,0,0,0,2,16,0,1,5,0,0,0,,0.25,0.5,6.2,
当間重泰,2011-12,警視庁フォートファイターズ,3,8,4,4,0,100.0,100.0,0,0,0,1,23,2,4,6,0,0,0,,0.5,0.12,10.9,
当間重泰,2012-01,警視庁フォートファイターズ,3,10,0,0,0,,,0,0,0,0,14,1,4,8,0,0,0,,0.0,0.0,14.3,
当間重泰,2012-02,警視庁フォートファイターズ,3,2,0,0,0,,,0,0,0,0,2,0,1,0,0,0,0,,0.0,0.0,-12.5,
徳尾直哉,2011-12,トヨタ自動車サンホークス,6,10,111,36,13,32.4,20.7,42,9,7,2,28,4,7,3,34,23,0,21.4,3.6,0.2,10.7,67.6
徳尾直哉,2012-01,トヨタ自動車サンホークス,6,12,125,43,22,34.4,16.8,42,16,9,1,45,5,8,13,37,24,0,38.1,3.58,0.08,13.9,64.9
徳尾直哉,2012-02,トヨタ自動車サンホークス,6,9,84,33,9,39.3,28.6,30,13,3,3,32,6,4,14,13,9,0,43.3,3.67,0.33,26.6,69.2
折井拓也,2011-12,近畿クラブスフィーダ,5,14,0,0,0,,,0,0,0,0,0,0,0,0,121,79,0,,0.0,0.0,,65.3
折井拓也,2012-01,近畿クラブスフィーダ,5,9,0,0,0,,,0,0,0,0,0,0,0,0,68,38,0,,0.0,0.0,,55.9
早川紘司,2011-12,東京トヨペットグリーンスパークル,2,9,0,0,0,,,0,0,0,0,0,0,0,0,65,34,0,,0.0,0.0,,52.3
早川紘司,2012-01,東京トヨペットグリーンスパークル,2,10,0,0,0,,,0,0,0,0,4,0,2,0,44,22,0,,0.0,0.0,-12.5,50.0
早川紘司,2012-02,東京トヨペットグリーンスパークル,2,5,0,0,0,,,0,0,0,0,0,0,0,0,48,23,0,,0.0,0.0,,47.9
明石良介,2011-12,きんでんトリニティーブリッツ,3,16,127,66,12,52.0,42.5,35,13,5,4,66,5,12,13,1,0,0,37.1,4.12,0.25,8.0,0.0
明石良介,2012-01,きんでんトリニティーブリッツ,3,22,193,90,22,46.6,35.2,39,19,3,5,86,3,21,23,1,0,0,48.7,4.09,0.23,4.1,0.0
有薗亮平,2011-12,近畿クラブスフィーダ,18,4,0,0,0,,,0,0,0,0,5,0,1,1,0,0,0,,0.0,0.0,0.0,
有薗亮平,2012-01,近畿クラブスフィーダ,18,5,0,0,0,,,0,0,0,0,4,0,0,1,2,2,0,,0.0,0.0,6.2,100.0
有薗亮平,2012-02,近畿クラブスフィーダ,18,2,0,0,0,,,0,0,0,0,3,0,0,0,0,0,0,,0.0,0.0,0.0,
木村友宣,2011-12,トヨタ自動車サンホークス,15,10,0,0,0,,,0,0,0,0,0,0,0,0,65,39,0,,0.0,0.0,,60.0
木村友宣,2012-01,トヨタ自動車サンホークス,15,12,0,0,0,,,0,0,0,0,0,0,0,0,101,75,0,,0.0,0.0,,74.3
木村友宣,2012-02,トヨタ自動車サンホークス,15,9,0,0,0,,,0,0,0,0,0,0,0,0,98,60,0,,0.0,0.0,,61.2
本多尚也,2011-12,きんでんトリニティーブリッツ,17,16,98,44,9,44.9,35.7,7,4,0,9,54,3,7,6,95,77,0,57.1,2.75,0.56,5.1,81.1
本多尚也,2012-01,きんでんトリニティーブリッツ,17,22,122,48,14,39.3,27.9,11,5,1,5,78,4,9,15,162,108,0,45.5,2.18,0.23,7.1,66.7
李博,2011-12,つくばユナイテッドSunGAIA,5,7,22,14,2,63.6,54.5,0,0,0,4,17,1,3,0,1,1,0,,2.0,0.57,1.5,100.0
李博,2012-01,つくばユナイテッドSunGAIA,5,19,73,44,2,60.3,57.5,1,0,0,15,61,2,3,17,5,4,0,0.0,2.32,0.79,9.0,80.0
李博,2012-02,つくばユナイテッドSunGAIA,5,7,30,14,3,46.7,36.7,0,0,0,7,22,0,1,5,0,0,0,,2.0,1.0,4.5,
東條航,2011-12,警視庁フォートファイターズ,1,2,0,0,0,,,0,0,0,0,1,0,1,0,0,0,0,,0.0,0.0,-25.0,
松原広輔,2011-12,ジェイテクトSTINGS,10,5,33,16,0,48.5,48.5,6,1,0,5,16,1,3,10,16,13,0,16.7,3.2,1.0,17.2,81.2
松原広輔,2012-01,ジェイテクトSTINGS,10,15,50,29,3,58.0,52.0,6,3,2,7,48,5,11,23,55,32,0,50.0,1.93,0.47,16.7,58.2
松原広輔,2012-02,ジェイテクトSTINGS,10,4,21,12,2,57.1,47.6,2,1,1,2,15,2,4,8,15,8,0,50.0,3.0,0.5,20.0,53.3
松崎良輔,2011-12,ジェイテクトSTINGS,8,6,18,12,1,66.7,61.1,0,0,0,6,27,0,1,8,0,0,0,,2.0,1.0,6.5,
松崎良輔,2012-01,ジェイテクトSTINGS,8,4,12,3,1,25.0,16.7,0,0,0,1,9,0,0,1,0,0,0,,0.75,0.25,2.8,
松崎良輔,2012-02,ジェイテクトSTINGS,8,0,0,0,0,,,0,0,0,0,0,0,0,0,0,0,0,,,,,
松本幸博,2011-12,警視庁フォートファイターズ,6,15,73,29,11,39.7,24.7,10,4,1,2,65,4,4,19,116,81,0,40.0,1.93,0.13,11.9,69.8
松本幸博,2012-01,警視庁フォートファイターズ,6,0,0,0,0,,,0,0,0,0,0,0,0,0,0,0,0,,,,,
松本幸博,2012-02,警視庁フォートファイターズ,6,2,5,4,0,80.0,80.0,0,0,0,0,4,0,1,0,7,6,0,,2.0,0.0,-6.2,85.7
松本敬三,2011-12,東京トヨペットグリーンスパークル,16,12,65,16,8,24.6,12.3,1,0,1,0,26,1,5,6,65,42,0,0.0,1.33,0.0,4.8,64.6
松本敬三,2012-01,東京トヨペットグリーンスパークル,16,12,77,27,8,35.1,24.7,7,2,2,1,29,1,4,7,52,38,0,28.6,2.25,0.08,6.0,73.1
松本敬三,2012-02,東京トヨペットグリーンスパークル,16,8,39,13,6,33.3,17.9,3,1,1,0,23,0,2,9,22,9,0,33.3,1.62,0.0,7.6,40.9
松枝寿明,2011-12,東京トヨペットグリーンスパークル,11,0,0,0,0,,,0,0,0,0,0,0,0,0,0,0,0,,,,,
松枝寿明,2012-01,東京トヨペットグリーンスパークル,11,0,0,0,0,,,0,0,0,0,0,0,0,0,0,0,0,,,,,
松田将大,2011-12,東京ヴェルディ,32,1,0,0,0,,,0,0,0,0,1,0,1,0,0,0,0,,0.0,0.0,-25.0,
松田将大,2012-01,東京ヴェルディ,32,4,0,0,0,,,0,0,0,0,4,0,1,0,0,0,0,,0.0,0.0,-6.2,
松田将大,2012-02,東京ヴェルディ,32,4,0,0,0,,,0,0,0,0,5,0,0,3,0,0,0,,0.0,0.0,15.0,
松田祐和,2011-12,きんでんトリニティーブリッツ,18,16,60,29,5,48.3,40.0,0,0,0,3,44,1,8,4,0,0,0,,1.81,0.19,0.0,
松田祐和,2012-01,きんでんトリニティーブリッツ,18,15,56,20,11,35.7,16.1,0,0,0,1,38,1,5,8,2,1,0,,1.33,0.07,4.6,50.0
松野昭博,2011-12,富士通カワサキレッドスピリッツ,19,4,11,5,2,45.5,27.3,2,2,0,1,4,0,1,0,0,0,0,100.0,1.25,0.25,-6.2,
松野昭博,2012-01,富士通カワサキレッドスピリッツ,19,8,34,17,6,50.0,32.4,13,6,3,0,13,0,3,5,0,0,0,46.2,2.12,0.0,3.8,
松野昭博,2012-02,富士通カワサキレッドスピリッツ,19,5,17,9,1,52.9,47.1,4,3,0,0,8,0,1,3,0,0,0,75.0,1.8,0.0,6.2,
柴田恭平,2011-12,つくばユナイテッドSunGAIA,3,7,34,14,2,41.2,35.3,3,1,0,3,22,2,5,4,55,43,0,33.3,2.0,0.43,8.0,78.2
柴田恭平,2012-01,つくばユナイテッドSunGAIA,3,10,34,12,0,35.3,35.3,2,0,0,8,35,5,6,7,55,39,0,0.0,1.2,0.8,15.0,70.9
柴田恭平,2012-02,つくばユナイテッドSunGAIA,3,1,0,0,0,,,0,0,0,0,0,0,0,0,0,0,0,,0.0,0.0,,
栗栖徹,2011-12,兵庫デルフィーノ,12,7,0,0,0,,,0,0,0,0,0,0,0,0,100,63,0,,0.0,0.0,,63.0
栗栖徹,2012-01,兵庫デルフィーノ,12,17,0,0,0,,,0,0,0,0,0,0,0,0,138,81,0,,0.0,0.0,,58.7
栗栖徹,2012-02,兵庫デルフィーノ,12,4,0,0,0,,,0,0,0,0,0,0,0,0,19,11,0,,0.0,0.0,,57.9
根岸慎紘,2011-12,東京ヴェルディ,5,4,0,0,0,,,0,0,0,0,0,0,0,0,0,0,0,,0.0,0.0,,
根岸慎紘,2012-01,東京ヴェルディ,5,7,0,0,0,,,0,0,0,0,0,0,0,0,18,10,0,,0.0,0.0,,55.6
根岸慎紘,2012-02,東京ヴェルディ,5,7,0,0,0,,,0,0,0,0,0,0,0,0,25,15,0,,0.0,0.0,,60.0
梶野喜宏,2011-12,近畿クラブスフィーダ,2,13,16,4,0,25.0,25.0,0,0,0,4,49,0,1,13,1,1,0,,0.31,0.31,6.1,100.0
梶野喜宏,2012-01,近畿クラブスフィーダ,2,11,3,1,0,33.3,33.3,0,0,0,1,25,0,1,8,0,0,0,,0.09,0.09,7.0,
梶野喜宏,2012-02,近畿クラブスフィーダ,2,2,0,0,0,,,0,0,0,1,3,0,0,1,0,0,0,,0.0,0.5,8.3,
椿山竜介,2011-12,つくばユナイテッドSunGAIA,20,3,13,9,0,69.2,69.2,0,0,0,1,13,2,3,4,0,0,0,,3.0,0.33,17.3,
椿山竜介,2012-01,つくばユナイテッドSunGAIA,20,16,69,35,4,50.7,44.9,0,0,0,18,65,6,16,32,3,1,0,,2.19,1.12,15.4,33.3
椿山竜介,2012-02,つくばユナイテッドSunGAIA,20,7,34,17,4,50.0,38.2,1,0,1,3,17,0,7,5,0,0,0,0.0,2.43,0.43,-2.9,
横村益典,2011-12,東京ヴェルディ,4,3,3,2,0,66.7,66.7,0,0,0,0,5,0,1,2,2,0,0,,0.67,0.0,5.0,0.0
横村益典,2012-01,東京ヴェルディ,4,11,8,2,0,25.0,25.0,0,0,0,1,14,0,6,5,0,0,0,,0.18,0.09,-1.8,
横村益典,2012-02,東京ヴェルディ,4,7,38,16,2,42.1,36.8,9,6,1,3,18,1,8,2,7,1,0,66.7,2.29,0.43,-2.8,14.3
橋丘矩宗,2011-12,兵庫デルフィーノ,7,6,13,5,0,38.5,38.5,0,0,0,3,22,1,1,7,1,0,0,,0.83,0.5,11.4,0.0
橋丘矩宗,2012-01,兵庫デルフィーノ,7,15,24,9,5,37.5,16.7,0,0,0,0,28,0,0,10,0,0,0,,0.6,0.0,8.9,
橋丘矩宗,2012-02,兵庫デルフィーノ,7,4,9,6,0,66.7,66.7,0,0,0,1,12,0,1,5,0,0,0,,1.5,0.25,8.3,
橋本和浩,2011-12,東京トヨペットグリーンスパークル,12,11,49,14,4,28.6,20.4,1,0,1,6,19,1,1,5,1,1,0,0.0,1.27,0.55,10.5,100.0
橋本和浩,2012-01,東京トヨペットグリーンスパークル,12,15,82,35,5,42.7,36.6,0,0,0,4,26,1,1,5,2,2,0,,2.33,0.27,7.7,100.0
橋本和浩,2012-02,東京トヨペットグリーンスパークル,12,8,37,21,0,56.8,56.8,0,0,0,5,32,0,1,8,0,0,0,,2.62,0.62,5.5,
橋本峻介,2011-12,きんでんトリニティーブリッツ,19,4,3,2,0,66.7,66.7,0,0,0,0,12,1,1,1,0,0,0,,0.5,0.0,8.3,
橋本峻介,2012-01,きんでんトリニティーブリッツ,19,10,53,21,3,39.6,34.0,0,0,0,2,32,1,3,6,1,0,0,,2.1,0.2,5.5,0.0
毛利光生,2011-12,きんでんトリニティーブリッツ,20,11,12,3,0,25.0,25.0,0,0,0,4,26,0,3,6,0,0,0,,0.27,0.36,2.9,
毛利光生,2012-01,きんでんトリニティーブリッツ,20,18,11,6,0,54.5,54.5,0,0,0,1,41,0,2,14,2,0,0,,0.33,0.06,7.3,0.0
池田正一,2011-12,東京トヨペットグリーンスパークル,10,0,0,0,0,,,0,0,0,0,0,0,0,0,0,0,0,,,,,
池田正一,2012-01,東京トヨペットグリーンスパークル,10,0,0,0,0,,,0,0,0,0,0,0,0,0,0,0,0,,,,,
池田正一,2012-02,東京トヨペットグリーンスパークル,10,0,0,0,0,,,0,0,0,0,0,0,0,0,0,0,0,,,,,
浅岡遥太,2011-12,東京ヴェルディ,2,10,0,0,0,,,0,0,0,0,0,0,0,0,86,54,0,,0.0,0.0,,62.8
浅岡遥太,2012-01,東京ヴェルディ,2,13,0,0,0,,,0,0,0,0,0,0,0,0,38,27,0,,0.0,0.0,,71.1
浅岡遥太,2012-02,東京ヴェルディ,2,7,0,0,0,,,0,0,0,0,0,0,0,0,7,5,0,,0.0,0.0,,71.4
浅見冬樹,2011-12,東京トヨペットグリーンスパークル,5,12,2,2,0,100.0,100.0,0,0,0,0,22,0,1,3,1,0,0,,0.17,0.0,2.3,0.0
浅見冬樹,2012-01,東京トヨペットグリーンスパークル,5,1,0,0,0,,,0,0,0,0,0,0,0,0,0,0,0,,0.0,0.0,,
浅見冬樹,2012-02,東京トヨペットグリーンスパークル,5,4,2,2,0,100.0,100.0,0,0,0,0,8,0,1,3,0,0,0,,0.5,0.0,6.2,
浅野晶,2012-01,東京ヴェルディ,33,6,7,3,0,42.9,42.9,1,0,0,0,5,0,0,3,1,0,0,0.0,0.5,0.0,15.0,0.0
浅野晶,2012-02,東京ヴェルディ,33,6,40,20,2,50.0,45.0,1,0,0,3,20,0,1,8,62,40,0,0.0,3.33,0.5,8.8,64.5
浜田翔太,2011-12,東京ヴェルディ,34,4,18,9,1,50.0,44.4,0,0,0,1,12,2,1,1,35,19,0,,2.25,0.25,16.7,54.3
浜田翔太,2012-01,東京ヴェルディ,34,10,42,19,2,45.2,40.5,0,0,0,4,22,2,4,4,62,48,0,,1.9,0.4,9.1,77.4
浜田翔太,2012-02,東京ヴェルディ,34,5,3,2,1,66.7,33.3,1,0,1,1,17,0,1,7,0,0,0,0.0,0.4,0.2,8.8,
浦田哲平,2011-12,兵庫デルフィーノ,19,2,0,0,0,,,0,0,0,0,3,0,0,1,0,0,0,,0.0,0.0,8.3,
浦田哲平,2012-01,兵庫デルフィーノ,19,6,1,1,0,100.0,100.0,0,0,0,0,10,1,1,1,0,0,0,,0.17,0.0,10.0,
浦田哲平,2012-02,兵庫デルフィーノ,19,5,0,0,0,,,0,0,0,1,10,1,0,2,0,0,0,,0.0,0.2,15.0,
淡田智行,2011-12,大同特殊鋼レッドスター,9,7,2,1,0,50.0,50.0,0,0,0,1,35,1,3,9,0,0,0,,0.14,0.14,7.1,
淡田智行,2012-01,大同特殊鋼レッドスター,9,18,4,2,1,50.0,25.0,0,0,0,2,68,1,3,21,1,0,0,,0.11,0.11,8.1,0.0
淡田智行,2012-02,大同特殊鋼レッドスター,9,2,1,0,1,0.0,-100.0,0,0,0,0,6,0,0,2,0,0,0,,0.0,0.0,8.3,
清水大輔,2011-12,警視庁フォートファイターズ,2,15,48,17,3,35.4,29.2,0,0,0,15,30,1,3,4,1,0,0,,1.13,1.0,4.2,0.0
清水大輔,2012-01,警視庁フォートファイターズ,2,14,51,21,4,41.2,33.3,1,1,0,11,40,1,1,10,0,0,0,100.0,1.5,0.79,8.1,
清水大輔,2012-02,警視庁フォートファイターズ,2,3,10,5,0,50.0,50.0,0,0,0,2,10,0,0,1,0,0,0,,1.67,0.67,2.5,
清野真一,2011-12,ジェイテクトSTINGS,4,0,0,0,0,,,0,0,0,0,0,0,0,0,0,0,0,,,,,
清野真一,2012-01,ジェイテクトSTINGS,4,7,0,0,0,,,0,0,0,0,10,0,5,3,0,0,0,,0.0,0.0,-5.0,
渡辺聖太,2011-12,富士通カワサキレッドスピリッツ,13,6,1,1,0,100.0,100.0,0,0,0,0,11,1,1,4,0,0,0,,0.17,0.0,15.9,
渡辺聖太,2012-01,富士通カワサキレッドスピリッツ,13,19,3,0,0,0.0,0.0,0,0,0,2,34,0,5,9,0,0,0,,0.0,0.11,2.9,
渡辺聖太,2012-02,富士通カワサキレッドスピリッツ,13,6,3,0,0,0.0,0.0,0,0,0,0,11,0,2,3,0,0,0,,0.0,0.0,2.3,
渡邉敬太,2011-12,トヨタ自動車サンホークス,4,10,57,17,7,29.8,17.5,4,1,0,1,28,0,5,8,65,32,0,25.0,1.7,0.1,2.7,49.2
渡邉敬太,2012-01,トヨタ自動車サンホークス,4,12,85,35,6,41.2,34.1,10,4,3,2,40,1,4,14,88,46,0,40.0,2.92,0.17,8.8,52.3
渡邉敬太,2012-02,トヨタ自動車サンホークス,4,9,52,23,6,44.2,32.7,9,4,2,0,25,0,2,11,32,23,0,44.4,2.56,0.0,9.0,71.9
溝口信二,2011-12,東京ヴェルディ,21,10,29,15,2,51.7,44.8,0,0,0,4,31,3,7,7,4,0,0,,1.5,0.4,9.7,0.0
溝口信二,2012-01,東京ヴェルディ,21,12,32,13,2,40.6,34.4,0,0,0,11,24,0,6,2,0,0,0,,1.08,0.92,-4.2,
溝口信二,2012-02,東京ヴェルディ,21,7,18,9,1,50.0,44.4,0,0,0,5,11,0,2,1,1,0,0,,1.29,0.71,-2.3,0.0
濱口純一,2011-12,東京ヴェルディ,1,7,24,5,2,20.8,12.5,0,0,0,5,29,1,1,8,56,43,0,,0.71,0.71,9.5,76.8
濱口純一,2012-01,東京ヴェルディ,1,13,12,5,1,41.7,33.3,1,0,0,2,35,1,1,11,90,60,0,0.0,0.38,0.15,10.0,66.7
濱口純一,2012-02,東京ヴェルディ,1,6,1,1,0,100.0,100.0,0,0,0,0,13,0,0,4,11,4,0,,0.17,0.0,7.7,36.4
片渕貴史,2011-12,近畿クラブスフィーダ,11,5,11,5,0,45.5,45.5,0,0,0,1,12,0,1,4,0,0,0,,1.0,0.2,6.2,
片渕貴史,2012-01,近畿クラブスフィーダ,11,6,3,0,0,0.0,0.0,1,0,0,0,9,0,0,3,0,0,0,0.0,0.0,0.0,8.3,
田中佑輔,2012-01,近畿クラブスフィーダ,12,3,0,0,0,,,0,0,0,0,4,0,2,1,0,0,0,,0.0,0.0,-6.2,
田中淳一,2011-12,東京トヨペットグリーンスパークル,9,5,0,0,0,,,0,0,0,0,4,0,1,0,3,3,0,,0.0,0.0,-6.2,100.0
田中淳一,2012-01,東京トヨペットグリーンスパークル,9,6,4,0,2,0.0,-50.0,0,0,0,1,3,0,0,0,4,3,0,,0.0,0.17,0.0,75.0
田中淳一,2012-02,東京トヨペットグリーンスパークル,9,5,0,0,0,,,0,0,0,0,1,0,0,0,4,1,0,,0.0,0.0,0.0,25.0
田中紀幸,2011-12,富士通カワサキレッドスピリッツ,3,3,11,6,3,54.5,27.3,1,1,0,2,7,1,0,3,9,5,0,100.0,2.0,0.67,25.0,55.6
田中紀幸,2012-01,富士通カワサキレッドスピリッツ,3,13,59,22,8,37.3,23.7,6,2,1,0,30,2,8,5,72,48,0,33.3,1.69,0.0,4.2,66.7
田中紀幸,2012-02,富士通カワサキレッドスピリッツ,3,2,8,4,0,50.0,50.0,1,0,0,1,5,0,1,1,9,5,0,0.0,2.0,0.5,0.0,55.6
田中紳太,2011-12,大同特殊鋼レッドスター,3,0,0,0,0,,,0,0,0,0,0,0,0,0,0,0,0,,,,,
田中紳太,2012-01,大同特殊鋼レッドスター,3,0,0,0,0,,,0,0,0,0,0,0,0,0,0,0,0,,,,,
田口譲治,2012-01,東京ヴェルディ,31,1,0,0,0,,,0,0,0,0,1,0,0,0,0,0,0,,0.0,0.0,0.0,
田端久貴,2011-12,東京トヨペットグリーンスパークル,14,5,14,6,2,42.9,28.6,0,0,0,1,20,1,1,5,0,0,0,,1.2,0.2,10.0,
田端久貴,2012-01,東京トヨペットグリーンスパークル,14,7,32,14,5,43.8,28.1,0,0,0,2,18,1,0,2,1,1,0,,2.0,0.29,8.3,100.0
田端久貴,2012-02,東京トヨペットグリーンスパークル,14,5,19,6,2,31.6,21.1,0,0,0,2,7,0,0,2,2,1,0,,1.2,0.4,7.1,50.0
白川佑樹,2011-12,兵庫デルフィーノ,2,7,79,31,2,39.2,36.7,15,6,0,3,36,3,7,7,5,2,0,40.0,4.43,0.43,8.3,40.0
白川佑樹,2012-01,兵庫デルフィーノ,2,14,92,34,12,37.0,23.9,16,6,2,1,53,2,10,21,7,4,0,37.5,2.43,0.07,9.0,57.1
白川佑樹,2012-02,兵庫デルフィーノ,2,3,7,3,0,42.9,42.9,3,0,0,0,4,0,1,0,4,2,0,0.0,1.0,0.0,-6.2,50.0
白川雅貴,2011-12,兵庫デルフィーノ,20,7,3,1,0,33.3,33.3,0,0,0,0,20,0,1,2,1,0,0,,0.14,0.0,1.2,0.0
白川雅貴,2012-01,兵庫デルフィーノ,20,20,3,1,0,33.3,33.3,0,0,0,3,61,1,5,11,0,0,0,,0.05,0.15,4.1,
白川雅貴,2012-02,兵庫デルフィーノ,20,6,2,1,0,50.0,50.0,0,0,0,0,16,0,1,5,0,0,0,,0.17,0.0,6.2,
矢島優一,2011-12,きんでんトリニティーブリッツ,23,1,0,0,0,,,0,0,0,0,0,0,0,0,0,0,0,,0.0,0.0,,
矢野諒介,2011-12,つくばユナイテッドSunGAIA,15,3,0,0,0,,,0,0,0,0,5,0,1,1,0,0,0,,0.0,0.0,0.0,
矢野諒介,2012-01,つくばユナイテッドSunGAIA,15,7,0,0,0,,,0,0,0,1,12,0,0,6,0,0,0,,0.0,0.14,12.5,
矢野諒介,2012-02,つくばユナイテッドSunGAIA,15,0,0,0,0,,,0,0,0,0,0,0,0,0,0,0,0,,,,,
石川俊輔,2011-12,警視庁フォートファイターズ,8,15,0,0,0,,,0,0,0,0,0,0,0,0,77,60,0,,0.0,0.0,,77.9
石川俊輔,2012-01,警視庁フォートファイターズ,8,17,0,0,0,,,0,0,0,0,0,0,0,0,85,73,0,,0.0,0.0,,85.9
石川俊輔,2012-02,警視庁フォートファイターズ,8,3,0,0,0,,,0,0,0,0,0,0,0,0,20,14,0,,0.0,0.0,,70.0
石木裕也,2011-12,兵庫デルフィーノ,18,0,0,0,0,,,0,0,0,0,0,0,0,0,0,0,0,,,,,
石木裕也,2012-01,兵庫デルフィーノ,18,3,1,0,0,0.0,0.0,0,0,0,0,0,0,0,0,0,0,0,,0.0,0.0,,
石木裕也,2012-02,兵庫デルフィーノ,18,1,0,0,0,,,0,0,0,0,1,0,0,0,0,0,0,,0.0,0.0,0.0,
石田敬喜,2011-12,ジェイテクトSTINGS,9,5,39,17,3,43.6,35.9,10,4,1,3,29,0,0,11,22,14,0,40.0,3.4,0.6,9.5,63.6
石田敬喜,2012-01,ジェイテクトSTINGS,9,9,55,23,5,41.8,32.7,9,3,2,2,30,0,2,8,68,46,0,33.3,2.56,0.22,5.0,67.6
石田敬喜,2012-02,ジェイテクトSTINGS,9,1,4,1,0,25.0,25.0,0,0,0,0,5,1,0,2,5,3,0,,1.0,0.0,30.0,60.0
石田裕矢,2011-12,トヨタ自動車サンホークス,3,4,8,2,1,25.0,12.5,0,0,0,1,8,1,1,1,1,1,0,,0.5,0.25,12.5,100.0
石田裕矢,2012-01,トヨタ自動車サンホークス,3,6,8,2,2,25.0,0.0,0,0,0,7,14,0,0,2,1,0,0,,0.33,1.17,3.6,0.0
石田裕矢,2012-02,トヨタ自動車サンホークス,3,1,1,0,0,0.0,0.0,0,0,0,1,2,0,0,0,0,0,0,,0.0,1.0,0.0,
神山哲郎,2011-12,富士通カワサキレッドスピリッツ,4,0,0,0,0,,,0,0,0,0,0,0,0,0,0,0,0,,,,,
神山哲郎,2012-01,富士通カワサキレッドスピリッツ,4,4,13,6,2,46.2,30.8,3,1,2,1,10,0,0,3,19,10,0,33.3,1.5,0.25,7.5,52.6
神山哲郎,2012-02,富士通カワサキレッドスピリッツ,4,5,21,13,2,61.9,52.4,0,0,0,2,19,0,2,5,30,18,0,,2.6,0.4,3.9,60.0
福田健太,2011-12,警視庁フォートファイターズ,4,15,38,17,3,44.7,36.8,0,0,0,16,52,1,3,21,0,0,0,,1.13,1.07,10.6,
福田健太,2012-01,警視庁フォートファイターズ,4,17,47,17,3,36.2,29.8,0,0,0,10,66,1,3,21,1,1,0,,1.0,0.59,8.3,100.0
福田健太,2012-02,警視庁フォートファイターズ,4,3,9,3,1,33.3,22.2,0,0,0,0,17,0,2,4,0,0,0,,1.0,0.0,2.9,
福竹陽平,2011-12,兵庫デルフィーノ,11,2,0,0,0,,,0,0,0,0,2,0,2,0,0,0,0,,0.0,0.0,-25.0,
福竹陽平,2012-01,兵庫デルフィーノ,11,5,8,1,1,12.5,0.0,1,0,0,0,4,1,3,0,0,0,0,0.0,0.2,0.0,6.2,
福竹陽平,2012-02,兵庫デルフィーノ,11,5,37,16,5,43.2,29.7,2,1,0,0,12,0,6,3,7,3,0,50.0,3.2,0.0,-6.2,42.9
竹永大樹,2011-12,兵庫デルフィーノ,9,2,1,1,0,100.0,100.0,0,0,0,0,1,0,1,0,2,1,0,,0.5,0.0,-25.0,50.0
竹永大樹,2012-01,兵庫デルフィーノ,9,16,56,25,8,44.6,30.4,1,0,1,4,37,0,4,10,69,40,0,0.0,1.56,0.25,4.1,58.0
竹永大樹,2012-02,兵庫デルフィーノ,9,4,21,8,2,38.1,28.6,1,0,0,1,13,0,1,1,36,20,0,0.0,2.0,0.25,0.0,55.6
竹田昭徳,2011-12,東京ヴェルディ,28,0,0,0,0,,,0,0,0,0,0,0,0,0,0,0,0,,,,,
竹腰晃明,2011-12,兵庫デルフィーノ,10,1,0,0,0,,,0,0,0,0,0,0,0,0,0,0,0,,0.0,0.0,,
竹腰晃明,2012-01,兵庫デルフィーノ,10,6,0,0,0,,,0,0,0,0,5,0,1,1,0,0,0,,0.0,0.0,0.0,
竹腰晃明,2012-02,兵庫デルフィーノ,10,1,0,0,0,,,0,0,0,0,0,0,0,0,0,0,0,,0.0,0.0,,
脇戸新之助,2011-12,東京ヴェルディ,3,2,2,2,0,100.0,100.0,0,0,0,0,6,0,1,2,0,0,0,,1.0,0.0,4.2,
脇戸新之助,2012-01,東京ヴェルディ,3,1,0,0,0,,,0,0,0,0,1,0,0,1,0,0,0,,0.0,0.0,25.0,
興梠亮,2011-12,ジェイテクトSTINGS,12,9,0,0,0,,,0,0,0,0,0,0,0,0,43,33,0,,0.0,0.0,,76.7
興梠亮,2012-01,ジェイテクトSTINGS,12,20,0,0,0,,,0,0,0,0,0,0,0,0,91,59,0,,0.0,0.0,,64.8
興梠亮,2012-02,ジェイテクトSTINGS,12,4,0,0,0,,,0,0,0,0,0,0,0,0,29,16,0,,0.0,0.0,,55.2
芳賀広大,2011-12,つくばユナイテッドSunGAIA,23,3,0,0,0,,,0,0,0,0,0,0,0,0,0,0,0,,0.0,0.0,,
芳賀広大,2012-01,つくばユナイテッドSunGAIA,23,19,0,0,0,,,0,0,0,0,0,0,0,0,1,1,0,,0.0,0.0,,100.0
芳賀広大,2012-02,つくばユナイテッドSunGAIA,23,7,0,0,0,,,0,0,0,0,0,0,0,0,0,0,0,,0.0,0.0,,
若山智昭,2011-12,ジェイテクトSTINGS,15,6,37,20,3,54.1,45.9,16,8,2,0,31,0,1,8,1,1,0,50.0,3.33,0.0,5.6,100.0
若山智昭,2012-01,ジェイテクトSTINGS,15,15,101,47,7,46.5,39.6,31,12,3,5,52,0,0,15,0,0,0,38.7,3.13,0.33,7.2,
若山智昭,2012-02,ジェイテクトSTINGS,15,0,0,0,0,,,0,0,0,0,0,0,0,0,0,0,0,,,,,
荒川崇,2011-12,東京トヨペットグリーンスパークル,15,5,0,0,0,,,0,0,0,0,1,0,0,0,2,1,0,,0.0,0.0,0.0,50.0
荒川崇,2012-01,東京トヨペットグリーンスパークル,15,16,8,2,0,25.0,25.0,0,0,0,3,49,0,0,8,2,0,0,,0.12,0.19,4.1,0.0
荒川崇,2012-02,東京トヨペットグリーンスパークル,15,7,3,1,0,33.3,33.3,0,0,0,0,15,1,0,6,0,0,0,,0.14,0.0,16.7,
菊池孝一,2011-12,つくばユナイテッドSunGAIA,1,7,9,5,1,55.6,44.4,0,0,0,3,19,0,5,6,1,0,0,,0.71,0.43,1.3,0.0
菊池孝一,2012-01,つくばユナイテッドSunGAIA,1,6,8,6,0,75.0,75.0,0,0,0,1,9,0,1,2,0,0,0,,1.0,0.17,2.8,
藤島謙裕,2011-12,きんでんトリニティーブリッツ,9,11,0,0,0,,,0,0,0,0,0,0,0,0,58,43,0,,0.0,0.0,,74.1
藤島謙裕,2012-01,きんでんトリニティーブリッツ,9,0,0,0,0,,,0,0,0,0,0,0,0,0,0,0,0,,,,,
藤森圭,2011-12,富士通カワサキレッドスピリッツ,17,6,0,0,0,,,0,0,0,0,0,0,0,0,25,16,0,,0.0,0.0,,64.0
藤森圭,2012-01,富士通カワサキレッドスピリッツ,17,24,0,0,0,,,0,0,0,0,0,0,0,0,97,72,0,,0.0,0.0,,74.2
藤森圭,2012-02,富士通カワサキレッドスピリッツ,17,7,0,0,0,,,0,0,0,0,0,0,0,0,30,24,0,,0.0,0.0,,80.0
西片圭佑,2011-12,東京トヨペットグリーンスパークル,8,11,42,14,6,33.3,19.0,11,3,2,0,25,1,2,8,2,0,0,27.3,1.27,0.0,10.0,0.0
西片圭佑,2012-01,東京トヨペットグリーンスパークル,8,16,63,13,9,20.6,6.3,7,2,3,0,34,4,7,10,9,4,0,28.6,0.81,0.0,14.0,44.4
西片圭佑,2012-02,東京トヨペットグリーンスパークル,8,7,31,17,5,54.8,38.7,4,1,2,0,17,2,1,5,7,1,0,25.0,2.43,0.0,17.6,14.3
豊田昇平,2011-12,ジェイテクトSTINGS,5,4,4,1,0,25.0,25.0,0,0,0,0,17,0,1,9,0,0,0,,0.25,0.0,11.8,
豊田昇平,2012-01,ジェイテクトSTINGS,5,2,0,0,0,,,0,0,0,0,1,0,0,1,0,0,0,,0.0,0.0,25.0,
豊田昇平,2012-02,ジェイテクトSTINGS,5,1,0,0,0,,,0,0,0,0,0,0,0,0,0,0,0,,0.0,0.0,,
赤木貴雅,2011-12,つくばユナイテッドSunGAIA,13,3,7,2,2,28.6,0.0,0,0,0,1,10,0,1,2,35,26,0,,0.67,0.33,2.5,74.3
赤木貴雅,2012-02,つくばユナイテッドSunGAIA,13,1,0,0,0,,,0,0,0,0,1,0,0,1,0,0,0,,0.0,0.0,25.0,
赤澤直樹,2012-01,大同特殊鋼レッドスター,7,14,4,3,0,75.0,75.0,0,0,0,2,42,1,3,15,0,0,0,,0.21,0.14,9.5,
赤澤直樹,2012-02,大同特殊鋼レッドスター,7,3,3,1,0,33.3,33.3,0,0,0,0,8,0,0,0,0,0,0,,0.33,0.0,0.0,
辰巳佳靖,2011-12,大同特殊鋼レッドスター,6,7,49,28,4,57.1,49.0,17,7,2,4,16,2,3,6,1,1,0,41.2,4.0,0.57,17.2,100.0
辰巳佳靖,2012-01,大同特殊鋼レッドスター,6,23,223,104,18,46.6,38.6,87,44,7,15,64,3,12,15,0,0,0,50.6,4.52,0.65,5.9,
辰巳佳靖,2012-02,大同特殊鋼レッドスター,6,4,51,21,2,41.2,37.3,15,7,0,3,11,0,2,0,0,0,0,46.7,5.25,0.75,-4.5,
辰巳正敏,2011-12,ジェイテクトSTINGS,17,3,6,3,0,50.0,50.0,2,1,0,0,2,0,0,2,3,1,0,50.0,1.0,0.0,25.0,33.3
辰巳正敏,2012-01,ジェイテクトSTINGS,17,9,0,0,0,,,0,0,0,0,14,0,6,3,0,0,0,,0.0,0.0,-5.4,
辰巳正敏,2012-02,ジェイテクトSTINGS,17,3,0,0,0,,,0,0,0,0,3,0,1,2,0,0,0,,0.0,0.0,8.3,
野澤真,2011-12,富士通カワサキレッドスピリッツ,23,1,0,0,0,,,0,0,0,0,2,0,0,0,0,0,0,,0.0,0.0,0.0,
野澤真,2012-02,富士通カワサキレッドスピリッツ,23,1,0,0,0,,,0,0,0,0,1,0,0,0,0,0,0,,0.0,0.0,0.0,
金丸将大,2011-12,警視庁フォートファイターズ,25,15,121,62,6,51.2,46.3,44,24,4,11,58,5,10,18,0,0,0,54.5,4.13,0.73,12.1,
金丸将大,2012-01,警視庁フォートファイターズ,25,10,75,39,6,52.0,44.0,28,15,3,5,35,2,8,11,0,0,0,53.6,3.9,0.5,7.9,
金丸将大,2012-02,警視庁フォートファイターズ,25,0,0,0,0,,,0,0,0,0,0,0,0,0,0,0,0,,,,,
金丸晃大,2011-12,ジェイテクトSTINGS,2,7,21,12,1,57.1,52.4,0,0,0,11,22,1,0,7,1,1,0,,1.71,1.57,12.5,100.0
金丸晃大,2012-01,ジェイテクトSTINGS,2,20,62,44,3,71.0,66.1,0,0,0,15,73,1,1,21,5,3,0,,2.2,0.75,8.2,60.0
金丸晃大,2012-02,ジェイテクトSTINGS,2,4,12,7,1,58.3,50.0,0,0,0,1,20,1,2,2,3,0,0,,1.75,0.25,5.0,0.0
鈴木雅史,2011-12,警視庁フォートファイターズ,20,5,0,0,0,,,0,0,0,0,0,0,0,0,0,0,0,,0.0,0.0,,
鈴木雅史,2012-01,警視庁フォートファイターズ,20,9,5,2,2,40.0,0.0,0,0,0,0,2,0,0,0,1,1,0,,0.22,0.0,0.0,100.0
鈴木雅史,2012-02,警視庁フォートファイターズ,20,2,0,0,0,,,0,0,0,0,0,0,0,0,0,0,0,,0.0,0.0,,
長友真伍,2012-01,ジェイテクトSTINGS,16,0,0,0,0,,,0,0,0,0,0,0,0,0,0,0,0,,,,,
長友真伍,2012-02,ジェイテクトSTINGS,16,0,0,0,0,,,0,0,0,0,0,0,0,0,0,0,0,,,,,
間瀬公平,2011-12,東京ヴェルディ,19,10,24,11,1,45.8,41.7,0,0,0,4,36,2,3,8,5,4,0,,1.1,0.4,9.0,80.0
間瀬公平,2012-01,東京ヴェルディ,19,12,36,20,1,55.6,52.8,0,0,0,7,44,0,3,16,2,2,0,,1.67,0.58,7.4,100.0
間瀬公平,2012-02,東京ヴェルディ,19,7,21,10,0,47.6,47.6,0,0,0,2,29,1,0,16,2,1,0,,1.43,0.29,17.2,50.0
飯塚俊彦,2011-12,東京ヴェルディ,14,2,4,3,1,75.0,50.0,3,2,1,0,3,0,1,0,0,0,0,66.7,1.5,0.0,-8.3,
飯塚俊彦,2012-01,東京ヴェルディ,14,5,13,8,2,61.5,46.2,4,2,2,0,6,0,1,3,0,0,0,50.0,1.6,0.0,8.3,
飯塚俊彦,2012-02,東京ヴェルディ,14,1,15,7,1,46.7,40.0,7,2,1,0,6,1,1,1,0,0,0,28.6,7.0,0.0,16.7,
馬場信介,2011-12,大同特殊鋼レッドスター,10,5,17,6,0,35.3,35.3,0,0,0,0,16,1,1,5,30,12,0,,1.2,0.0,12.5,40.0
馬場信介,2012-01,大同特殊鋼レッドスター,10,10,26,9,1,34.6,30.8,0,0,0,0,18,0,2,5,58,34,0,,0.9,0.0,4.2,58.6
馬場信介,2012-02,大同特殊鋼レッドスター,10,2,8,3,1,37.5,25.0,0,0,0,0,4,1,0,1,14,12,0,,1.5,0.0,31.2,85.7
馬場裕峰,2011-12,東京トヨペットグリーンスパークル,3,12,71,25,6,35.2,26.8,14,2,1,4,33,1,2,13,67,35,0,14.3,2.08,0.33,11.4,52.2
馬場裕峰,2012-01,東京トヨペットグリーンスパークル,3,16,94,35,12,37.2,24.5,20,4,6,1,52,3,7,13,64,44,0,20.0,2.19,0.06,8.7,68.8
馬場裕峰,2012-02,東京トヨペットグリーンスパークル,3,8,35,5,6,14.3,-2.9,2,0,1,1,22,0,3,7,34,19,0,0.0,0.62,0.12,4.5,55.9
高橋寛記,2011-12,つくばユナイテッドSunGAIA,17,6,8,5,1,62.5,50.0,1,0,1,0,21,0,1,6,0,0,0,0.0,0.83,0.0,6.0,
高橋寛記,2012-01,つくばユナイテッドSunGAIA,17,7,4,1,1,25.0,0.0,1,0,0,1,25,1,4,8,0,0,0,0.0,0.14,0.14,8.0,
高橋寛記,2012-02,つくばユナイテッドSunGAIA,17,2,0,0,0,,,0,0,0,0,2,0,1,1,0,0,0,,0.0,0.0,0.0,
高橋慎治,2011-12,ジェイテクトSTINGS,6,5,1,1,0,100.0,100.0,0,0,0,1,21,4,3,7,0,0,0,,0.2,0.2,23.8,
高橋慎治,2012-01,ジェイテクトSTINGS,6,20,5,1,0,20.0,20.0,0,0,0,3,83,6,12,21,0,0,0,,0.05,0.15,9.9,
高橋慎治,2012-02,ジェイテクトSTINGS,6,4,0,0,0,,,0,0,0,1,11,0,2,7,0,0,0,,0.0,0.25,11.4,
高橋正,2011-12,きんでんトリニティーブリッツ,8,1,0,0,0,,,0,0,0,0,0,0,0,0,0,0,0,,0.0,0.0,,
高橋正,2012-01,きんでんトリニティーブリッツ,8,6,8,2,1,25.0,12.5,2,0,1,0,1,0,0,0,0,0,0,0.0,0.33,0.0,0.0,
高橋洋史,2011-12,東京ヴェルディ,6,3,1,1,0,100.0,100.0,0,0,0,1,6,0,0,2,1,0,0,,0.33,0.33,8.3,0.0
高橋賢行,2011-12,東京ヴェルディ,8,10,98,39,4,39.8,35.7,32,9,1,5,44,2,4,8,0,0,0,28.1,3.9,0.5,6.8,
高橋賢行,2012-01,東京ヴェルディ,8,13,125,45,8,36.0,29.6,38,14,2,5,44,1,6,14,0,0,0,36.8,3.46,0.38,6.8,
高橋賢行,2012-02,東京ヴェルディ,8,2,11,4,1,36.4,27.3,2,1,0,0,6,0,2,2,0,0,0,50.0,2.0,0.0,0.0,
鮎川輝丈,2011-12,きんでんトリニティーブリッツ,7,16,64,27,9,42.2,28.1,2,1,0,3,64,2,6,15,125,90,0,50.0,1.69,0.19,6.6,72.0
鮎川輝丈,2012-01,きんでんトリニティーブリッツ,7,22,78,32,11,41.0,26.9,1,0,0,2,83,2,8,29,133,97,0,0.0,1.45,0.09,8.7,72.9
齋藤義人,2011-12,大同特殊鋼レッドスター,14,1,0,0,0,,,0,0,0,0,3,0,0,1,0,0,0,,0.0,0.0,8.3,
齋藤義人,2012-01,大同特殊鋼レッドスター,14,6,0,0,0,,,0,0,0,0,9,0,1,2,0,0,0,,0.0,0.0,2.8,
齋藤義人,2012-02,大同特殊鋼レッドスター,14,2,0,0,0,,,0,0,0,0,3,0,0,0,0,0,0,,0.0,0.0,0.0,
