試合日,年月,月,チーム,相手チーム,背番号,リベロ,名前,出場数,1,2,3,4,5,アタック打数,アタック得点,アタック失点,アタック決定率,アタック効果率,アタックセット平均,バックアタック打数,バックアタック得点,バックアタック失点,バックアタック決定率,ブロック得点,ブロックセット平均,サーブ打数,サーブ得点,サーブ失点,サーブ効果,サーブ効果率,受数,サーブレシーブ成功・優,サーブレシーブ成功・良,サーブレシーブ成功率,総得点
2017-02-18,2017-02,2,豊田合成トレフェルサ,パナソニックパンサーズ,1,,山田脩造,3,■,■,■,,,13,7,2,53.8,38.5,2.33,0,0,0,-,2,0.67,10,1,1,5,20.5,25,14,0,56.0,10
2017-02-18,2017-02,2,豊田合成トレフェルサ,パナソニックパンサーズ,2,,山近哲,0,,,,,,0,0,0,,,-,0,0,0,-,0,-,0,0,0,0,-,0,0,0,-,0
2017-02-18,2017-02,2,豊田合成トレフェルサ,パナソニックパンサーズ,4,,内山正平,3,■,■,■,,,2,2,0,100.0,100.0,0.67,0,0,0,-,0,-,9,0,0,1,2.8,0,0,0,-,2
2017-02-18,2017-02,2,豊田合成トレフェルサ,パナソニックパンサーズ,5,,前田一誠,0,,,,,,0,0,0,,,-,0,0,0,-,0,-,0,0,0,0,-,0,0,0,-,0
2017-02-18,2017-02,2,豊田合成トレフェルサ,パナソニックパンサーズ,6,,近裕崇,3,■,■,■,,,6,3,0,50.0,50.0,1.00,0,0,0,-,0,-,19,1,0,8,14.7,0,0,0,-,4
2017-02-18,2017-02,2,豊田合成トレフェルサ,パナソニックパンサーズ,10,L,古賀幸一郎,3,●,●,●,,,0,0,0,,,-,0,0,0,-,0,-,0,0,0,0,-,9,6,0,66.7,0
2017-02-18,2017-02,2,豊田合成トレフェルサ,パナソニックパンサーズ,11,,傳田亮太,3,■,■,■,,,1,1,0,100.0,100.0,0.33,0,0,0,-,3,1.00,10,0,1,5,12.5,0,0,0,-,4
2017-02-18,2017-02,2,豊田合成トレフェルサ,パナソニックパンサーズ,12,,高松卓矢,3,■,■,■,,,11,7,0,63.6,63.6,2.33,0,0,0,-,1,0.33,11,0,1,6,13.6,7,3,0,42.9,8
2017-02-18,2017-02,2,豊田合成トレフェルサ,パナソニックパンサーズ,13,,岡本秀明,1,,,□,,,0,0,0,,,-,0,0,0,-,0,-,1,0,0,0,0.0,0,0,0,-,0
2017-02-18,2017-02,2,豊田合成トレフェルサ,パナソニックパンサーズ,14,,椿山竜介,1,□,,,,,0,0,0,,,-,0,0,0,-,0,-,1,0,1,0,0.0,0,0,0,-,0
2017-02-18,2017-02,2,豊田合成トレフェルサ,パナソニックパンサーズ,15,,オムルチェンイゴール,3,■,■,■,,,37,24,1,64.9,62.2,8.00,15,9,1,60.0,0,-,12,0,5,5,10.4,0,0,0,-,24
2017-02-18,2017-02,2,豊田合成トレフェルサ,パナソニックパンサーズ,16,L,黒澤雄介,0,,,,,,0,0,0,,,-,0,0,0,-,0,-,0,0,0,0,-,0,0,0,-,0
2017-02-18,2017-02,2,豊田合成トレフェルサ,パナソニックパンサーズ,20,,川口太一,2,,□,□,,,0,0,0,,,-,0,0,0,-,0,-,0,0,0,0,-,2,1,0,50.0,0
2017-02-18,2017-02,2,豊田合成トレフェルサ,パナソニックパンサーズ,21,,細中久里寿,0,,,,,,0,0,0,,,-,0,0,0,-,0,-,0,0,0,0,-,0,0,0,-,0
2017-02-18,2017-02,2,パナソニックパンサーズ,豊田合成トレフェルサ,1,,清水邦広,1,,,□,,,1,1,0,100.0,100.0,1.00,0,0,0,-,0,-,0,0,0,0,-,0,0,0,-,1
2017-02-18,2017-02,2,パナソニックパンサーズ,豊田合成トレフェルサ,2,,深津英臣,3,■,■,■,,,1,0,0,0.0,0.0,-,0,0,0,-,0,-,7,0,0,5,17.9,0,0,0,-,0
2017-02-18,2017-02,2,パナソニックパンサーズ,豊田合成トレフェルサ,5,,渡辺奏吾,0,,,,,,0,0,0,,,-,0,0,0,-,0,-,0,0,0,0,-,0,0,0,-,0
2017-02-18,2017-02,2,パナソニックパンサーズ,豊田合成トレフェルサ,6,,白澤健児,3,■,■,■,,,6,2,0,33.3,33.3,0.67,0,0,0,-,1,0.33,11,0,1,2,4.5,0,0,0,-,3
2017-02-18,2017-02,2,パナソニックパンサーズ,豊田合成トレフェルサ,7,,久原翼,3,□,□,□,,,4,2,1,50.0,25.0,0.67,0,0,0,-,0,-,2,0,1,0,0.0,7,0,0,0.0,2
2017-02-18,2017-02,2,パナソニックパンサーズ,豊田合成トレフェルサ,8,,関田誠大,2,□,□,,,,0,0,0,,,-,0,0,0,-,0,-,1,0,0,0,0.0,0,0,0,-,0
2017-02-18,2017-02,2,パナソニックパンサーズ,豊田合成トレフェルサ,9,,今村貴彦,3,□,□,■,,,10,5,1,50.0,40.0,1.67,7,4,1,57.1,0,-,3,0,1,1,8.3,0,0,0,-,5
2017-02-18,2017-02,2,パナソニックパンサーズ,豊田合成トレフェルサ,11,,池田政之,2,■,■,,,,13,4,0,30.8,30.8,2.00,7,1,0,14.3,0,-,5,0,2,0,0.0,0,0,0,-,4
2017-02-18,2017-02,2,パナソニックパンサーズ,豊田合成トレフェルサ,12,L,専田和也,0,,,,,,0,0,0,,,-,0,0,0,-,0,-,0,0,0,0,-,0,0,0,-,0
2017-02-18,2017-02,2,パナソニックパンサーズ,豊田合成トレフェルサ,13,,クビアクミハウ,3,■,■,■,,,22,8,6,36.4,9.1,2.67,4,1,2,25.0,2,0.67,12,1,1,5,17.1,21,11,0,52.4,11
2017-02-18,2017-02,2,パナソニックパンサーズ,豊田合成トレフェルサ,14,,田城貴之,2,■,■,,,,4,3,0,75.0,75.0,1.50,0,0,0,-,0,-,3,0,0,1,8.3,0,0,0,-,3
2017-02-18,2017-02,2,パナソニックパンサーズ,豊田合成トレフェルサ,15,,福澤達哉,3,■,■,■,,,18,5,3,27.8,11.1,1.67,2,0,1,0.0,0,-,6,1,4,1,17.5,22,12,0,54.5,6
2017-02-18,2017-02,2,パナソニックパンサーズ,豊田合成トレフェルサ,17,L,永野健,3,●,●,●,,,0,0,0,,,-,0,0,0,-,0,-,0,0,0,0,-,14,9,0,64.3,0
2017-02-18,2017-02,2,パナソニックパンサーズ,豊田合成トレフェルサ,21,,兒玉康成,2,,□,■,,,0,0,0,,,-,0,0,0,-,0,-,3,0,0,2,16.7,0,0,0,-,0
2017-02-18,2017-02,2,東レアローズ,堺ブレイザーズ,1,,富松崇彰,3,■,■,■,,,6,4,0,66.7,66.7,1.33,0,0,0,-,0,-,12,1,0,6,19.2,0,0,0,-,5
2017-02-18,2017-02,2,東レアローズ,堺ブレイザーズ,3,,伏見大和,0,,,,,,0,0,0,,,-,0,0,0,-,0,-,0,0,0,0,-,0,0,0,-,0
2017-02-18,2017-02,2,東レアローズ,堺ブレイザーズ,4,,佐野翔,0,,,,,,0,0,0,,,-,0,0,0,-,0,-,0,0,0,0,-,0,0,0,-,0
2017-02-18,2017-02,2,東レアローズ,堺ブレイザーズ,5,,米山裕太,3,■,■,■,,,15,5,0,33.3,33.3,1.67,1,0,0,0.0,3,1.00,7,0,2,1,3.6,14,9,0,64.3,8
2017-02-18,2017-02,2,東レアローズ,堺ブレイザーズ,6,L,渡辺俊介,0,,,,,,0,0,0,,,-,0,0,0,-,0,-,0,0,0,0,-,0,0,0,-,0
2017-02-18,2017-02,2,東レアローズ,堺ブレイザーズ,8,,瀬戸口竜矢,0,,,,,,0,0,0,,,-,0,0,0,-,0,-,0,0,0,0,-,0,0,0,-,0
2017-02-18,2017-02,2,東レアローズ,堺ブレイザーズ,9,,梅野聡,0,,,,,,0,0,0,,,-,0,0,0,-,0,-,0,0,0,0,-,0,0,0,-,0
2017-02-18,2017-02,2,東レアローズ,堺ブレイザーズ,10,,星野秀知,0,,,,,,0,0,0,,,-,0,0,0,-,0,-,0,0,0,0,-,0,0,0,-,0
2017-02-18,2017-02,2,東レアローズ,堺ブレイザーズ,14,,ジョルジェフニコラ,3,■,■,■,,,29,17,2,58.6,51.7,5.67,16,8,1,50.0,1,0.33,19,3,2,6,20.5,0,0,0,-,21
2017-02-18,2017-02,2,東レアローズ,堺ブレイザーズ,15,,李博,3,■,■,■,,,7,4,1,57.1,42.9,1.33,0,0,0,-,1,0.33,12,2,2,6,25.8,0,0,0,-,7
2017-02-18,2017-02,2,東レアローズ,堺ブレイザーズ,18,,鈴木悠二,3,■,■,■,,,16,8,0,50.0,50.0,2.67,4,3,0,75.0,0,-,13,0,2,9,17.3,11,2,0,18.2,8
2017-02-18,2017-02,2,東レアローズ,堺ブレイザーズ,19,,小宮雄一郎,0,,,,,,0,0,0,,,-,0,0,0,-,0,-,0,0,0,0,-,0,0,0,-,0
2017-02-18,2017-02,2,東レアローズ,堺ブレイザーズ,21,,藤井直伸,3,■,■,■,,,1,1,0,100.0,100.0,0.33,0,0,0,-,1,0.33,10,0,0,3,7.5,0,0,0,-,2
2017-02-18,2017-02,2,東レアローズ,堺ブレイザーズ,22,L,井手智,3,●,●,●,,,0,0,0,,,-,0,0,0,-,0,-,0,0,0,0,-,12,6,0,50.0,0
2017-02-18,2017-02,2,堺ブレイザーズ,東レアローズ,1,,松本慶彦,3,■,■,■,,,5,5,0,100.0,100.0,1.67,0,0,0,-,0,-,7,0,1,2,7.1,3,2,0,66.7,5
2017-02-18,2017-02,2,堺ブレイザーズ,東レアローズ,2,L,井上裕介,3,●,●,●,,,0,0,0,,,-,0,0,0,-,0,-,0,0,0,0,-,27,15,0,55.6,0
2017-02-18,2017-02,2,堺ブレイザーズ,東レアローズ,4,,高野直哉,3,■,■,■,,,17,4,2,23.5,11.8,1.33,2,0,1,0.0,0,-,7,0,4,2,7.1,18,7,0,38.9,4
2017-02-18,2017-02,2,堺ブレイザーズ,東レアローズ,5,,内藤和也,3,□,□,□,,,0,0,0,,,-,0,0,0,-,0,-,3,0,0,3,25.0,0,0,0,-,0
2017-02-18,2017-02,2,堺ブレイザーズ,東レアローズ,6,,玉宅健太郎,1,,,□,,,0,0,0,,,-,0,0,0,-,0,-,1,0,1,0,0.0,0,0,0,-,0
2017-02-18,2017-02,2,堺ブレイザーズ,東レアローズ,7,,出耒田敬,3,■,■,■,,,11,5,0,45.5,45.5,1.67,0,0,0,-,1,0.33,11,2,4,2,20.9,0,0,0,-,8
2017-02-18,2017-02,2,堺ブレイザーズ,東レアローズ,8,,佐川翔,3,■,■,■,,,1,0,1,0.0,-100.0,-,0,0,0,-,1,0.33,5,0,1,0,0.0,0,0,0,-,1
2017-02-18,2017-02,2,堺ブレイザーズ,東レアローズ,9,L,堤智久,0,,,,,,0,0,0,,,-,0,0,0,-,0,-,0,0,0,0,-,0,0,0,-,0
2017-02-18,2017-02,2,堺ブレイザーズ,東レアローズ,10,,千々木駿介,3,■,■,■,,,18,8,2,44.4,33.3,2.67,3,2,0,66.7,0,-,12,1,3,6,19.2,12,5,0,41.7,9
2017-02-18,2017-02,2,堺ブレイザーズ,東レアローズ,11,,伊藤康貴,1,□,,,,,0,0,0,,,-,0,0,0,-,0,-,1,0,1,0,0.0,2,0,0,0.0,0
2017-02-18,2017-02,2,堺ブレイザーズ,東レアローズ,13,,松岡祐太,0,,,,,,0,0,0,,,-,0,0,0,-,0,-,0,0,0,0,-,0,0,0,-,0
2017-02-18,2017-02,2,堺ブレイザーズ,東レアローズ,15,,木村泰輔,1,,□,,,,0,0,0,,,-,0,0,0,-,0,-,0,0,0,0,-,0,0,0,-,0
2017-02-18,2017-02,2,堺ブレイザーズ,東レアローズ,16,,今富稜介,3,□,□,□,,,0,0,0,,,-,0,0,0,-,0,-,0,0,0,0,-,2,0,0,0.0,0
2017-02-18,2017-02,2,堺ブレイザーズ,東レアローズ,18,,ウォレスマルティンス,3,■,■,■,,,30,15,0,50.0,50.0,5.00,12,7,0,58.3,0,-,9,0,3,3,8.3,1,1,0,100.0,15
2017-02-18,2017-02,2,サントリーサンバーズ,ジェイテクトSTINGS,1,,山村宏太,0,,,,,,0,0,0,,,-,0,0,0,-,0,-,0,0,0,0,-,0,0,0,-,0
2017-02-18,2017-02,2,サントリーサンバーズ,ジェイテクトSTINGS,2,,鈴木寛史,4,■,■,■,■,,8,5,2,62.5,37.5,1.25,0,0,0,-,1,0.25,23,2,0,3,10.2,0,0,0,-,8
2017-02-18,2017-02,2,サントリーサンバーズ,ジェイテクトSTINGS,3,L,高橋賢,0,,,,,,0,0,0,,,-,0,0,0,-,0,-,0,0,0,0,-,0,0,0,-,0
2017-02-18,2017-02,2,サントリーサンバーズ,ジェイテクトSTINGS,4,,エスコバルヤドリアン,4,■,■,■,■,,54,27,7,50.0,37.0,6.75,30,17,3,56.7,0,-,20,0,3,8,10.0,1,0,0,0.0,27
2017-02-18,2017-02,2,サントリーサンバーズ,ジェイテクトSTINGS,5,L,酒井大祐,4,●,●,●,●,,0,0,0,,,-,0,0,0,-,0,-,0,0,0,0,-,29,16,0,55.2,0
2017-02-18,2017-02,2,サントリーサンバーズ,ジェイテクトSTINGS,6,,岡本祥吾,1,□,,,,,0,0,0,,,-,0,0,0,-,0,-,0,0,0,0,-,0,0,0,-,0
2017-02-18,2017-02,2,サントリーサンバーズ,ジェイテクトSTINGS,8,,柳田将洋,4,□,□,□,□,,1,0,0,0.0,0.0,-,1,0,0,0.0,0,-,4,0,0,1,6.2,1,1,0,100.0,0
2017-02-18,2017-02,2,サントリーサンバーズ,ジェイテクトSTINGS,10,,藤中謙也,4,■,■,■,■,,40,18,2,45.0,40.0,4.50,0,0,0,-,6,1.50,9,0,2,1,2.8,17,16,0,94.1,24
2017-02-18,2017-02,2,サントリーサンバーズ,ジェイテクトSTINGS,11,,鶴田大樹,4,■,■,■,■,,16,6,3,37.5,18.8,1.50,1,0,0,0.0,1,0.25,21,2,2,5,13.6,21,14,0,66.7,9
2017-02-18,2017-02,2,サントリーサンバーズ,ジェイテクトSTINGS,12,,塩田達也,4,■,■,■,■,,9,5,3,55.6,22.2,1.25,0,0,0,-,1,0.25,9,0,4,0,0.0,0,0,0,-,6
2017-02-18,2017-02,2,サントリーサンバーズ,ジェイテクトSTINGS,15,,山本湧,4,■,■,■,■,,1,0,0,0.0,0.0,-,0,0,0,-,0,-,12,1,0,4,15.0,2,0,0,0.0,1
2017-02-18,2017-02,2,サントリーサンバーズ,ジェイテクトSTINGS,17,,星谷健太朗,1,,,,□,,0,0,0,,,-,0,0,0,-,0,-,0,0,0,0,-,0,0,0,-,0
2017-02-18,2017-02,2,サントリーサンバーズ,ジェイテクトSTINGS,18,,小川猛,1,□,,,,,0,0,0,,,-,0,0,0,-,0,-,0,0,0,0,-,0,0,0,-,0
2017-02-18,2017-02,2,サントリーサンバーズ,ジェイテクトSTINGS,19,,栗山雅史,1,,□,,,,0,0,0,,,-,0,0,0,-,0,-,0,0,0,0,-,0,0,0,-,0
2017-02-18,2017-02,2,ジェイテクトSTINGS,サントリーサンバーズ,1,,カジースキマテイ,4,■,■,■,■,,46,18,2,39.1,34.8,4.50,6,5,1,83.3,0,-,17,2,3,5,16.8,47,31,0,66.0,20
2017-02-18,2017-02,2,ジェイテクトSTINGS,サントリーサンバーズ,2,,金丸晃大,4,■,■,■,■,,8,4,0,50.0,50.0,1.00,0,0,0,-,5,1.25,11,0,0,3,6.8,0,0,0,-,9
2017-02-18,2017-02,2,ジェイテクトSTINGS,サントリーサンバーズ,4,,古田史郎,4,■,■,■,■,,27,4,4,14.8,0.0,1.00,6,0,2,0.0,2,0.50,15,0,2,6,10.0,0,0,0,-,6
2017-02-18,2017-02,2,ジェイテクトSTINGS,サントリーサンバーズ,5,,清野真一,2,,□,,□,,10,6,0,60.0,60.0,3.00,2,2,0,100.0,0,-,4,0,1,0,0.0,0,0,0,-,6
2017-02-18,2017-02,2,ジェイテクトSTINGS,サントリーサンバーズ,6,,高橋慎治,3,■,■,□,,,0,0,0,,,-,0,0,0,-,0,-,5,0,0,1,5.0,0,0,0,-,0
2017-02-18,2017-02,2,ジェイテクトSTINGS,サントリーサンバーズ,7,,高橋和人,4,■,■,■,■,,21,6,3,28.6,14.3,1.50,0,0,0,-,2,0.50,11,0,2,3,6.8,22,13,0,59.1,8
2017-02-18,2017-02,2,ジェイテクトSTINGS,サントリーサンバーズ,9,,辰巳正敏,4,■,■,■,■,,9,1,0,11.1,11.1,0.25,0,0,0,-,1,0.25,13,0,4,3,5.8,1,1,0,100.0,2
2017-02-18,2017-02,2,ジェイテクトSTINGS,サントリーサンバーズ,10,,松原広輔,0,,,,,,0,0,0,,,-,0,0,0,-,0,-,0,0,0,0,-,0,0,0,-,0
2017-02-18,2017-02,2,ジェイテクトSTINGS,サントリーサンバーズ,12,L,興梠亮,0,,,,,,0,0,0,,,-,0,0,0,-,0,-,0,0,0,0,-,0,0,0,-,0
2017-02-18,2017-02,2,ジェイテクトSTINGS,サントリーサンバーズ,16,,久保山尚,3,□,,■,■,,1,0,1,0.0,-100.0,-,0,0,0,-,0,-,7,0,0,1,3.6,0,0,0,-,0
2017-02-18,2017-02,2,ジェイテクトSTINGS,サントリーサンバーズ,17,L,本間隆太,4,●,●,●,●,,0,0,0,,,-,0,0,0,-,0,-,0,0,0,0,-,14,12,0,85.7,0
2017-02-18,2017-02,2,ジェイテクトSTINGS,サントリーサンバーズ,19,,浅野博亮,1,,,,□,,2,1,0,50.0,50.0,1.00,0,0,0,-,0,-,1,0,1,0,0.0,3,3,0,100.0,1
2017-02-18,2017-02,2,ジェイテクトSTINGS,サントリーサンバーズ,21,,廣瀬優希,3,□,,□,□,,0,0,0,,,-,0,0,0,-,0,-,0,0,0,0,-,0,0,0,-,0
2017-02-18,2017-02,2,ジェイテクトSTINGS,サントリーサンバーズ,23,,福山汰一,0,,,,,,0,0,0,,,-,0,0,0,-,0,-,0,0,0,0,-,0,0,0,-,0
2017-02-19,2017-02,2,豊田合成トレフェルサ,堺ブレイザーズ,1,,山田脩造,3,■,■,■,,,7,3,1,42.9,28.6,1.00,0,0,0,-,0,-,17,2,2,9,23.8,24,11,0,45.8,5
2017-02-19,2017-02,2,豊田合成トレフェルサ,堺ブレイザーズ,2,,山近哲,2,□,□,,,,0,0,0,,,-,0,0,0,-,0,-,0,0,0,0,-,0,0,0,-,0
2017-02-19,2017-02,2,豊田合成トレフェルサ,堺ブレイザーズ,4,,内山正平,3,■,■,■,,,1,0,0,0.0,0.0,-,0,0,0,-,1,0.33,10,0,0,2,5.0,1,0,0,0.0,1
2017-02-19,2017-02,2,豊田合成トレフェルサ,堺ブレイザーズ,5,,前田一誠,1,,□,,,,0,0,0,,,-,0,0,0,-,0,-,1,0,0,1,25.0,0,0,0,-,0
2017-02-19,2017-02,2,豊田合成トレフェルサ,堺ブレイザーズ,6,,近裕崇,3,■,■,■,,,8,6,0,75.0,75.0,2.00,0,0,0,-,2,0.67,16,0,0,6,9.4,0,0,0,-,8
2017-02-19,2017-02,2,豊田合成トレフェルサ,堺ブレイザーズ,10,L,古賀幸一郎,3,●,●,●,,,0,0,0,,,-,0,0,0,-,0,-,0,0,0,0,-,24,18,0,75.0,0
2017-02-19,2017-02,2,豊田合成トレフェルサ,堺ブレイザーズ,11,,傳田亮太,3,■,■,■,,,6,5,1,83.3,66.7,1.67,0,0,0,-,3,1.00,15,2,1,6,22.0,0,0,0,-,10
2017-02-19,2017-02,2,豊田合成トレフェルサ,堺ブレイザーズ,12,,高松卓矢,3,■,■,■,,,19,8,1,42.1,36.8,2.67,1,0,0,0.0,1,0.33,10,0,3,4,10.0,8,4,0,50.0,9
2017-02-19,2017-02,2,豊田合成トレフェルサ,堺ブレイザーズ,13,,岡本秀明,0,,,,,,0,0,0,,,-,0,0,0,-,0,-,0,0,0,0,-,0,0,0,-,0
2017-02-19,2017-02,2,豊田合成トレフェルサ,堺ブレイザーズ,14,,椿山竜介,1,,,□,,,0,0,0,,,-,0,0,0,-,0,-,3,1,0,2,50.0,0,0,0,-,1
2017-02-19,2017-02,2,豊田合成トレフェルサ,堺ブレイザーズ,15,,オムルチェンイゴール,3,■,■,■,,,44,24,1,54.5,52.3,8.00,22,13,1,59.1,3,1.00,12,0,2,6,12.5,1,0,0,0.0,27
2017-02-19,2017-02,2,豊田合成トレフェルサ,堺ブレイザーズ,16,L,黒澤雄介,0,,,,,,0,0,0,,,-,0,0,0,-,0,-,0,0,0,0,-,0,0,0,-,0
2017-02-19,2017-02,2,豊田合成トレフェルサ,堺ブレイザーズ,20,,川口太一,2,□,□,,,,0,0,0,,,-,0,0,0,-,0,-,0,0,0,0,-,4,3,0,75.0,0
2017-02-19,2017-02,2,豊田合成トレフェルサ,堺ブレイザーズ,21,,細中久里寿,1,□,,,,,0,0,0,,,-,0,0,0,-,0,-,0,0,0,0,-,0,0,0,-,0
2017-02-19,2017-02,2,堺ブレイザーズ,豊田合成トレフェルサ,1,,松本慶彦,3,■,■,■,,,13,8,0,61.5,61.5,2.67,0,0,0,-,2,0.67,14,0,2,6,10.7,1,1,0,100.0,10
2017-02-19,2017-02,2,堺ブレイザーズ,豊田合成トレフェルサ,2,L,井上裕介,3,●,●,●,,,0,0,0,,,-,0,0,0,-,0,-,0,0,0,0,-,14,8,0,57.1,0
2017-02-19,2017-02,2,堺ブレイザーズ,豊田合成トレフェルサ,4,,高野直哉,3,■,■,■,,,16,10,1,62.5,56.2,3.33,0,0,0,-,1,0.33,10,0,5,3,7.5,27,13,0,48.1,11
2017-02-19,2017-02,2,堺ブレイザーズ,豊田合成トレフェルサ,5,,内藤和也,3,□,□,□,,,0,0,0,,,-,0,0,0,-,0,-,3,0,1,1,8.3,0,0,0,-,0
2017-02-19,2017-02,2,堺ブレイザーズ,豊田合成トレフェルサ,6,,玉宅健太郎,2,□,□,,,,0,0,0,,,-,0,0,0,-,0,-,0,0,0,0,-,0,0,0,-,0
2017-02-19,2017-02,2,堺ブレイザーズ,豊田合成トレフェルサ,7,,出耒田敬,3,■,■,■,,,5,1,0,20.0,20.0,0.33,0,0,0,-,3,1.00,11,0,2,4,9.1,1,0,0,0.0,4
2017-02-19,2017-02,2,堺ブレイザーズ,豊田合成トレフェルサ,8,,佐川翔,3,■,■,■,,,1,1,0,100.0,100.0,0.33,0,0,0,-,1,0.33,11,0,1,3,6.8,0,0,0,-,2
2017-02-19,2017-02,2,堺ブレイザーズ,豊田合成トレフェルサ,9,,堤智久,0,,,,,,0,0,0,,,-,0,0,0,-,0,-,0,0,0,0,-,0,0,0,-,0
2017-02-19,2017-02,2,堺ブレイザーズ,豊田合成トレフェルサ,10,,千々木駿介,3,■,■,■,,,22,11,1,50.0,45.5,3.67,2,0,1,0.0,2,0.67,18,2,3,4,14.4,29,13,0,44.8,15
2017-02-19,2017-02,2,堺ブレイザーズ,豊田合成トレフェルサ,11,,伊藤康貴,2,□,□,,,,0,0,0,,,-,0,0,0,-,0,-,1,0,1,0,0.0,1,0,0,0.0,0
2017-02-19,2017-02,2,堺ブレイザーズ,豊田合成トレフェルサ,13,,松岡祐太,0,,,,,,0,0,0,,,-,0,0,0,-,0,-,0,0,0,0,-,0,0,0,-,0
2017-02-19,2017-02,2,堺ブレイザーズ,豊田合成トレフェルサ,15,,木村泰輔,0,,,,,,0,0,0,,,-,0,0,0,-,0,-,0,0,0,0,-,0,0,0,-,0
2017-02-19,2017-02,2,堺ブレイザーズ,豊田合成トレフェルサ,16,L,今富稜介,3,〇,〇,〇,,,0,0,0,,,-,0,0,0,-,0,-,0,0,0,0,-,0,0,0,-,0
2017-02-19,2017-02,2,堺ブレイザーズ,豊田合成トレフェルサ,18,,ウォレスマルティンス,3,■,■,■,,,47,23,2,48.9,44.7,7.67,27,12,2,44.4,0,-,14,2,4,2,16.4,0,0,0,-,25
2017-02-19,2017-02,2,東レアローズ,パナソニックパンサーズ,1,,富松崇彰,3,■,■,■,,,8,5,0,62.5,62.5,1.67,0,0,0,-,2,0.67,11,1,1,5,20.5,0,0,0,-,8
2017-02-19,2017-02,2,東レアローズ,パナソニックパンサーズ,3,,伏見大和,0,,,,,,0,0,0,,,-,0,0,0,-,0,-,0,0,0,0,-,0,0,0,-,0
2017-02-19,2017-02,2,東レアローズ,パナソニックパンサーズ,4,,佐野翔,1,,,□,,,0,0,0,,,-,0,0,0,-,0,-,0,0,0,0,-,0,0,0,-,0
2017-02-19,2017-02,2,東レアローズ,パナソニックパンサーズ,5,,米山裕太,3,■,■,■,,,13,3,0,23.1,23.1,1.00,2,1,0,50.0,1,0.33,12,0,2,6,12.5,20,16,0,80.0,4
2017-02-19,2017-02,2,東レアローズ,パナソニックパンサーズ,6,L,渡辺俊介,0,,,,,,0,0,0,,,-,0,0,0,-,0,-,0,0,0,0,-,0,0,0,-,0
2017-02-19,2017-02,2,東レアローズ,パナソニックパンサーズ,8,,瀬戸口竜矢,0,,,,,,0,0,0,,,-,0,0,0,-,0,-,0,0,0,0,-,0,0,0,-,0
2017-02-19,2017-02,2,東レアローズ,パナソニックパンサーズ,9,,梅野聡,0,,,,,,0,0,0,,,-,0,0,0,-,0,-,0,0,0,0,-,0,0,0,-,0
2017-02-19,2017-02,2,東レアローズ,パナソニックパンサーズ,10,,星野秀知,0,,,,,,0,0,0,,,-,0,0,0,-,0,-,0,0,0,0,-,0,0,0,-,0
2017-02-19,2017-02,2,東レアローズ,パナソニックパンサーズ,14,,ジョルジェフニコラ,3,■,■,■,,,36,21,1,58.3,55.6,7.00,17,10,1,58.8,0,-,11,1,6,3,14.1,0,0,0,-,22
2017-02-19,2017-02,2,東レアローズ,パナソニックパンサーズ,15,,李博,3,■,■,■,,,7,6,0,85.7,85.7,2.00,0,0,0,-,0,-,13,1,2,4,15.4,4,4,0,100.0,7
2017-02-19,2017-02,2,東レアローズ,パナソニックパンサーズ,18,,鈴木悠二,3,■,■,■,,,13,6,0,46.2,46.2,2.00,1,0,0,0.0,1,0.33,16,1,1,11,23.4,14,8,0,57.1,8
2017-02-19,2017-02,2,東レアローズ,パナソニックパンサーズ,19,,小宮雄一郎,0,,,,,,0,0,0,,,-,0,0,0,-,0,-,0,0,0,0,-,0,0,0,-,0
2017-02-19,2017-02,2,東レアローズ,パナソニックパンサーズ,21,,藤井直伸,3,■,■,■,,,1,0,0,0.0,0.0,-,0,0,0,-,1,0.33,10,0,2,4,10.0,0,0,0,-,1
2017-02-19,2017-02,2,東レアローズ,パナソニックパンサーズ,22,L,井手智,3,●,●,●,,,0,0,0,,,-,0,0,0,-,0,-,0,0,0,0,-,9,7,0,77.8,0
2017-02-19,2017-02,2,パナソニックパンサーズ,東レアローズ,2,,深津英臣,3,■,■,□,,,1,1,0,100.0,100.0,0.33,0,0,0,-,0,-,3,0,0,2,16.7,0,0,0,-,1
2017-02-19,2017-02,2,パナソニックパンサーズ,東レアローズ,5,,渡辺奏吾,0,,,,,,0,0,0,,,-,0,0,0,-,0,-,0,0,0,0,-,0,0,0,-,0
2017-02-19,2017-02,2,パナソニックパンサーズ,東レアローズ,6,,白澤健児,3,■,■,■,,,1,0,0,0.0,0.0,-,0,0,0,-,1,0.33,8,0,2,0,0.0,0,0,0,-,1
2017-02-19,2017-02,2,パナソニックパンサーズ,東レアローズ,7,,久原翼,0,,,,,,0,0,0,,,-,0,0,0,-,0,-,0,0,0,0,-,0,0,0,-,0
2017-02-19,2017-02,2,パナソニックパンサーズ,東レアローズ,8,,関田誠大,3,□,□,■,,,0,0,0,,,-,0,0,0,-,0,-,8,0,1,1,3.1,0,0,0,-,0
2017-02-19,2017-02,2,パナソニックパンサーズ,東レアローズ,9,,今村貴彦,3,□,□,■,,,11,8,1,72.7,63.6,2.67,3,2,0,66.7,0,-,8,0,1,2,6.2,2,0,0,0.0,8
2017-02-19,2017-02,2,パナソニックパンサーズ,東レアローズ,11,,池田政之,3,■,■,□,,,14,6,2,42.9,28.6,2.00,9,3,2,33.3,0,-,4,0,1,3,18.8,0,0,0,-,6
2017-02-19,2017-02,2,パナソニックパンサーズ,東レアローズ,12,L,専田和也,0,,,,,,0,0,0,,,-,0,0,0,-,0,-,0,0,0,0,-,0,0,0,-,0
2017-02-19,2017-02,2,パナソニックパンサーズ,東レアローズ,13,,クビアクミハウ,3,■,■,■,,,30,13,5,43.3,26.7,4.33,2,1,0,50.0,1,0.33,11,0,4,2,4.5,19,5,0,26.3,14
2017-02-19,2017-02,2,パナソニックパンサーズ,東レアローズ,14,,田城貴之,3,■,■,■,,,3,1,0,33.3,33.3,0.33,0,0,0,-,1,0.33,6,0,1,1,4.2,0,0,0,-,2
2017-02-19,2017-02,2,パナソニックパンサーズ,東レアローズ,15,,福澤達哉,3,■,■,■,,,19,11,0,57.9,57.9,3.67,2,1,0,50.0,0,-,10,0,3,0,0.0,13,4,0,30.8,11
2017-02-19,2017-02,2,パナソニックパンサーズ,東レアローズ,17,L,永野健,3,●,●,●,,,0,0,0,,,-,0,0,0,-,0,-,0,0,0,0,-,22,13,0,59.1,0
2017-02-19,2017-02,2,パナソニックパンサーズ,東レアローズ,19,,合田心平,3,□,□,□,,,0,0,0,,,-,0,0,0,-,0,-,3,0,1,1,8.3,0,0,0,-,0
2017-02-19,2017-02,2,パナソニックパンサーズ,東レアローズ,21,,兒玉康成,0,,,,,,0,0,0,,,-,0,0,0,-,0,-,0,0,0,0,-,0,0,0,-,0
2017-02-25,2017-02,2,豊田合成トレフェルサ,ジェイテクトSTINGS,1,,山田脩造,5,■,■,■,■,■,10,6,0,60.0,60.0,1.20,0,0,0,-,0,-,15,1,5,5,13.7,32,15,0,46.9,7
2017-02-25,2017-02,2,豊田合成トレフェルサ,ジェイテクトSTINGS,2,,山近哲,1,,,,,□,0,0,0,,,-,0,0,0,-,0,-,0,0,0,0,-,0,0,0,-,0
2017-02-25,2017-02,2,豊田合成トレフェルサ,ジェイテクトSTINGS,4,,内山正平,5,■,■,■,■,■,2,1,1,50.0,0.0,0.20,0,0,0,-,2,0.40,22,0,1,4,4.5,1,0,0,0.0,3
2017-02-25,2017-02,2,豊田合成トレフェルサ,ジェイテクトSTINGS,5,,前田一誠,3,□,□,,□,,0,0,0,,,-,0,0,0,-,0,-,4,0,0,1,6.2,0,0,0,-,0
2017-02-25,2017-02,2,豊田合成トレフェルサ,ジェイテクトSTINGS,6,,近裕崇,5,■,■,■,■,■,8,3,0,37.5,37.5,0.60,0,0,0,-,1,0.20,14,1,1,2,9.3,0,0,0,-,5
2017-02-25,2017-02,2,豊田合成トレフェルサ,ジェイテクトSTINGS,10,L,古賀幸一郎,5,●,●,●,●,●,0,0,0,,,-,0,0,0,-,0,-,0,0,0,0,-,30,20,0,66.7,0
2017-02-25,2017-02,2,豊田合成トレフェルサ,ジェイテクトSTINGS,11,,傳田亮太,5,■,■,■,■,■,8,4,0,50.0,50.0,0.80,0,0,0,-,1,0.20,17,1,3,8,17.6,0,0,0,-,6
2017-02-25,2017-02,2,豊田合成トレフェルサ,ジェイテクトSTINGS,12,,高松卓矢,5,■,■,■,■,■,31,15,2,48.4,41.9,3.00,0,0,0,-,1,0.20,16,0,5,4,6.2,14,9,0,64.3,16
2017-02-25,2017-02,2,豊田合成トレフェルサ,ジェイテクトSTINGS,13,,岡本秀明,1,,□,,,,2,1,0,50.0,50.0,1.00,0,0,0,-,0,-,1,0,0,0,0.0,3,1,0,33.3,1
2017-02-25,2017-02,2,豊田合成トレフェルサ,ジェイテクトSTINGS,14,,椿山竜介,2,□,,,,□,0,0,0,,,-,0,0,0,-,0,-,3,0,1,2,16.7,0,0,0,-,0
2017-02-25,2017-02,2,豊田合成トレフェルサ,ジェイテクトSTINGS,15,,オムルチェンイゴール,5,■,■,■,■,■,70,38,7,54.3,44.3,7.60,33,19,3,57.6,6,1.20,16,0,1,9,14.1,1,1,0,100.0,44
2017-02-25,2017-02,2,豊田合成トレフェルサ,ジェイテクトSTINGS,16,L,黒澤雄介,0,,,,,,0,0,0,,,-,0,0,0,-,0,-,0,0,0,0,-,0,0,0,-,0
2017-02-25,2017-02,2,豊田合成トレフェルサ,ジェイテクトSTINGS,20,,川口太一,4,□,,□,□,□,0,0,0,,,-,0,0,0,-,0,-,0,0,0,0,-,7,4,0,57.1,0
2017-02-25,2017-02,2,豊田合成トレフェルサ,ジェイテクトSTINGS,21,,細中久里寿,1,,,□,,,0,0,0,,,-,0,0,0,-,0,-,0,0,0,0,-,0,0,0,-,0
2017-02-25,2017-02,2,ジェイテクトSTINGS,豊田合成トレフェルサ,1,,カジースキマテイ,5,■,■,■,■,■,43,21,4,48.8,39.5,4.20,14,7,3,50.0,0,-,26,5,5,9,26.3,39,25,0,64.1,26
2017-02-25,2017-02,2,ジェイテクトSTINGS,豊田合成トレフェルサ,2,,金丸晃大,5,■,■,■,■,■,5,5,0,100.0,100.0,1.00,0,0,0,-,2,0.40,18,2,1,8,20.0,1,0,0,0.0,9
2017-02-25,2017-02,2,ジェイテクトSTINGS,豊田合成トレフェルサ,3,,渡邉峻,0,,,,,,0,0,0,,,-,0,0,0,-,0,-,0,0,0,0,-,0,0,0,-,0
2017-02-25,2017-02,2,ジェイテクトSTINGS,豊田合成トレフェルサ,4,,古田史郎,1,■,,,,,5,0,1,0.0,-20.0,-,1,0,1,0.0,0,-,2,0,0,1,12.5,0,0,0,-,0
2017-02-25,2017-02,2,ジェイテクトSTINGS,豊田合成トレフェルサ,5,,清野真一,5,□,■,■,■,■,33,13,1,39.4,36.4,2.60,13,6,1,46.2,1,0.20,12,0,4,1,2.1,0,0,0,-,14
2017-02-25,2017-02,2,ジェイテクトSTINGS,豊田合成トレフェルサ,7,,高橋和人,5,■,■,■,■,■,27,12,2,44.4,37.0,2.40,0,0,0,-,1,0.20,20,3,3,5,19.2,30,20,0,66.7,16
2017-02-25,2017-02,2,ジェイテクトSTINGS,豊田合成トレフェルサ,10,,松原広輔,3,□,□,,,□,0,0,0,,,-,0,0,0,-,0,-,4,0,1,0,0.0,0,0,0,-,0
2017-02-25,2017-02,2,ジェイテクトSTINGS,豊田合成トレフェルサ,12,L,興梠亮,0,,,,,,0,0,0,,,-,0,0,0,-,0,-,0,0,0,0,-,0,0,0,-,0
2017-02-25,2017-02,2,ジェイテクトSTINGS,豊田合成トレフェルサ,16,,久保山尚,5,■,■,■,■,■,1,0,0,0.0,0.0,-,0,0,0,-,0,-,15,0,1,8,13.3,0,0,0,-,0
2017-02-25,2017-02,2,ジェイテクトSTINGS,豊田合成トレフェルサ,17,L,本間隆太,5,●,●,●,●,●,0,0,0,,,-,0,0,0,-,0,-,0,0,0,0,-,20,8,0,40.0,0
2017-02-25,2017-02,2,ジェイテクトSTINGS,豊田合成トレフェルサ,19,,浅野博亮,0,,,,,,0,0,0,,,-,0,0,0,-,0,-,0,0,0,0,-,0,0,0,-,0
2017-02-25,2017-02,2,ジェイテクトSTINGS,豊田合成トレフェルサ,21,,廣瀬優希,3,□,,□,,□,0,0,0,,,-,0,0,0,-,2,0.67,0,0,0,0,-,0,0,0,-,2
2017-02-25,2017-02,2,ジェイテクトSTINGS,豊田合成トレフェルサ,22,,柳澤広平,0,,,,,,0,0,0,,,-,0,0,0,-,0,-,0,0,0,0,-,0,0,0,-,0
2017-02-25,2017-02,2,ジェイテクトSTINGS,豊田合成トレフェルサ,23,,福山汰一,5,■,■,■,■,■,18,10,0,55.6,55.6,2.00,0,0,0,-,0,-,11,0,1,1,2.3,0,0,0,-,10
2017-02-25,2017-02,2,東レアローズ,サントリーサンバーズ,1,,富松崇彰,5,■,■,■,■,■,6,2,0,33.3,33.3,0.40,0,0,0,-,0,-,19,0,3,3,3.9,1,0,0,0.0,2
2017-02-25,2017-02,2,東レアローズ,サントリーサンバーズ,4,,佐野翔,3,,□,□,,□,0,0,0,,,-,0,0,0,-,0,-,0,0,0,0,-,0,0,0,-,0
2017-02-25,2017-02,2,東レアローズ,サントリーサンバーズ,5,,米山裕太,5,■,■,■,■,■,18,7,1,38.9,33.3,1.40,1,0,1,0.0,1,0.20,10,0,2,3,7.5,36,21,0,58.3,8
2017-02-25,2017-02,2,東レアローズ,サントリーサンバーズ,6,L,渡辺俊介,0,,,,,,0,0,0,,,-,0,0,0,-,0,-,0,0,0,0,-,0,0,0,-,0
2017-02-25,2017-02,2,東レアローズ,サントリーサンバーズ,8,,瀬戸口竜矢,0,,,,,,0,0,0,,,-,0,0,0,-,0,-,0,0,0,0,-,0,0,0,-,0
2017-02-25,2017-02,2,東レアローズ,サントリーサンバーズ,9,,梅野聡,0,,,,,,0,0,0,,,-,0,0,0,-,0,-,0,0,0,0,-,0,0,0,-,0
2017-02-25,2017-02,2,東レアローズ,サントリーサンバーズ,10,,星野秀知,2,,,,□,□,3,3,0,100.0,100.0,1.50,0,0,0,-,0,-,1,0,1,0,0.0,5,2,0,40.0,3
2017-02-25,2017-02,2,東レアローズ,サントリーサンバーズ,14,,ジョルジェフニコラ,5,■,■,■,■,■,63,35,6,55.6,46.0,7.00,27,17,3,63.0,0,-,24,4,6,6,19.6,2,0,0,0.0,39
2017-02-25,2017-02,2,東レアローズ,サントリーサンバーズ,15,,李博,5,■,■,■,■,■,11,6,0,54.5,54.5,1.20,0,0,0,-,2,0.40,18,2,3,6,18.3,0,0,0,-,10
2017-02-25,2017-02,2,東レアローズ,サントリーサンバーズ,17,,黒木康太郎,0,,,,,,0,0,0,,,-,0,0,0,-,0,-,0,0,0,0,-,0,0,0,-,0
2017-02-25,2017-02,2,東レアローズ,サントリーサンバーズ,18,,鈴木悠二,5,■,■,■,■,■,19,7,0,36.8,36.8,1.40,2,1,0,50.0,2,0.40,20,1,1,11,17.8,20,8,0,40.0,10
2017-02-25,2017-02,2,東レアローズ,サントリーサンバーズ,19,,小宮雄一郎,1,,,□,,,0,0,0,,,-,0,0,0,-,0,-,1,0,1,0,0.0,0,0,0,-,0
2017-02-25,2017-02,2,東レアローズ,サントリーサンバーズ,21,,藤井直伸,5,■,■,■,■,■,1,1,0,100.0,100.0,0.20,0,0,0,-,2,0.40,13,0,0,5,9.6,0,0,0,-,3
2017-02-25,2017-02,2,東レアローズ,サントリーサンバーズ,22,L,井手智,5,●,●,●,●,●,0,0,0,,,-,0,0,0,-,0,-,0,0,0,0,-,25,14,0,56.0,0
2017-02-25,2017-02,2,サントリーサンバーズ,東レアローズ,1,,山村宏太,5,□,□,■,■,■,6,4,0,66.7,66.7,0.80,0,0,0,-,0,-,14,1,1,6,16.4,2,1,0,50.0,5
2017-02-25,2017-02,2,サントリーサンバーズ,東レアローズ,2,,鈴木寛史,2,■,■,,,,3,2,0,66.7,66.7,1.00,0,0,0,-,1,0.50,5,0,0,1,5.0,0,0,0,-,3
2017-02-25,2017-02,2,サントリーサンバーズ,東レアローズ,3,L,高橋賢,0,,,,,,0,0,0,,,-,0,0,0,-,0,-,0,0,0,0,-,0,0,0,-,0
2017-02-25,2017-02,2,サントリーサンバーズ,東レアローズ,4,,エスコバルヤドリアン,5,■,■,■,■,■,62,41,4,66.1,59.7,8.20,33,22,2,66.7,0,-,22,1,4,13,18.4,3,2,0,66.7,42
2017-02-25,2017-02,2,サントリーサンバーズ,東レアローズ,5,L,酒井大祐,5,●,●,●,●,●,0,0,0,,,-,0,0,0,-,0,-,0,0,0,0,-,34,25,0,73.5,0
2017-02-25,2017-02,2,サントリーサンバーズ,東レアローズ,6,,岡本祥吾,0,,,,,,0,0,0,,,-,0,0,0,-,0,-,0,0,0,0,-,0,0,0,-,0
2017-02-25,2017-02,2,サントリーサンバーズ,東レアローズ,8,,柳田将洋,5,□,□,■,■,■,23,7,2,30.4,21.7,1.40,1,1,0,100.0,0,-,12,0,1,6,12.5,8,3,0,37.5,7
2017-02-25,2017-02,2,サントリーサンバーズ,東レアローズ,10,,藤中謙也,5,■,■,■,■,■,12,5,2,41.7,25.0,1.00,1,0,1,0.0,1,0.20,14,0,2,4,7.1,27,11,0,40.7,6
2017-02-25,2017-02,2,サントリーサンバーズ,東レアローズ,11,,鶴田大樹,3,■,■,□,,,6,1,2,16.7,-16.7,0.33,0,0,0,-,0,-,5,0,2,2,10.0,11,5,0,45.5,1
2017-02-25,2017-02,2,サントリーサンバーズ,東レアローズ,12,,塩田達也,5,■,■,■,■,■,10,9,0,90.0,90.0,1.80,0,0,0,-,3,0.60,15,0,2,5,8.3,1,1,0,100.0,12
2017-02-25,2017-02,2,サントリーサンバーズ,東レアローズ,15,,山本湧,5,■,■,■,■,■,1,1,0,100.0,100.0,0.20,0,0,0,-,0,-,16,0,3,5,7.8,2,0,0,0.0,1
2017-02-25,2017-02,2,サントリーサンバーズ,東レアローズ,17,,星谷健太朗,0,,,,,,0,0,0,,,-,0,0,0,-,0,-,0,0,0,0,-,0,0,0,-,0
2017-02-25,2017-02,2,サントリーサンバーズ,東レアローズ,18,,小川猛,3,□,□,□,,,0,0,0,,,-,0,0,0,-,0,-,3,0,2,0,0.0,0,0,0,-,0
2017-02-25,2017-02,2,サントリーサンバーズ,東レアローズ,19,,栗山雅史,0,,,,,,0,0,0,,,-,0,0,0,-,0,-,0,0,0,0,-,0,0,0,-,0
2017-02-25,2017-02,2,パナソニックパンサーズ,堺ブレイザーズ,2,,深津英臣,5,■,■,■,■,■,1,1,0,100.0,100.0,0.20,0,0,0,-,1,0.20,17,0,1,8,11.8,0,0,0,-,2
2017-02-25,2017-02,2,パナソニックパンサーズ,堺ブレイザーズ,3,,山添信也,5,□,■,■,■,■,8,4,1,50.0,37.5,0.80,0,0,0,-,1,0.20,18,1,0,7,14.2,0,0,0,-,6
2017-02-25,2017-02,2,パナソニックパンサーズ,堺ブレイザーズ,5,,渡辺奏吾,1,,,,,□,0,0,0,,,-,0,0,0,-,0,-,1,0,0,0,0.0,2,1,0,50.0,0
2017-02-25,2017-02,2,パナソニックパンサーズ,堺ブレイザーズ,6,,白澤健児,5,■,■,■,■,■,10,9,1,90.0,80.0,1.80,0,0,0,-,4,0.80,17,1,1,6,13.5,1,0,0,0.0,14
2017-02-25,2017-02,2,パナソニックパンサーズ,堺ブレイザーズ,7,,久原翼,2,,,,□,□,1,1,0,100.0,100.0,0.50,0,0,0,-,1,0.50,0,0,0,0,-,2,0,0,0.0,2
2017-02-25,2017-02,2,パナソニックパンサーズ,堺ブレイザーズ,8,,関田誠大,5,□,□,□,□,□,0,0,0,,,-,0,0,0,-,0,-,2,0,0,0,0.0,0,0,0,-,0
2017-02-25,2017-02,2,パナソニックパンサーズ,堺ブレイザーズ,9,,今村貴彦,5,■,■,■,■,■,39,17,1,43.6,41.0,3.40,8,3,1,37.5,1,0.20,17,1,5,3,10.3,0,0,0,-,19
2017-02-25,2017-02,2,パナソニックパンサーズ,堺ブレイザーズ,11,,池田政之,4,□,□,□,□,,3,0,0,0.0,0.0,-,0,0,0,-,1,0.25,0,0,0,0,-,0,0,0,-,1
2017-02-25,2017-02,2,パナソニックパンサーズ,堺ブレイザーズ,12,L,専田和也,0,,,,,,0,0,0,,,-,0,0,0,-,0,-,0,0,0,0,-,0,0,0,-,0
2017-02-25,2017-02,2,パナソニックパンサーズ,堺ブレイザーズ,13,,クビアクミハウ,5,■,■,■,■,■,36,16,3,44.4,36.1,3.20,7,2,1,28.6,1,0.20,17,0,5,7,10.3,35,19,0,54.3,17
2017-02-25,2017-02,2,パナソニックパンサーズ,堺ブレイザーズ,14,,田城貴之,1,■,,,,,3,0,0,0.0,0.0,-,0,0,0,-,0,-,2,0,0,1,12.5,1,0,0,0.0,0
2017-02-25,2017-02,2,パナソニックパンサーズ,堺ブレイザーズ,15,,福澤達哉,5,■,■,■,■,■,38,16,0,42.1,42.1,3.20,7,4,0,57.1,3,0.60,13,1,2,2,11.5,14,4,0,28.6,20
2017-02-25,2017-02,2,パナソニックパンサーズ,堺ブレイザーズ,17,L,永野健,5,●,●,●,●,●,0,0,0,,,-,0,0,0,-,0,-,0,0,0,0,-,32,25,0,78.1,0
2017-02-25,2017-02,2,パナソニックパンサーズ,堺ブレイザーズ,21,,兒玉康成,0,,,,,,0,0,0,,,-,0,0,0,-,0,-,0,0,0,0,-,0,0,0,-,0
2017-02-25,2017-02,2,堺ブレイザーズ,パナソニックパンサーズ,1,,松本慶彦,5,■,■,■,■,■,15,6,0,40.0,40.0,1.20,0,0,0,-,3,0.60,22,1,0,11,17.0,3,3,0,100.0,10
2017-02-25,2017-02,2,堺ブレイザーズ,パナソニックパンサーズ,2,L,井上裕介,5,●,●,●,●,●,0,0,0,,,-,0,0,0,-,0,-,0,0,0,0,-,14,11,0,78.6,0
2017-02-25,2017-02,2,堺ブレイザーズ,パナソニックパンサーズ,4,,高野直哉,5,■,■,■,■,■,25,15,1,60.0,56.0,3.00,0,0,0,-,2,0.40,16,0,4,4,6.2,34,20,0,58.8,17
2017-02-25,2017-02,2,堺ブレイザーズ,パナソニックパンサーズ,5,,内藤和也,5,□,□,□,□,□,0,0,0,,,-,0,0,0,-,0,-,6,0,1,2,8.3,0,0,0,-,0
2017-02-25,2017-02,2,堺ブレイザーズ,パナソニックパンサーズ,6,,玉宅健太郎,1,,□,,,,0,0,0,,,-,0,0,0,-,1,1.00,2,0,0,0,0.0,0,0,0,-,1
2017-02-25,2017-02,2,堺ブレイザーズ,パナソニックパンサーズ,7,,出耒田敬,5,■,■,■,■,■,12,7,0,58.3,58.3,1.40,0,0,0,-,1,0.20,11,0,2,4,9.1,1,1,0,100.0,8
2017-02-25,2017-02,2,堺ブレイザーズ,パナソニックパンサーズ,8,,佐川翔,5,■,■,■,■,■,0,0,0,,,-,0,0,0,-,4,0.80,14,1,0,5,14.6,0,0,0,-,5
2017-02-25,2017-02,2,堺ブレイザーズ,パナソニックパンサーズ,10,,千々木駿介,5,■,■,□,■,■,26,12,1,46.2,42.3,2.40,3,1,0,33.3,1,0.20,10,0,3,3,7.5,24,11,0,45.8,13
2017-02-25,2017-02,2,堺ブレイザーズ,パナソニックパンサーズ,11,,伊藤康貴,5,□,□,■,□,□,5,1,0,20.0,20.0,0.20,0,0,0,-,0,-,2,0,0,1,12.5,12,6,0,50.0,1
2017-02-25,2017-02,2,堺ブレイザーズ,パナソニックパンサーズ,12,,横田一義,0,,,,,,0,0,0,,,-,0,0,0,-,0,-,0,0,0,0,-,0,0,0,-,0
2017-02-25,2017-02,2,堺ブレイザーズ,パナソニックパンサーズ,13,,松岡祐太,1,,,□,,,1,0,0,0.0,0.0,-,1,0,0,0.0,0,-,0,0,0,0,-,0,0,0,-,0
2017-02-25,2017-02,2,堺ブレイザーズ,パナソニックパンサーズ,15,,木村泰輔,1,,,,,□,0,0,0,,,-,0,0,0,-,0,-,0,0,0,0,-,0,0,0,-,0
2017-02-25,2017-02,2,堺ブレイザーズ,パナソニックパンサーズ,16,L,今富稜介,5,〇,〇,〇,〇,〇,0,0,0,,,-,0,0,0,-,0,-,0,0,0,0,-,0,0,0,-,0
2017-02-25,2017-02,2,堺ブレイザーズ,パナソニックパンサーズ,18,,ウォレスマルティンス,5,■,■,■,■,■,42,19,6,45.2,31.0,3.80,14,5,4,35.7,3,0.60,18,0,3,9,12.5,0,0,0,-,22
2017-02-26,2017-02,2,豊田合成トレフェルサ,サントリーサンバーズ,1,,山田脩造,2,■,■,,,,5,2,2,40.0,0.0,1.00,0,0,0,-,0,-,10,1,0,2,15.0,19,10,0,52.6,3
2017-02-26,2017-02,2,豊田合成トレフェルサ,サントリーサンバーズ,2,,山近哲,1,,,□,,,1,0,0,0.0,0.0,-,0,0,0,-,0,-,0,0,0,0,-,0,0,0,-,0
2017-02-26,2017-02,2,豊田合成トレフェルサ,サントリーサンバーズ,4,,内山正平,3,■,■,■,,,0,0,0,,,-,0,0,0,-,0,-,8,0,1,0,0.0,0,0,0,-,0
2017-02-26,2017-02,2,豊田合成トレフェルサ,サントリーサンバーズ,5,,前田一誠,2,,□,□,,,0,0,0,,,-,0,0,0,-,0,-,0,0,0,0,-,0,0,0,-,0
2017-02-26,2017-02,2,豊田合成トレフェルサ,サントリーサンバーズ,6,,近裕崇,3,■,■,■,,,4,3,0,75.0,75.0,1.00,0,0,0,-,0,-,9,0,0,3,8.3,0,0,0,-,3
2017-02-26,2017-02,2,豊田合成トレフェルサ,サントリーサンバーズ,10,L,古賀幸一郎,3,●,●,●,,,0,0,0,,,-,0,0,0,-,0,-,0,0,0,0,-,16,9,0,56.2,0
2017-02-26,2017-02,2,豊田合成トレフェルサ,サントリーサンバーズ,11,,傳田亮太,3,■,■,■,,,6,5,0,83.3,83.3,1.67,0,0,0,-,1,0.33,9,0,2,4,11.1,0,0,0,-,6
2017-02-26,2017-02,2,豊田合成トレフェルサ,サントリーサンバーズ,12,,高松卓矢,3,■,■,■,,,14,8,1,57.1,50.0,2.67,0,0,0,-,0,-,7,0,1,1,3.6,11,4,0,36.4,8
2017-02-26,2017-02,2,豊田合成トレフェルサ,サントリーサンバーズ,13,,岡本秀明,2,□,,■,,,3,0,0,0.0,0.0,-,0,0,0,-,0,-,3,0,2,0,0.0,15,10,0,66.7,0
2017-02-26,2017-02,2,豊田合成トレフェルサ,サントリーサンバーズ,14,,椿山竜介,2,,□,□,,,4,1,1,25.0,0.0,0.50,0,0,0,-,0,-,2,0,0,1,12.5,0,0,0,-,1
2017-02-26,2017-02,2,豊田合成トレフェルサ,サントリーサンバーズ,15,,オムルチェンイゴール,3,■,■,■,,,32,15,4,46.9,34.4,5.00,15,6,3,40.0,0,-,8,0,4,3,9.4,0,0,0,-,15
2017-02-26,2017-02,2,豊田合成トレフェルサ,サントリーサンバーズ,16,L,黒澤雄介,0,,,,,,0,0,0,,,-,0,0,0,-,0,-,0,0,0,0,-,0,0,0,-,0
2017-02-26,2017-02,2,豊田合成トレフェルサ,サントリーサンバーズ,20,,川口太一,2,□,□,,,,0,0,0,,,-,0,0,0,-,0,-,0,0,0,0,-,1,1,0,100.0,0
2017-02-26,2017-02,2,豊田合成トレフェルサ,サントリーサンバーズ,21,,細中久里寿,0,,,,,,0,0,0,,,-,0,0,0,-,0,-,0,0,0,0,-,0,0,0,-,0
2017-02-26,2017-02,2,サントリーサンバーズ,豊田合成トレフェルサ,1,,山村宏太,0,,,,,,0,0,0,,,-,0,0,0,-,0,-,0,0,0,0,-,0,0,0,-,0
2017-02-26,2017-02,2,サントリーサンバーズ,豊田合成トレフェルサ,2,,鈴木寛史,3,■,■,■,,,6,5,0,83.3,83.3,1.67,0,0,0,-,1,0.33,15,0,1,4,6.7,0,0,0,-,6
2017-02-26,2017-02,2,サントリーサンバーズ,豊田合成トレフェルサ,3,L,高橋賢,0,,,,,,0,0,0,,,-,0,0,0,-,0,-,0,0,0,0,-,0,0,0,-,0
2017-02-26,2017-02,2,サントリーサンバーズ,豊田合成トレフェルサ,4,,エスコバルヤドリアン,3,■,■,■,,,31,24,1,77.4,74.2,8.00,19,16,1,84.2,0,-,21,4,2,10,30.0,0,0,0,-,28
2017-02-26,2017-02,2,サントリーサンバーズ,豊田合成トレフェルサ,5,L,酒井大祐,3,●,●,●,,,0,0,0,,,-,0,0,0,-,0,-,0,0,0,0,-,14,11,0,78.6,0
2017-02-26,2017-02,2,サントリーサンバーズ,豊田合成トレフェルサ,6,,岡本祥吾,1,,□,,,,0,0,0,,,-,0,0,0,-,0,-,0,0,0,0,-,0,0,0,-,0
2017-02-26,2017-02,2,サントリーサンバーズ,豊田合成トレフェルサ,8,,柳田将洋,3,■,■,■,,,12,5,0,41.7,41.7,1.67,1,0,0,0.0,2,0.67,14,3,2,4,24.3,8,4,0,50.0,10
2017-02-26,2017-02,2,サントリーサンバーズ,豊田合成トレフェルサ,10,,藤中謙也,3,■,■,■,,,5,1,2,20.0,-20.0,0.33,0,0,0,-,0,-,8,0,1,2,6.2,19,14,0,73.7,1
2017-02-26,2017-02,2,サントリーサンバーズ,豊田合成トレフェルサ,11,,鶴田大樹,2,□,□,,,,0,0,0,,,-,0,0,0,-,1,0.50,0,0,0,0,-,3,2,0,66.7,1
2017-02-26,2017-02,2,サントリーサンバーズ,豊田合成トレフェルサ,12,,塩田達也,3,■,■,■,,,12,4,1,33.3,25.0,1.33,0,0,0,-,3,1.00,8,0,3,4,12.5,0,0,0,-,7
2017-02-26,2017-02,2,サントリーサンバーズ,豊田合成トレフェルサ,15,,山本湧,3,■,■,■,,,1,0,1,0.0,-100.0,-,0,0,0,-,0,-,8,0,0,1,3.1,1,0,0,0.0,0
2017-02-26,2017-02,2,サントリーサンバーズ,豊田合成トレフェルサ,17,,星谷健太朗,0,,,,,,0,0,0,,,-,0,0,0,-,0,-,0,0,0,0,-,0,0,0,-,0
2017-02-26,2017-02,2,サントリーサンバーズ,豊田合成トレフェルサ,18,,小川猛,0,,,,,,0,0,0,,,-,0,0,0,-,0,-,0,0,0,0,-,0,0,0,-,0
2017-02-26,2017-02,2,サントリーサンバーズ,豊田合成トレフェルサ,19,,栗山雅史,2,,□,□,,,0,0,0,,,-,0,0,0,-,0,-,0,0,0,0,-,0,0,0,-,0
2017-02-26,2017-02,2,東レアローズ,ジェイテクトSTINGS,1,,富松崇彰,3,■,■,■,,,11,6,1,54.5,45.5,2.00,0,0,0,-,1,0.33,8,0,1,3,9.4,1,1,0,100.0,7
2017-02-26,2017-02,2,東レアローズ,ジェイテクトSTINGS,4,,佐野翔,2,,□,□,,,4,1,0,25.0,25.0,0.50,4,1,0,25.0,0,-,0,0,0,0,-,0,0,0,-,1
2017-02-26,2017-02,2,東レアローズ,ジェイテクトSTINGS,5,,米山裕太,3,■,■,■,,,12,4,0,33.3,33.3,1.33,0,0,0,-,0,-,7,0,2,2,7.1,42,32,0,76.2,4
2017-02-26,2017-02,2,東レアローズ,ジェイテクトSTINGS,6,L,渡辺俊介,0,,,,,,0,0,0,,,-,0,0,0,-,0,-,0,0,0,0,-,1,1,0,100.0,0
2017-02-26,2017-02,2,東レアローズ,ジェイテクトSTINGS,8,,瀬戸口竜矢,0,,,,,,0,0,0,,,-,0,0,0,-,0,-,0,0,0,0,-,0,0,0,-,0
2017-02-26,2017-02,2,東レアローズ,ジェイテクトSTINGS,9,,梅野聡,0,,,,,,0,0,0,,,-,0,0,0,-,0,-,0,0,0,0,-,0,0,0,-,0
2017-02-26,2017-02,2,東レアローズ,ジェイテクトSTINGS,10,,星野秀知,0,,,,,,0,0,0,,,-,0,0,0,-,0,-,0,0,0,0,-,0,0,0,-,0
2017-02-26,2017-02,2,東レアローズ,ジェイテクトSTINGS,14,,ジョルジェフニコラ,3,■,■,■,,,46,20,2,43.5,39.1,6.67,21,9,1,42.9,1,0.33,11,1,3,3,15.9,1,0,0,0.0,22
2017-02-26,2017-02,2,東レアローズ,ジェイテクトSTINGS,15,,李博,3,■,■,■,,,9,2,0,22.2,22.2,0.67,0,0,0,-,2,0.67,11,1,3,4,18.2,1,0,0,0.0,5
2017-02-26,2017-02,2,東レアローズ,ジェイテクトSTINGS,17,,黒木康太郎,0,,,,,,0,0,0,,,-,0,0,0,-,0,-,0,0,0,0,-,0,0,0,-,0
2017-02-26,2017-02,2,東レアローズ,ジェイテクトSTINGS,18,,鈴木悠二,3,■,■,■,,,13,5,0,38.5,38.5,1.67,2,1,0,50.0,0,-,9,0,2,6,16.7,5,2,0,40.0,5
2017-02-26,2017-02,2,東レアローズ,ジェイテクトSTINGS,19,,小宮雄一郎,1,,□,,,,0,0,0,,,-,0,0,0,-,0,-,0,0,0,0,-,0,0,0,-,0
2017-02-26,2017-02,2,東レアローズ,ジェイテクトSTINGS,21,,藤井直伸,3,■,■,■,,,0,0,0,,,-,0,0,0,-,0,-,11,0,0,7,15.9,0,0,0,-,0
2017-02-26,2017-02,2,東レアローズ,ジェイテクトSTINGS,22,L,井手智,3,●,●,●,,,0,0,0,,,-,0,0,0,-,0,-,0,0,0,0,-,12,8,0,66.7,0
2017-02-26,2017-02,2,ジェイテクトSTINGS,東レアローズ,1,,カジースキマテイ,3,■,■,■,,,38,16,1,42.1,39.5,5.33,8,3,0,37.5,1,0.33,17,0,6,6,8.8,9,4,0,44.4,17
2017-02-26,2017-02,2,ジェイテクトSTINGS,東レアローズ,2,,金丸晃大,3,■,■,■,,,3,0,0,0.0,0.0,-,0,0,0,-,2,0.67,11,0,0,7,15.9,2,2,0,100.0,2
2017-02-26,2017-02,2,ジェイテクトSTINGS,東レアローズ,3,,渡邉峻,0,,,,,,0,0,0,,,-,0,0,0,-,0,-,0,0,0,0,-,0,0,0,-,0
2017-02-26,2017-02,2,ジェイテクトSTINGS,東レアローズ,5,,清野真一,3,■,■,■,,,21,14,0,66.7,66.7,4.67,7,5,0,71.4,0,-,11,0,1,0,0.0,0,0,0,-,14
2017-02-26,2017-02,2,ジェイテクトSTINGS,東レアローズ,7,,高橋和人,0,,,,,,0,0,0,,,-,0,0,0,-,0,-,0,0,0,0,-,0,0,0,-,0
2017-02-26,2017-02,2,ジェイテクトSTINGS,東レアローズ,10,,松原広輔,0,,,,,,0,0,0,,,-,0,0,0,-,0,-,0,0,0,0,-,0,0,0,-,0
2017-02-26,2017-02,2,ジェイテクトSTINGS,東レアローズ,11,,袴谷亮介,2,,□,□,,,0,0,0,,,-,0,0,0,-,0,-,0,0,0,0,-,0,0,0,-,0
2017-02-26,2017-02,2,ジェイテクトSTINGS,東レアローズ,12,L,興梠亮,3,●,●,●,,,0,0,0,,,-,0,0,0,-,0,-,0,0,0,0,-,8,4,0,50.0,0
2017-02-26,2017-02,2,ジェイテクトSTINGS,東レアローズ,16,,久保山尚,3,■,■,■,,,0,0,0,,,-,0,0,0,-,3,1.00,17,0,0,3,4.4,2,0,0,0.0,3
2017-02-26,2017-02,2,ジェイテクトSTINGS,東レアローズ,17,L,本間隆太,0,,,,,,0,0,0,,,-,0,0,0,-,0,-,0,0,0,0,-,0,0,0,-,0
2017-02-26,2017-02,2,ジェイテクトSTINGS,東レアローズ,19,,浅野博亮,3,■,■,■,,,25,14,1,56.0,52.0,4.67,3,2,0,66.7,3,1.00,8,2,1,2,28.7,23,10,0,43.5,19
2017-02-26,2017-02,2,ジェイテクトSTINGS,東レアローズ,21,,廣瀬優希,2,□,□,,,,0,0,0,,,-,0,0,0,-,0,-,0,0,0,0,-,0,0,0,-,0
2017-02-26,2017-02,2,ジェイテクトSTINGS,東レアローズ,22,,柳澤広平,0,,,,,,0,0,0,,,-,0,0,0,-,0,-,0,0,0,0,-,0,0,0,-,0
2017-02-26,2017-02,2,ジェイテクトSTINGS,東レアローズ,23,,福山汰一,3,■,■,■,,,5,4,0,80.0,80.0,1.33,0,0,0,-,0,-,10,0,2,2,5.0,0,0,0,-,4
2017-03-04,2017-03,3,パナソニックパンサーズ,ジェイテクトSTINGS,2,,深津英臣,3,■,■,■,,,0,0,0,,,-,0,0,0,-,0,-,9,0,1,6,16.7,0,0,0,-,0
2017-03-04,2017-03,3,パナソニックパンサーズ,ジェイテクトSTINGS,3,,山添信也,2,■,■,,,,2,1,0,50.0,50.0,0.50,0,0,0,-,0,-,4,0,3,1,6.2,0,0,0,-,1
2017-03-04,2017-03,3,パナソニックパンサーズ,ジェイテクトSTINGS,5,,渡辺奏吾,3,□,□,,□,,4,3,0,75.0,75.0,1.00,1,1,0,100.0,0,-,1,0,1,0,0.0,1,0,0,0.0,3
2017-03-04,2017-03,3,パナソニックパンサーズ,ジェイテクトSTINGS,6,,白澤健児,4,■,■,■,■,,4,4,0,100.0,100.0,1.00,0,0,0,-,0,-,14,1,0,6,16.4,0,0,0,-,5
2017-03-04,2017-03,3,パナソニックパンサーズ,ジェイテクトSTINGS,7,,久原翼,1,,,,□,,10,5,0,50.0,50.0,5.00,1,0,0,0.0,1,1.00,4,1,0,0,20.0,6,3,0,50.0,7
2017-03-04,2017-03,3,パナソニックパンサーズ,ジェイテクトSTINGS,8,,関田誠大,3,,□,□,■,,1,1,0,100.0,100.0,0.33,0,0,0,-,1,0.33,9,0,1,4,11.1,0,0,0,-,2
2017-03-04,2017-03,3,パナソニックパンサーズ,ジェイテクトSTINGS,9,,今村貴彦,4,■,■,■,■,,29,8,2,27.6,20.7,2.00,12,2,2,16.7,0,-,15,0,1,7,11.7,1,0,0,0.0,8
2017-03-04,2017-03,3,パナソニックパンサーズ,ジェイテクトSTINGS,11,,池田政之,0,,,,,,0,0,0,,,-,0,0,0,-,0,-,0,0,0,0,-,0,0,0,-,0
2017-03-04,2017-03,3,パナソニックパンサーズ,ジェイテクトSTINGS,12,L,専田和也,0,,,,,,0,0,0,,,-,0,0,0,-,0,-,0,0,0,0,-,0,0,0,-,0
2017-03-04,2017-03,3,パナソニックパンサーズ,ジェイテクトSTINGS,13,,クビアクミハウ,4,■,■,■,■,,41,18,2,43.9,39.0,4.50,5,1,0,20.0,1,0.25,15,2,2,7,23.7,25,10,0,40.0,21
2017-03-04,2017-03,3,パナソニックパンサーズ,ジェイテクトSTINGS,15,,福澤達哉,4,■,■,■,■,,27,18,0,66.7,66.7,4.50,3,0,0,0.0,1,0.25,8,0,1,0,0.0,28,14,0,50.0,19
2017-03-04,2017-03,3,パナソニックパンサーズ,ジェイテクトSTINGS,17,L,永野健,4,●,●,●,●,,0,0,0,,,-,0,0,0,-,0,-,0,0,0,0,-,21,13,0,61.9,0
2017-03-04,2017-03,3,パナソニックパンサーズ,ジェイテクトSTINGS,19,,合田心平,2,□,,,□,,0,0,0,,,-,0,0,0,-,0,-,5,0,1,4,20.0,0,0,0,-,0
2017-03-04,2017-03,3,パナソニックパンサーズ,ジェイテクトSTINGS,21,,兒玉康成,3,,□,■,■,,10,6,1,60.0,50.0,2.00,0,0,0,-,0,-,9,1,1,4,20.0,0,0,0,-,7
2017-03-04,2017-03,3,ジェイテクトSTINGS,パナソニックパンサーズ,1,,カジースキマテイ,4,■,■,■,■,,36,18,0,50.0,50.0,4.50,8,2,0,25.0,1,0.25,19,4,4,11,31.3,21,9,0,42.9,23
2017-03-04,2017-03,3,ジェイテクトSTINGS,パナソニックパンサーズ,2,,金丸晃大,4,■,■,■,■,,4,3,0,75.0,75.0,0.75,0,0,0,-,2,0.50,15,1,1,8,18.7,1,0,0,0.0,6
2017-03-04,2017-03,3,ジェイテクトSTINGS,パナソニックパンサーズ,4,,古田史郎,2,□,,,□,,0,0,0,,,-,0,0,0,-,0,-,0,0,0,0,-,0,0,0,-,0
2017-03-04,2017-03,3,ジェイテクトSTINGS,パナソニックパンサーズ,5,,清野真一,4,■,■,■,■,,33,14,3,42.4,33.3,3.50,14,3,3,21.4,0,-,18,1,2,4,11.1,0,0,0,-,15
2017-03-04,2017-03,3,ジェイテクトSTINGS,パナソニックパンサーズ,6,,高橋慎治,0,,,,,,0,0,0,,,-,0,0,0,-,0,-,0,0,0,0,-,0,0,0,-,0
2017-03-04,2017-03,3,ジェイテクトSTINGS,パナソニックパンサーズ,7,,高橋和人,0,,,,,,0,0,0,,,-,0,0,0,-,0,-,0,0,0,0,-,0,0,0,-,0
2017-03-04,2017-03,3,ジェイテクトSTINGS,パナソニックパンサーズ,10,,松原広輔,1,□,,,,,0,0,0,,,-,0,0,0,-,0,-,1,0,0,0,0.0,0,0,0,-,0
2017-03-04,2017-03,3,ジェイテクトSTINGS,パナソニックパンサーズ,12,L,興梠亮,4,●,●,●,●,,0,0,0,,,-,0,0,0,-,0,-,0,0,0,0,-,17,10,0,58.8,0
2017-03-04,2017-03,3,ジェイテクトSTINGS,パナソニックパンサーズ,16,,久保山尚,4,■,■,■,■,,2,0,1,0.0,-50.0,-,1,0,1,0.0,1,0.25,16,0,0,7,10.9,0,0,0,-,1
2017-03-04,2017-03,3,ジェイテクトSTINGS,パナソニックパンサーズ,17,L,本間隆太,0,,,,,,0,0,0,,,-,0,0,0,-,0,-,0,0,0,0,-,0,0,0,-,0
2017-03-04,2017-03,3,ジェイテクトSTINGS,パナソニックパンサーズ,19,,浅野博亮,4,■,■,■,■,,32,19,2,59.4,53.1,4.75,2,1,0,50.0,1,0.25,14,1,2,5,16.1,39,17,0,43.6,21
2017-03-04,2017-03,3,ジェイテクトSTINGS,パナソニックパンサーズ,21,,廣瀬優希,2,□,,,□,,0,0,0,,,-,0,0,0,-,0,-,0,0,0,0,-,0,0,0,-,0
2017-03-04,2017-03,3,ジェイテクトSTINGS,パナソニックパンサーズ,22,,柳澤広平,0,,,,,,0,0,0,,,-,0,0,0,-,0,-,0,0,0,0,-,0,0,0,-,0
2017-03-04,2017-03,3,ジェイテクトSTINGS,パナソニックパンサーズ,23,,福山汰一,4,■,■,■,■,,15,10,0,66.7,66.7,2.50,0,0,0,-,2,0.50,12,0,2,3,6.2,2,1,0,50.0,12
2017-03-04,2017-03,3,サントリーサンバーズ,堺ブレイザーズ,1,,山村宏太,2,,,□,□,,0,0,0,,,-,0,0,0,-,0,-,1,0,1,0,0.0,0,0,0,-,0
2017-03-04,2017-03,3,サントリーサンバーズ,堺ブレイザーズ,2,,鈴木寛史,5,■,■,■,■,■,14,9,3,64.3,42.9,1.80,0,0,0,-,4,0.80,19,0,1,13,17.1,0,0,0,-,13
2017-03-04,2017-03,3,サントリーサンバーズ,堺ブレイザーズ,3,,高橋賢,1,,□,,,,0,0,0,,,-,0,0,0,-,0,-,0,0,0,0,-,0,0,0,-,0
2017-03-04,2017-03,3,サントリーサンバーズ,堺ブレイザーズ,4,,エスコバルヤドリアン,5,■,■,■,■,■,63,34,3,54.0,49.2,6.80,24,14,0,58.3,2,0.40,16,1,7,2,8.1,0,0,0,-,37
2017-03-04,2017-03,3,サントリーサンバーズ,堺ブレイザーズ,5,L,酒井大祐,5,●,●,●,●,●,0,0,0,,,-,0,0,0,-,0,-,0,0,0,0,-,46,30,0,65.2,0
2017-03-04,2017-03,3,サントリーサンバーズ,堺ブレイザーズ,6,,岡本祥吾,2,□,,,,□,0,0,0,,,-,0,0,0,-,0,-,1,0,0,0,0.0,0,0,0,-,0
2017-03-04,2017-03,3,サントリーサンバーズ,堺ブレイザーズ,8,,柳田将洋,5,■,■,■,□,■,24,7,1,29.2,25.0,1.40,1,0,1,0.0,1,0.20,13,0,4,8,15.4,15,3,0,20.0,8
2017-03-04,2017-03,3,サントリーサンバーズ,堺ブレイザーズ,9,L,阿部裕太,0,,,,,,0,0,0,,,-,0,0,0,-,0,-,0,0,0,0,-,0,0,0,-,0
2017-03-04,2017-03,3,サントリーサンバーズ,堺ブレイザーズ,10,,藤中謙也,5,■,■,■,■,■,14,6,2,42.9,28.6,1.20,0,0,0,-,1,0.20,15,1,1,4,12.0,34,18,0,52.9,8
2017-03-04,2017-03,3,サントリーサンバーズ,堺ブレイザーズ,12,,塩田達也,5,■,■,■,■,■,17,10,1,58.8,52.9,2.00,0,0,0,-,3,0.60,11,0,2,6,13.6,0,0,0,-,13
2017-03-04,2017-03,3,サントリーサンバーズ,堺ブレイザーズ,15,,山本湧,5,■,■,■,■,■,2,1,1,50.0,0.0,0.20,0,0,0,-,0,-,17,0,1,12,17.6,0,0,0,-,1
2017-03-04,2017-03,3,サントリーサンバーズ,堺ブレイザーズ,17,,星谷健太朗,0,,,,,,0,0,0,,,-,0,0,0,-,0,-,0,0,0,0,-,0,0,0,-,0
2017-03-04,2017-03,3,サントリーサンバーズ,堺ブレイザーズ,18,,小川猛,4,□,,□,□,□,0,0,0,,,-,0,0,0,-,0,-,7,1,0,4,25.7,0,0,0,-,1
2017-03-04,2017-03,3,サントリーサンバーズ,堺ブレイザーズ,19,,栗山雅史,4,□,,□,■,□,12,3,0,25.0,25.0,0.75,0,0,0,-,0,-,5,0,0,3,15.0,4,2,0,50.0,3
2017-03-04,2017-03,3,堺ブレイザーズ,サントリーサンバーズ,1,,松本慶彦,5,■,■,■,■,■,11,8,0,72.7,72.7,1.60,0,0,0,-,3,0.60,14,0,1,3,5.4,0,0,0,-,11
2017-03-04,2017-03,3,堺ブレイザーズ,サントリーサンバーズ,2,L,井上裕介,5,●,●,●,●,●,0,0,0,,,-,0,0,0,-,0,-,0,0,0,0,-,13,4,0,30.8,0
2017-03-04,2017-03,3,堺ブレイザーズ,サントリーサンバーズ,4,,高野直哉,5,■,■,■,■,■,17,9,0,52.9,52.9,1.80,0,0,0,-,0,-,20,0,2,3,3.8,42,16,0,38.1,9
2017-03-04,2017-03,3,堺ブレイザーズ,サントリーサンバーズ,5,,内藤和也,5,□,□,□,□,□,0,0,0,,,-,0,0,0,-,0,-,5,0,1,3,15.0,0,0,0,-,0
2017-03-04,2017-03,3,堺ブレイザーズ,サントリーサンバーズ,6,,玉宅健太郎,1,,,□,,,0,0,0,,,-,0,0,0,-,0,-,0,0,0,0,-,0,0,0,-,0
2017-03-04,2017-03,3,堺ブレイザーズ,サントリーサンバーズ,7,,出耒田敬,5,■,■,■,■,■,13,6,1,46.2,38.5,1.20,0,0,0,-,2,0.40,14,0,3,5,8.9,0,0,0,-,8
2017-03-04,2017-03,3,堺ブレイザーズ,サントリーサンバーズ,8,,佐川翔,5,■,■,■,■,■,2,2,0,100.0,100.0,0.40,0,0,0,-,3,0.60,22,1,1,10,15.9,0,0,0,-,6
2017-03-04,2017-03,3,堺ブレイザーズ,サントリーサンバーズ,10,,千々木駿介,5,■,■,■,■,■,27,9,2,33.3,25.9,1.80,4,2,1,50.0,2,0.40,16,0,0,10,15.6,31,13,0,41.9,11
2017-03-04,2017-03,3,堺ブレイザーズ,サントリーサンバーズ,11,,伊藤康貴,3,□,,□,□,,0,0,0,,,-,0,0,0,-,0,-,0,0,0,0,-,2,0,0,0.0,0
2017-03-04,2017-03,3,堺ブレイザーズ,サントリーサンバーズ,12,,横田一義,0,,,,,,0,0,0,,,-,0,0,0,-,0,-,0,0,0,0,-,0,0,0,-,0
2017-03-04,2017-03,3,堺ブレイザーズ,サントリーサンバーズ,13,,松岡祐太,0,,,,,,0,0,0,,,-,0,0,0,-,0,-,0,0,0,0,-,0,0,0,-,0
2017-03-04,2017-03,3,堺ブレイザーズ,サントリーサンバーズ,15,,木村泰輔,0,,,,,,0,0,0,,,-,0,0,0,-,0,-,0,0,0,0,-,0,0,0,-,0
2017-03-04,2017-03,3,堺ブレイザーズ,サントリーサンバーズ,16,L,今富稜介,5,〇,〇,〇,〇,〇,0,0,0,,,-,0,0,0,-,0,-,0,0,0,0,-,0,0,0,-,0
2017-03-04,2017-03,3,堺ブレイザーズ,サントリーサンバーズ,18,,ウォレスマルティンス,5,■,■,■,■,■,60,29,4,48.3,41.7,5.80,21,7,3,33.3,4,0.80,18,0,1,12,16.7,0,0,0,-,33
2017-03-05,2017-03,3,豊田合成トレフェルサ,東レアローズ,1,,山田脩造,3,■,■,■,,,5,0,2,0.0,-40.0,-,0,0,0,-,0,-,14,1,2,9,21.8,24,7,0,29.2,1
2017-03-05,2017-03,3,豊田合成トレフェルサ,東レアローズ,2,,山近哲,1,□,,,,,0,0,0,,,-,0,0,0,-,0,-,0,0,0,0,-,0,0,0,-,0
2017-03-05,2017-03,3,豊田合成トレフェルサ,東レアローズ,4,,内山正平,3,■,■,■,,,1,0,1,0.0,-100.0,-,0,0,0,-,1,0.33,6,0,1,1,4.2,0,0,0,-,1
2017-03-05,2017-03,3,豊田合成トレフェルサ,東レアローズ,5,,前田一誠,1,,□,,,,0,0,0,,,-,0,0,0,-,0,-,1,0,0,0,0.0,0,0,0,-,0
2017-03-05,2017-03,3,豊田合成トレフェルサ,東レアローズ,6,,近裕崇,3,■,■,■,,,4,1,1,25.0,0.0,0.33,0,0,0,-,0,-,8,0,1,3,9.4,1,0,0,0.0,1
2017-03-05,2017-03,3,豊田合成トレフェルサ,東レアローズ,10,L,古賀幸一郎,3,●,●,●,,,0,0,0,,,-,0,0,0,-,0,-,0,0,0,0,-,8,3,0,37.5,0
2017-03-05,2017-03,3,豊田合成トレフェルサ,東レアローズ,11,,傳田亮太,3,■,■,■,,,4,4,0,100.0,100.0,1.33,0,0,0,-,2,0.67,9,0,2,5,13.9,0,0,0,-,6
2017-03-05,2017-03,3,豊田合成トレフェルサ,東レアローズ,12,,高松卓矢,3,■,■,■,,,16,7,2,43.8,31.2,2.33,0,0,0,-,0,-,8,1,1,2,16.2,18,3,0,16.7,8
2017-03-05,2017-03,3,豊田合成トレフェルサ,東レアローズ,13,,岡本秀明,2,,□,□,,,0,0,0,,,-,0,0,0,-,0,-,0,0,0,0,-,2,0,0,0.0,0
2017-03-05,2017-03,3,豊田合成トレフェルサ,東レアローズ,14,,椿山竜介,1,,,□,,,0,0,0,,,-,0,0,0,-,0,-,1,0,0,0,0.0,0,0,0,-,0
2017-03-05,2017-03,3,豊田合成トレフェルサ,東レアローズ,15,,オムルチェンイゴール,3,■,■,■,,,30,17,0,56.7,56.7,5.67,15,10,0,66.7,1,0.33,14,3,5,5,27.5,0,0,0,-,21
2017-03-05,2017-03,3,豊田合成トレフェルサ,東レアローズ,16,L,黒澤雄介,0,,,,,,0,0,0,,,-,0,0,0,-,0,-,0,0,0,0,-,0,0,0,-,0
2017-03-05,2017-03,3,豊田合成トレフェルサ,東レアローズ,20,,川口太一,3,□,□,□,,,0,0,0,,,-,0,0,0,-,0,-,0,0,0,0,-,4,2,0,50.0,0
2017-03-05,2017-03,3,豊田合成トレフェルサ,東レアローズ,21,,細中久里寿,0,,,,,,0,0,0,,,-,0,0,0,-,0,-,0,0,0,0,-,0,0,0,-,0
2017-03-05,2017-03,3,東レアローズ,豊田合成トレフェルサ,1,,富松崇彰,3,■,■,■,,,8,6,0,75.0,75.0,2.00,0,0,0,-,2,0.67,12,1,4,3,12.9,2,1,0,50.0,9
2017-03-05,2017-03,3,東レアローズ,豊田合成トレフェルサ,4,,佐野翔,1,□,,,,,0,0,0,,,-,0,0,0,-,0,-,0,0,0,0,-,0,0,0,-,0
2017-03-05,2017-03,3,東レアローズ,豊田合成トレフェルサ,5,,米山裕太,3,■,■,■,,,9,6,0,66.7,66.7,2.00,0,0,0,-,0,-,9,0,3,4,11.1,21,7,0,33.3,6
2017-03-05,2017-03,3,東レアローズ,豊田合成トレフェルサ,6,L,渡辺俊介,1,,,〇,,,0,0,0,,,-,0,0,0,-,0,-,0,0,0,0,-,4,3,0,75.0,0
2017-03-05,2017-03,3,東レアローズ,豊田合成トレフェルサ,8,,瀬戸口竜矢,0,,,,,,0,0,0,,,-,0,0,0,-,0,-,0,0,0,0,-,0,0,0,-,0
2017-03-05,2017-03,3,東レアローズ,豊田合成トレフェルサ,9,,梅野聡,0,,,,,,0,0,0,,,-,0,0,0,-,0,-,0,0,0,0,-,0,0,0,-,0
2017-03-05,2017-03,3,東レアローズ,豊田合成トレフェルサ,10,,星野秀知,1,□,,,,,1,0,0,0.0,0.0,-,0,0,0,-,0,-,0,0,0,0,-,0,0,0,-,0
2017-03-05,2017-03,3,東レアローズ,豊田合成トレフェルサ,14,,ジョルジェフニコラ,3,■,■,■,,,39,29,1,74.4,71.8,9.67,23,16,1,69.6,0,-,15,1,4,9,21.7,0,0,0,-,30
2017-03-05,2017-03,3,東レアローズ,豊田合成トレフェルサ,15,,李博,3,■,■,■,,,4,2,0,50.0,50.0,0.67,0,0,0,-,2,0.67,13,0,4,7,13.5,0,0,0,-,4
2017-03-05,2017-03,3,東レアローズ,豊田合成トレフェルサ,17,,黒木康太郎,0,,,,,,0,0,0,,,-,0,0,0,-,0,-,0,0,0,0,-,0,0,0,-,0
2017-03-05,2017-03,3,東レアローズ,豊田合成トレフェルサ,18,,鈴木悠二,3,■,■,■,,,14,6,1,42.9,35.7,2.00,2,1,0,50.0,1,0.33,16,2,1,10,25.6,14,5,0,35.7,9
2017-03-05,2017-03,3,東レアローズ,豊田合成トレフェルサ,19,,小宮雄一郎,0,,,,,,0,0,0,,,-,0,0,0,-,0,-,0,0,0,0,-,0,0,0,-,0
2017-03-05,2017-03,3,東レアローズ,豊田合成トレフェルサ,21,,藤井直伸,3,■,■,■,,,1,1,0,100.0,100.0,0.33,0,0,0,-,1,0.33,13,0,4,6,11.5,0,0,0,-,2
2017-03-05,2017-03,3,東レアローズ,豊田合成トレフェルサ,22,L,井手智,3,●,●,●,,,0,0,0,,,-,0,0,0,-,0,-,0,0,0,0,-,7,3,0,42.9,0
2017-03-05,2017-03,3,パナソニックパンサーズ,サントリーサンバーズ,2,,深津英臣,4,■,■,■,■,,2,1,1,50.0,0.0,0.25,0,0,0,-,1,0.25,11,0,0,3,6.8,1,0,0,0.0,2
2017-03-05,2017-03,3,パナソニックパンサーズ,サントリーサンバーズ,3,,山添信也,4,■,■,■,■,,6,3,1,50.0,33.3,0.75,0,0,0,-,2,0.50,9,0,1,5,13.9,0,0,0,-,5
2017-03-05,2017-03,3,パナソニックパンサーズ,サントリーサンバーズ,5,,渡辺奏吾,1,,,□,,,5,1,1,20.0,0.0,1.00,0,0,0,-,0,-,0,0,0,0,-,0,0,0,-,1
2017-03-05,2017-03,3,パナソニックパンサーズ,サントリーサンバーズ,6,,白澤健児,4,■,■,■,■,,9,4,1,44.4,33.3,1.00,0,0,0,-,6,1.50,8,0,1,2,6.2,0,0,0,-,10
2017-03-05,2017-03,3,パナソニックパンサーズ,サントリーサンバーズ,7,,久原翼,0,,,,,,0,0,0,,,-,0,0,0,-,0,-,0,0,0,0,-,0,0,0,-,0
2017-03-05,2017-03,3,パナソニックパンサーズ,サントリーサンバーズ,8,,関田誠大,3,□,□,□,,,0,0,0,,,-,0,0,0,-,0,-,1,0,0,0,0.0,0,0,0,-,0
2017-03-05,2017-03,3,パナソニックパンサーズ,サントリーサンバーズ,9,,今村貴彦,4,■,■,■,■,,20,9,3,45.0,30.0,2.25,3,0,3,0.0,1,0.25,28,3,2,16,24.3,0,0,0,-,13
2017-03-05,2017-03,3,パナソニックパンサーズ,サントリーサンバーズ,11,,池田政之,2,□,□,,,,1,0,0,0.0,0.0,-,0,0,0,-,0,-,0,0,0,0,-,0,0,0,-,0
2017-03-05,2017-03,3,パナソニックパンサーズ,サントリーサンバーズ,12,L,専田和也,0,,,,,,0,0,0,,,-,0,0,0,-,0,-,0,0,0,0,-,0,0,0,-,0
2017-03-05,2017-03,3,パナソニックパンサーズ,サントリーサンバーズ,13,,クビアクミハウ,4,■,■,■,■,,38,13,1,34.2,31.6,3.25,8,4,0,50.0,0,-,20,2,4,10,20.5,25,16,0,64.0,15
2017-03-05,2017-03,3,パナソニックパンサーズ,サントリーサンバーズ,15,,福澤達哉,4,■,■,■,■,,41,20,0,48.8,48.8,5.00,5,4,0,80.0,3,0.75,12,1,1,2,12.5,29,11,0,37.9,24
2017-03-05,2017-03,3,パナソニックパンサーズ,サントリーサンバーズ,17,L,永野健,4,●,●,●,●,,0,0,0,,,-,0,0,0,-,0,-,0,0,0,0,-,21,12,0,57.1,0
2017-03-05,2017-03,3,パナソニックパンサーズ,サントリーサンバーズ,19,,合田心平,4,□,□,□,□,,0,0,0,,,-,0,0,0,-,0,-,7,0,1,3,10.7,0,0,0,-,0
2017-03-05,2017-03,3,パナソニックパンサーズ,サントリーサンバーズ,21,,兒玉康成,0,,,,,,0,0,0,,,-,0,0,0,-,0,-,0,0,0,0,-,0,0,0,-,0
2017-03-05,2017-03,3,サントリーサンバーズ,パナソニックパンサーズ,1,,山村宏太,3,,□,□,■,,2,0,0,0.0,0.0,-,0,0,0,-,0,-,4,0,0,1,6.2,0,0,0,-,0
2017-03-05,2017-03,3,サントリーサンバーズ,パナソニックパンサーズ,2,,鈴木寛史,3,■,■,■,,,3,1,0,33.3,33.3,0.33,0,0,0,-,1,0.33,13,0,2,5,9.6,0,0,0,-,2
2017-03-05,2017-03,3,サントリーサンバーズ,パナソニックパンサーズ,3,L,高橋賢,0,,,,,,0,0,0,,,-,0,0,0,-,0,-,0,0,0,0,-,0,0,0,-,0
2017-03-05,2017-03,3,サントリーサンバーズ,パナソニックパンサーズ,4,,エスコバルヤドリアン,4,■,■,■,■,,64,37,4,57.8,51.6,9.25,25,17,2,68.0,2,0.50,10,0,4,5,12.5,0,0,0,-,39
2017-03-05,2017-03,3,サントリーサンバーズ,パナソニックパンサーズ,5,L,酒井大祐,4,●,●,●,●,,0,0,0,,,-,0,0,0,-,0,-,0,0,0,0,-,16,8,0,50.0,0
2017-03-05,2017-03,3,サントリーサンバーズ,パナソニックパンサーズ,6,,岡本祥吾,1,,,,□,,0,0,0,,,-,0,0,0,-,0,-,3,0,0,1,8.3,0,0,0,-,0
2017-03-05,2017-03,3,サントリーサンバーズ,パナソニックパンサーズ,8,,柳田将洋,4,■,■,■,■,,17,6,2,35.3,23.5,1.50,1,0,0,0.0,1,0.25,19,1,4,11,18.7,20,9,0,45.0,8
2017-03-05,2017-03,3,サントリーサンバーズ,パナソニックパンサーズ,10,,藤中謙也,4,■,■,■,■,,22,7,2,31.8,22.7,1.75,0,0,0,-,1,0.25,19,0,2,6,7.9,43,21,0,48.8,8
2017-03-05,2017-03,3,サントリーサンバーズ,パナソニックパンサーズ,11,,鶴田大樹,2,□,,,□,,0,0,0,,,-,0,0,0,-,0,-,0,0,0,0,-,4,1,0,25.0,0
2017-03-05,2017-03,3,サントリーサンバーズ,パナソニックパンサーズ,12,,塩田達也,4,■,■,■,■,,12,7,0,58.3,58.3,1.75,0,0,0,-,4,1.00,10,0,1,3,7.5,0,0,0,-,11
2017-03-05,2017-03,3,サントリーサンバーズ,パナソニックパンサーズ,15,,山本湧,4,■,■,■,■,,3,3,0,100.0,100.0,0.75,0,0,0,-,0,-,10,0,1,3,7.5,0,0,0,-,3
2017-03-05,2017-03,3,サントリーサンバーズ,パナソニックパンサーズ,17,,星谷健太朗,1,,□,,,,0,0,0,,,-,0,0,0,-,0,-,0,0,0,0,-,0,0,0,-,0
2017-03-05,2017-03,3,サントリーサンバーズ,パナソニックパンサーズ,18,,小川猛,3,□,□,,□,,0,0,0,,,-,0,0,0,-,0,-,3,0,1,1,8.3,0,0,0,-,0
2017-03-05,2017-03,3,サントリーサンバーズ,パナソニックパンサーズ,19,,栗山雅史,0,,,,,,0,0,0,,,-,0,0,0,-,0,-,0,0,0,0,-,0,0,0,-,0
2017-03-05,2017-03,3,ジェイテクトSTINGS,堺ブレイザーズ,1,,カジースキマテイ,4,■,■,■,■,,32,19,2,59.4,53.1,4.75,4,2,0,50.0,0,-,13,0,7,4,7.7,12,6,0,50.0,19
2017-03-05,2017-03,3,ジェイテクトSTINGS,堺ブレイザーズ,2,,金丸晃大,4,■,■,■,■,,7,6,0,85.7,85.7,1.50,0,0,0,-,4,1.00,12,0,1,7,14.6,0,0,0,-,10
2017-03-05,2017-03,3,ジェイテクトSTINGS,堺ブレイザーズ,4,,古田史郎,1,,,,□,,0,0,0,,,-,0,0,0,-,0,-,0,0,0,0,-,0,0,0,-,0
2017-03-05,2017-03,3,ジェイテクトSTINGS,堺ブレイザーズ,5,,清野真一,4,■,■,■,■,,32,17,2,53.1,46.9,4.25,12,5,1,41.7,1,0.25,15,0,3,4,6.7,0,0,0,-,18
2017-03-05,2017-03,3,ジェイテクトSTINGS,堺ブレイザーズ,6,,高橋慎治,0,,,,,,0,0,0,,,-,0,0,0,-,0,-,0,0,0,0,-,0,0,0,-,0
2017-03-05,2017-03,3,ジェイテクトSTINGS,堺ブレイザーズ,7,,高橋和人,0,,,,,,0,0,0,,,-,0,0,0,-,0,-,0,0,0,0,-,0,0,0,-,0
2017-03-05,2017-03,3,ジェイテクトSTINGS,堺ブレイザーズ,10,,松原広輔,1,□,,,,,0,0,0,,,-,0,0,0,-,0,-,1,0,0,1,25.0,0,0,0,-,0
2017-03-05,2017-03,3,ジェイテクトSTINGS,堺ブレイザーズ,12,L,興梠亮,4,●,●,●,●,,0,0,0,,,-,0,0,0,-,0,-,0,0,0,0,-,30,21,0,70.0,0
2017-03-05,2017-03,3,ジェイテクトSTINGS,堺ブレイザーズ,16,,久保山尚,4,■,■,■,■,,0,0,0,,,-,0,0,0,-,0,-,18,1,0,7,14.2,0,0,0,-,1
2017-03-05,2017-03,3,ジェイテクトSTINGS,堺ブレイザーズ,17,L,本間隆太,0,,,,,,0,0,0,,,-,0,0,0,-,0,-,0,0,0,0,-,0,0,0,-,0
2017-03-05,2017-03,3,ジェイテクトSTINGS,堺ブレイザーズ,19,,浅野博亮,4,■,■,■,■,,24,13,2,54.2,45.8,3.25,6,4,1,66.7,2,0.50,18,0,2,12,16.7,27,19,0,70.4,15
2017-03-05,2017-03,3,ジェイテクトSTINGS,堺ブレイザーズ,21,,廣瀬優希,3,□,□,□,,,0,0,0,,,-,0,0,0,-,0,-,0,0,0,0,-,0,0,0,-,0
2017-03-05,2017-03,3,ジェイテクトSTINGS,堺ブレイザーズ,22,,柳澤広平,0,,,,,,0,0,0,,,-,0,0,0,-,0,-,0,0,0,0,-,0,0,0,-,0
2017-03-05,2017-03,3,ジェイテクトSTINGS,堺ブレイザーズ,23,,福山汰一,4,■,■,■,■,,8,6,0,75.0,75.0,1.50,0,0,0,-,2,0.50,15,1,0,6,15.3,0,0,0,-,9
2017-03-05,2017-03,3,堺ブレイザーズ,ジェイテクトSTINGS,1,,松本慶彦,4,■,■,■,■,,10,3,0,30.0,30.0,0.75,0,0,0,-,3,0.75,13,0,1,3,5.8,1,0,0,0.0,6
2017-03-05,2017-03,3,堺ブレイザーズ,ジェイテクトSTINGS,2,L,井上裕介,4,●,●,●,●,,0,0,0,,,-,0,0,0,-,0,-,0,0,0,0,-,17,10,0,58.8,0
2017-03-05,2017-03,3,堺ブレイザーズ,ジェイテクトSTINGS,4,,高野直哉,4,■,■,■,■,,19,10,2,52.6,42.1,2.50,0,0,0,-,1,0.25,13,0,2,3,5.8,38,17,0,44.7,11
2017-03-05,2017-03,3,堺ブレイザーズ,ジェイテクトSTINGS,5,,内藤和也,3,□,,□,□,,0,0,0,,,-,0,0,0,-,0,-,4,0,1,0,0.0,0,0,0,-,0
2017-03-05,2017-03,3,堺ブレイザーズ,ジェイテクトSTINGS,6,,玉宅健太郎,3,,□,□,□,,0,0,0,,,-,0,0,0,-,0,-,5,0,0,3,15.0,0,0,0,-,0
2017-03-05,2017-03,3,堺ブレイザーズ,ジェイテクトSTINGS,7,,出耒田敬,4,■,■,■,■,,12,10,0,83.3,83.3,2.50,0,0,0,-,1,0.25,16,0,2,4,6.2,0,0,0,-,11
2017-03-05,2017-03,3,堺ブレイザーズ,ジェイテクトSTINGS,8,,佐川翔,4,■,■,■,■,,1,0,0,0.0,0.0,-,0,0,0,-,1,0.25,9,0,2,3,8.3,1,0,0,0.0,1
2017-03-05,2017-03,3,堺ブレイザーズ,ジェイテクトSTINGS,10,,千々木駿介,4,■,■,■,■,,24,13,1,54.2,50.0,3.25,5,2,0,40.0,1,0.25,11,0,2,4,9.1,14,8,0,57.1,14
2017-03-05,2017-03,3,堺ブレイザーズ,ジェイテクトSTINGS,11,,伊藤康貴,3,□,,□,□,,0,0,0,,,-,0,0,0,-,0,-,0,0,0,0,-,8,4,0,50.0,0
2017-03-05,2017-03,3,堺ブレイザーズ,ジェイテクトSTINGS,12,,横田一義,0,,,,,,0,0,0,,,-,0,0,0,-,0,-,0,0,0,0,-,0,0,0,-,0
2017-03-05,2017-03,3,堺ブレイザーズ,ジェイテクトSTINGS,13,,松岡祐太,0,,,,,,0,0,0,,,-,0,0,0,-,0,-,0,0,0,0,-,0,0,0,-,0
2017-03-05,2017-03,3,堺ブレイザーズ,ジェイテクトSTINGS,15,,木村泰輔,0,,,,,,0,0,0,,,-,0,0,0,-,0,-,0,0,0,0,-,0,0,0,-,0
2017-03-05,2017-03,3,堺ブレイザーズ,ジェイテクトSTINGS,16,L,今富稜介,4,〇,〇,〇,〇,,0,0,0,,,-,0,0,0,-,0,-,0,0,0,0,-,0,0,0,-,0
2017-03-05,2017-03,3,堺ブレイザーズ,ジェイテクトSTINGS,18,,ウォレスマルティンス,4,■,■,■,■,,47,19,3,40.4,34.0,4.75,27,7,2,25.9,0,-,13,0,5,3,5.8,0,0,0,-,19
