名前,月,チーム,背番号,出場数,アタック打数,アタック得点,アタック失点,アタック決定率,アタック効果率,バックアタック打数,バックアタック得点,バックアタック失点,ブロック得点,サーブ打数,サーブ得点,サーブ失点,サーブ効果,受数,サーブレシーブ成功・優,サーブレシーブ成功・良,バックアタック決定率,アタックセット平均,ブロックセット平均,サーブ効果率,サーブレシーブ成功率
アルベスタチアーナ,01,JTマーヴェラス,3,22,180,65,19,36.1,25.6,19,4,5,9,70,2,8,21,40,28,0,21.1,3.0,0.4,7.5,70.0
アルベスタチアーナ,02,JTマーヴェラス,3,20,175,82,12,46.9,40.0,32,17,3,9,78,4,12,18,36,18,0,53.1,4.1,0.4,7.1,50.0
アルベスタチアーナ,03,JTマーヴェラス,3,21,190,79,16,41.6,33.2,40,17,2,4,91,7,12,24,41,28,0,42.5,3.8,0.2,11.0,68.3
アルベスタチアーナ,11,JTマーヴェラス,3,25,172,62,17,36.0,26.2,2,0,2,11,106,5,11,30,206,137,0,0.0,2.5,0.4,9.2,66.5
アルベスタチアーナ,12,JTマーヴェラス,3,13,109,40,10,36.7,27.5,11,6,0,3,47,2,2,10,81,54,0,54.5,3.1,0.2,8.5,66.7
コロンボレナタ,01,トヨタ車体クインシーズ,17,22,285,123,20,43.2,36.1,38,12,3,10,49,0,6,20,0,0,0,31.6,5.6,0.5,7.1,
コロンボレナタ,02,トヨタ車体クインシーズ,17,25,298,127,21,42.6,35.6,51,24,6,5,78,1,7,14,0,0,0,47.1,5.1,0.2,3.5,
コロンボレナタ,03,トヨタ車体クインシーズ,17,22,278,117,19,42.1,35.3,31,11,7,10,63,3,4,22,1,0,0,35.5,5.3,0.5,11.9,0.0
コロンボレナタ,11,トヨタ車体クインシーズ,17,25,407,165,23,40.5,34.9,91,35,10,7,82,3,9,18,9,6,0,38.5,6.6,0.3,6.4,66.7
コロンボレナタ,12,トヨタ車体クインシーズ,17,12,178,87,8,48.9,44.4,62,33,3,4,44,6,5,14,2,1,0,53.2,7.2,0.3,18.8,50.0
トムローガン,01,久光製薬スプリングス,11,27,279,120,23,43.0,34.8,41,14,9,17,97,3,17,25,203,136,0,34.1,4.4,0.6,5.2,67.0
トムローガン,02,久光製薬スプリングス,11,34,372,136,25,36.6,29.8,57,16,5,11,126,9,11,38,208,144,0,28.1,4.0,0.3,12.5,69.2
トムローガン,03,久光製薬スプリングス,11,12,120,51,11,42.5,33.3,28,10,1,13,40,2,11,8,80,57,0,35.7,4.2,1.1,3.1,71.2
トムローガン,11,久光製薬スプリングス,11,28,366,131,33,35.8,26.8,65,29,5,14,96,4,18,25,158,112,0,44.6,4.7,0.5,6.0,70.9
トムローガン,12,久光製薬スプリングス,11,7,71,29,6,40.8,32.4,13,3,3,4,24,0,5,5,46,34,0,23.1,4.1,0.6,0.0,73.9
ヌネスシダルカ,01,日立リヴァーレ,4,16,160,59,17,36.9,26.2,41,9,9,2,34,1,17,8,2,1,0,22.0,3.7,0.1,-3.7,50.0
ヌネスシダルカ,02,日立リヴァーレ,4,16,187,65,25,34.8,21.4,58,17,14,7,48,3,18,14,1,1,0,29.3,4.1,0.4,4.2,100.0
ヌネスシダルカ,11,日立リヴァーレ,4,26,340,138,45,40.6,27.4,127,38,19,7,80,9,19,18,0,0,0,29.9,5.3,0.3,10.9,
ヌネスシダルカ,12,日立リヴァーレ,4,10,136,66,15,48.5,37.5,48,19,7,5,31,3,5,5,0,0,0,39.6,6.6,0.5,9.7,
ハニーフタイーバ,01,パイオニアレッドウィングス,3,21,285,118,20,41.4,34.4,82,37,7,5,68,2,5,27,1,1,0,45.1,5.6,0.2,11.0,100.0
ハニーフタイーバ,02,パイオニアレッドウィングス,3,26,302,119,23,39.4,31.8,78,18,7,13,87,3,8,37,1,1,0,23.1,4.6,0.5,11.8,100.0
ハニーフタイーバ,03,パイオニアレッドウィングス,3,21,272,121,19,44.5,37.5,55,21,4,3,63,4,10,22,1,0,0,38.2,5.8,0.1,11.1,0.0
ハニーフタイーバ,11,パイオニアレッドウィングス,3,27,353,134,34,38.0,28.3,89,36,12,5,83,5,6,28,1,1,0,40.4,5.0,0.2,12.7,100.0
ハニーフタイーバ,12,パイオニアレッドウィングス,3,12,161,61,11,37.9,31.1,52,24,5,4,46,4,3,17,0,0,0,46.2,5.1,0.3,16.3,
フォフィーニャアナパウラ,01,NECレッドロケッツ,5,25,374,124,20,33.2,27.8,75,20,7,17,89,3,6,41,121,79,0,26.7,5.0,0.7,13.2,65.3
フォフィーニャアナパウラ,02,NECレッドロケッツ,5,20,223,89,12,39.9,34.5,40,17,4,4,67,2,6,22,76,51,0,42.5,4.4,0.2,9.0,67.1
フォフィーニャアナパウラ,03,NECレッドロケッツ,5,15,162,60,13,37.0,29.0,31,8,7,6,75,4,3,33,60,35,0,25.8,4.0,0.4,15.3,58.3
フォフィーニャアナパウラ,11,NECレッドロケッツ,5,33,396,139,30,35.1,27.5,82,17,12,20,137,9,5,54,34,26,0,20.7,4.2,0.6,15.5,76.5
フォフィーニャアナパウラ,12,NECレッドロケッツ,5,4,62,30,4,48.4,41.9,15,6,3,2,19,0,1,11,9,7,0,40.0,7.5,0.5,13.2,77.8
ロンドンシンディ,01,デンソーエアリービーズ,28,20,231,92,14,39.8,33.8,39,14,4,8,74,4,8,24,5,3,0,35.9,4.6,0.4,10.8,60.0
ロンドンシンディ,02,デンソーエアリービーズ,28,25,297,129,19,43.4,37.0,62,24,7,11,97,5,11,17,9,8,0,38.7,5.2,0.4,6.7,88.9
ロンドンシンディ,03,デンソーエアリービーズ,28,12,157,62,9,39.5,33.8,32,11,4,5,28,2,7,4,0,0,0,34.4,5.2,0.4,4.5,
ロンドンシンディ,11,デンソーエアリービーズ,28,24,256,102,21,39.8,31.6,48,19,4,22,90,4,12,27,8,6,0,39.6,4.2,0.9,8.6,75.0
ロンドンシンディ,12,デンソーエアリービーズ,28,12,149,72,13,48.3,39.6,34,16,4,2,44,2,6,4,5,4,0,47.1,6.0,0.2,3.4,80.0
三上彩,01,久光製薬スプリングス,13,0,0,0,0,,,0,0,0,0,0,0,0,0,0,0,0,,,,,
三上彩,02,久光製薬スプリングス,13,8,0,0,0,,,0,0,0,0,0,0,0,0,0,0,0,,0.0,0.0,,
三上彩,03,久光製薬スプリングス,13,1,1,0,0,0.0,0.0,0,0,0,0,0,0,0,0,0,0,0,,0.0,0.0,,
三上彩,11,久光製薬スプリングス,13,19,12,3,0,25.0,25.0,0,0,0,3,37,2,2,2,0,0,0,,0.2,0.2,5.4,
三上彩,12,久光製薬スプリングス,13,7,6,4,0,66.7,66.7,0,0,0,4,20,0,1,3,0,0,0,,0.6,0.6,2.5,
三澤由佳,01,武富士バンブー,14,8,0,0,0,,,0,0,0,0,12,0,2,2,0,0,0,,0.0,0.0,0.0,
三澤由佳,02,武富士バンブー,14,0,0,0,0,,,0,0,0,0,0,0,0,0,0,0,0,,,,,
三澤由佳,03,武富士バンブー,14,1,0,0,0,,,0,0,0,0,1,0,1,0,0,0,0,,0.0,0.0,-25.0,
三澤由佳,11,武富士バンブー,14,0,0,0,0,,,0,0,0,0,0,0,0,0,0,0,0,,,,,
三澤由佳,12,武富士バンブー,14,0,0,0,0,,,0,0,0,0,0,0,0,0,0,0,0,,,,,
上村麻衣,02,デンソーエアリービーズ,13,0,0,0,0,,,0,0,0,0,0,0,0,0,0,0,0,,,,,
中村かおり,01,日立リヴァーレ,19,7,0,0,0,,,0,0,0,0,5,0,0,2,26,18,0,,0.0,0.0,10.0,69.2
中村かおり,02,日立リヴァーレ,19,25,0,0,0,,,0,0,0,0,0,0,0,0,118,78,0,,0.0,0.0,,66.1
中村かおり,03,日立リヴァーレ,19,16,0,0,0,,,0,0,0,0,0,0,0,0,53,40,0,,0.0,0.0,,75.5
中村かおり,11,日立リヴァーレ,19,22,0,0,0,,,0,0,0,0,24,1,3,9,35,25,0,,0.0,0.0,10.4,71.4
中村かおり,12,日立リヴァーレ,19,10,0,0,0,,,0,0,0,0,11,1,2,6,31,20,0,,0.0,0.0,18.2,64.5
中村真美,01,NECレッドロケッツ,7,14,0,0,0,,,0,0,0,0,8,1,0,1,10,7,0,,0.0,0.0,15.6,70.0
中村真美,02,NECレッドロケッツ,7,12,0,0,0,,,0,0,0,0,3,1,0,0,17,10,0,,0.0,0.0,33.3,58.8
中村真美,03,NECレッドロケッツ,7,11,0,0,0,,,0,0,0,0,1,0,0,0,30,14,0,,0.0,0.0,0.0,46.7
中村真美,11,NECレッドロケッツ,7,22,0,0,0,,,0,0,0,0,28,1,2,8,24,12,0,,0.0,0.0,8.9,50.0
中村真美,12,NECレッドロケッツ,7,1,0,0,0,,,0,0,0,0,1,0,0,0,0,0,0,,0.0,0.0,0.0,
中道瞳,01,東レアローズ,6,26,4,3,0,75.0,75.0,0,0,0,2,107,7,1,36,0,0,0,,0.1,0.1,14.7,
中道瞳,02,東レアローズ,6,21,9,3,0,33.3,33.3,0,0,0,0,80,3,6,21,3,1,0,,0.1,0.0,8.4,33.3
中道瞳,03,東レアローズ,6,23,7,2,0,28.6,28.6,0,0,0,2,101,1,6,40,1,0,0,,0.1,0.1,9.4,0.0
中道瞳,11,東レアローズ,6,25,9,6,0,66.7,66.7,0,0,0,1,111,3,1,30,0,0,0,,0.2,0.0,9.2,
中道瞳,12,東レアローズ,6,11,4,4,0,100.0,100.0,0,0,0,0,48,4,0,11,1,0,0,,0.4,0.0,14.1,0.0
久保雅,01,JTマーヴェラス,4,22,95,40,5,42.1,36.8,1,0,0,10,76,3,7,31,4,1,0,0.0,1.8,0.5,11.8,25.0
久保雅,02,JTマーヴェラス,4,7,33,14,2,42.4,36.4,0,0,0,2,22,2,0,6,0,0,0,,2.0,0.3,15.9,
久保雅,03,JTマーヴェラス,4,0,0,0,0,,,0,0,0,0,0,0,0,0,0,0,0,,,,,
久保雅,11,JTマーヴェラス,4,23,71,28,3,39.4,35.2,0,0,0,14,60,2,2,18,5,3,0,,1.2,0.6,10.0,60.0
久保雅,12,JTマーヴェラス,4,13,42,14,1,33.3,31.0,0,0,0,6,35,1,4,15,6,4,0,,1.1,0.5,10.7,66.7
井上琴絵,01,JTマーヴェラス,20,22,0,0,0,,,0,0,0,0,0,0,0,0,98,69,0,,0.0,0.0,,70.4
井上琴絵,02,JTマーヴェラス,20,20,0,0,0,,,0,0,0,0,0,0,0,0,112,71,0,,0.0,0.0,,63.4
井上琴絵,03,JTマーヴェラス,20,21,0,0,0,,,0,0,0,0,0,0,0,0,97,61,0,,0.0,0.0,,62.9
井上琴絵,11,JTマーヴェラス,20,25,0,0,0,,,0,0,0,0,0,0,0,0,134,91,0,,0.0,0.0,,67.9
井上琴絵,12,JTマーヴェラス,20,13,0,0,0,,,0,0,0,0,0,0,0,0,46,38,0,,0.0,0.0,,82.6
井上香織,01,デンソーエアリービーズ,8,20,80,28,1,35.0,33.8,0,0,0,20,41,1,2,12,1,1,0,,1.4,1.0,8.5,100.0
井上香織,02,デンソーエアリービーズ,8,25,104,44,7,42.3,35.6,0,0,0,17,58,3,8,16,3,3,0,,1.8,0.7,8.6,100.0
井上香織,03,デンソーエアリービーズ,8,22,140,63,1,45.0,44.3,1,0,0,10,68,4,8,31,1,1,0,0.0,2.9,0.5,14.3,100.0
井上香織,11,デンソーエアリービーズ,8,24,118,53,1,44.9,44.1,0,0,0,19,53,4,5,11,2,1,0,,2.2,0.8,10.4,50.0
井上香織,12,デンソーエアリービーズ,8,12,54,22,1,40.7,38.9,0,0,0,12,21,0,3,6,1,1,0,,1.8,1.0,3.6,100.0
井西彩乃,01,日立リヴァーレ,8,4,0,0,0,,,0,0,0,0,6,0,1,3,6,3,0,,0.0,0.0,8.3,50.0
井西彩乃,02,日立リヴァーレ,8,8,11,2,1,18.2,9.1,0,0,0,1,13,1,1,4,21,13,0,,0.2,0.1,13.5,61.9
井西彩乃,03,日立リヴァーレ,8,3,17,6,1,35.3,29.4,0,0,0,0,5,1,0,0,15,8,0,,2.0,0.0,20.0,53.3
井西彩乃,11,日立リヴァーレ,8,20,146,41,10,28.1,21.2,0,0,0,0,56,5,4,23,142,85,0,,2.0,0.0,17.4,59.9
井西彩乃,12,日立リヴァーレ,8,10,59,18,6,30.5,20.3,0,0,0,1,23,1,1,6,71,42,0,,1.8,0.1,9.8,59.2
仁木希,01,久光製薬スプリングス,1,27,220,72,14,32.7,26.4,1,0,1,10,87,1,7,18,163,120,0,0.0,2.7,0.4,4.3,73.6
仁木希,02,久光製薬スプリングス,1,33,270,87,11,32.2,28.1,0,0,0,13,112,1,2,35,181,139,0,,2.6,0.4,8.3,76.8
仁木希,03,久光製薬スプリングス,1,12,93,37,2,39.8,37.6,0,0,0,3,57,3,3,19,49,34,0,,3.1,0.2,12.3,69.4
仁木希,11,久光製薬スプリングス,1,27,229,78,13,34.1,28.4,7,0,0,4,110,5,0,31,178,118,0,0.0,2.9,0.1,11.6,66.3
仁木希,12,久光製薬スプリングス,1,7,37,16,3,43.2,35.1,2,1,1,1,24,1,2,7,22,18,0,50.0,2.3,0.1,9.4,81.8
今村直美,01,武富士バンブー,10,26,0,0,0,,,0,0,0,0,0,0,0,0,182,135,0,,0.0,0.0,,74.2
今村直美,02,武富士バンブー,10,16,0,0,0,,,0,0,0,0,0,0,0,0,103,71,0,,0.0,0.0,,68.9
今村直美,03,武富士バンブー,10,25,0,0,0,,,0,0,0,0,0,0,0,0,185,125,0,,0.0,0.0,,67.6
今村直美,11,武富士バンブー,10,22,0,0,0,,,0,0,0,0,0,0,0,0,100,65,0,,0.0,0.0,,65.0
今村直美,12,武富士バンブー,10,14,0,0,0,,,0,0,0,0,0,0,0,0,91,71,0,,0.0,0.0,,78.0
今西郁瑠,01,トヨタ車体クインシーズ,2,21,95,35,2,36.8,34.7,2,0,0,3,73,5,8,21,102,57,0,0.0,1.7,0.1,11.3,55.9
今西郁瑠,02,トヨタ車体クインシーズ,2,25,158,78,4,49.4,46.8,1,0,0,6,88,8,18,19,178,118,0,0.0,3.1,0.2,9.4,66.3
今西郁瑠,03,トヨタ車体クインシーズ,2,22,128,42,8,32.8,26.6,0,0,0,4,90,3,13,31,120,73,0,,1.9,0.2,8.3,60.8
今西郁瑠,11,トヨタ車体クインシーズ,2,15,61,23,7,37.7,26.2,2,2,0,1,31,4,2,12,64,45,0,100.0,1.5,0.1,21.0,70.3
今西郁瑠,12,トヨタ車体クインシーズ,2,8,36,12,4,33.3,22.2,0,0,0,0,11,0,3,1,26,25,0,,1.5,0.0,-4.5,96.2
今野加奈子,01,パイオニアレッドウィングス,8,1,0,0,0,,,0,0,0,0,0,0,0,0,0,0,0,,0.0,0.0,,
今野加奈子,02,パイオニアレッドウィングス,8,0,0,0,0,,,0,0,0,0,0,0,0,0,0,0,0,,,,,
今野加奈子,03,パイオニアレッドウィングス,8,1,1,0,0,0.0,0.0,1,0,0,0,0,0,0,0,0,0,0,0.0,0.0,0.0,,
今野加奈子,11,パイオニアレッドウィングス,8,1,0,0,0,,,0,0,0,0,0,0,0,0,0,0,0,,0.0,0.0,,
今野加奈子,12,パイオニアレッドウィングス,8,0,0,0,0,,,0,0,0,0,0,0,0,0,0,0,0,,,,,
位田愛,01,JTマーヴェラス,15,22,193,63,9,32.6,28.0,0,0,0,7,72,2,5,21,297,216,0,,2.9,0.3,8.3,72.7
位田愛,02,JTマーヴェラス,15,20,143,52,9,36.4,30.1,0,0,0,3,71,2,5,14,255,196,0,,2.6,0.2,6.0,76.9
位田愛,03,JTマーヴェラス,15,21,154,59,5,38.3,35.1,0,0,0,4,65,4,2,21,221,153,0,,2.8,0.2,13.5,69.2
位田愛,11,JTマーヴェラス,15,17,18,3,1,16.7,11.1,0,0,0,0,14,0,0,3,11,9,0,,0.2,0.0,5.4,81.8
位田愛,12,JTマーヴェラス,15,9,34,10,2,29.4,23.5,0,0,0,0,8,0,2,0,23,16,0,,1.1,0.0,-6.2,69.6
佐藤瞳,02,日立リヴァーレ,21,0,0,0,0,,,0,0,0,0,0,0,0,0,0,0,0,,,,,
佐藤瞳,03,日立リヴァーレ,21,0,0,0,0,,,0,0,0,0,0,0,0,0,0,0,0,,,,,
佐藤瞳,11,日立リヴァーレ,21,0,0,0,0,,,0,0,0,0,0,0,0,0,0,0,0,,,,,
佐藤瞳,12,日立リヴァーレ,21,0,0,0,0,,,0,0,0,0,0,0,0,0,0,0,0,,,,,
佐藤絵美,01,トヨタ車体クインシーズ,6,1,0,0,0,,,0,0,0,0,1,0,0,1,0,0,0,,0.0,0.0,25.0,
佐藤絵美,02,トヨタ車体クインシーズ,6,0,0,0,0,,,0,0,0,0,0,0,0,0,0,0,0,,,,,
佐藤絵美,03,トヨタ車体クインシーズ,6,0,0,0,0,,,0,0,0,0,0,0,0,0,0,0,0,,,,,
佐藤絵美,11,トヨタ車体クインシーズ,6,0,0,0,0,,,0,0,0,0,0,0,0,0,0,0,0,,,,,
佐藤絵美,12,トヨタ車体クインシーズ,6,1,0,0,0,,,0,0,0,0,0,0,0,0,0,0,0,,0.0,0.0,,
佐藤美耶,01,東レアローズ,11,8,6,0,0,0.0,0.0,0,0,0,0,9,0,3,0,0,0,0,,0.0,0.0,-8.3,
佐藤美耶,02,東レアローズ,11,10,0,0,0,,,0,0,0,0,2,0,1,0,0,0,0,,0.0,0.0,-12.5,
佐藤美耶,03,東レアローズ,11,6,0,0,0,,,0,0,0,0,5,1,1,1,0,0,0,,0.0,0.0,20.0,
佐藤美耶,11,東レアローズ,11,13,0,0,0,,,0,0,0,0,1,0,1,0,0,0,0,,0.0,0.0,-25.0,
佐藤美耶,12,東レアローズ,11,6,2,1,0,50.0,50.0,0,0,0,1,1,0,0,0,0,0,0,,0.2,0.2,0.0,
佐野優子,01,久光製薬スプリングス,10,27,0,0,0,,,0,0,0,0,0,0,0,0,120,102,0,,0.0,0.0,,85.0
佐野優子,02,久光製薬スプリングス,10,34,0,0,0,,,0,0,0,0,0,0,0,0,183,145,0,,0.0,0.0,,79.2
佐野優子,03,久光製薬スプリングス,10,12,0,0,0,,,0,0,0,0,0,0,0,0,41,32,0,,0.0,0.0,,78.0
佐野優子,11,久光製薬スプリングス,10,28,0,0,0,,,0,0,0,0,0,0,0,0,122,100,0,,0.0,0.0,,82.0
佐野優子,12,久光製薬スプリングス,10,7,0,0,0,,,0,0,0,0,0,0,0,0,33,28,0,,0.0,0.0,,84.8
先野久美子,01,久光製薬スプリングス,4,26,105,36,4,34.3,30.5,0,0,0,7,61,0,2,14,3,2,0,,1.4,0.3,4.9,66.7
先野久美子,02,久光製薬スプリングス,4,24,110,44,8,40.0,32.7,0,0,0,9,45,0,1,17,9,8,0,,1.8,0.4,8.9,88.9
先野久美子,03,久光製薬スプリングス,4,9,27,6,2,22.2,14.8,0,0,0,1,17,1,0,3,2,1,0,,0.7,0.1,10.3,50.0
先野久美子,11,久光製薬スプリングス,4,3,11,6,0,54.5,54.5,0,0,0,0,9,0,0,4,2,2,0,,2.0,0.0,11.1,100.0
先野久美子,12,久光製薬スプリングス,4,7,30,12,0,40.0,40.0,0,0,0,8,19,0,1,4,1,1,0,,1.7,1.1,3.9,100.0
八田奈都己,01,トヨタ車体クインシーズ,11,22,0,0,0,,,0,0,0,0,0,0,0,0,88,62,0,,0.0,0.0,,70.5
八田奈都己,02,トヨタ車体クインシーズ,11,25,0,0,0,,,0,0,0,0,0,0,0,0,81,55,0,,0.0,0.0,,67.9
八田奈都己,03,トヨタ車体クインシーズ,11,22,0,0,0,,,0,0,0,0,0,0,0,0,101,70,0,,0.0,0.0,,69.3
八田奈都己,11,トヨタ車体クインシーズ,11,22,0,0,0,,,0,0,0,0,0,0,0,0,119,85,0,,0.0,0.0,,71.4
八田奈都己,12,トヨタ車体クインシーズ,11,12,0,0,0,,,0,0,0,0,0,0,0,0,38,26,0,,0.0,0.0,,68.4
内田役子,01,パイオニアレッドウィングス,16,21,7,3,0,42.9,42.9,0,0,0,2,75,1,3,22,0,0,0,,0.1,0.1,7.7,
内田役子,02,パイオニアレッドウィングス,16,26,12,8,0,66.7,66.7,0,0,0,6,86,0,2,22,2,0,0,,0.3,0.2,5.8,0.0
内田役子,03,パイオニアレッドウィングス,16,20,14,9,1,64.3,57.1,0,0,0,3,67,1,3,16,1,0,0,,0.4,0.2,6.3,0.0
内田役子,11,パイオニアレッドウィングス,16,27,10,7,0,70.0,70.0,0,0,0,3,113,1,6,33,3,1,0,,0.3,0.1,6.9,33.3
内田役子,12,パイオニアレッドウィングス,16,12,7,6,0,85.7,85.7,0,0,0,1,26,0,1,8,1,0,0,,0.5,0.1,6.7,0.0
内田暁子,01,NECレッドロケッツ,11,25,257,84,14,32.7,27.2,34,4,4,7,114,7,7,35,88,42,0,11.8,3.4,0.3,12.3,47.7
内田暁子,02,NECレッドロケッツ,11,21,158,51,7,32.3,27.8,17,1,3,3,88,4,4,34,88,56,0,5.9,2.4,0.1,13.1,63.6
内田暁子,03,NECレッドロケッツ,11,14,121,32,6,26.4,21.5,18,4,1,0,43,2,3,14,50,28,0,22.2,2.3,0.0,11.0,56.0
内田暁子,11,NECレッドロケッツ,11,26,186,61,9,32.8,28.0,19,3,3,4,89,3,4,41,124,65,0,15.8,2.3,0.2,13.8,52.4
内田暁子,12,NECレッドロケッツ,11,4,48,16,3,33.3,27.1,3,0,0,1,21,2,1,5,22,18,0,0.0,4.0,0.2,14.3,81.8
内藤香菜子,01,武富士バンブー,7,26,168,74,9,44.0,38.7,1,0,0,15,47,1,2,10,1,1,0,0.0,2.8,0.6,6.4,100.0
内藤香菜子,02,武富士バンブー,7,16,79,27,4,34.2,29.1,0,0,0,8,43,2,2,7,0,0,0,,1.7,0.5,7.6,
内藤香菜子,03,武富士バンブー,7,25,126,34,9,27.0,19.8,0,0,0,16,53,0,3,19,4,3,0,,1.4,0.6,7.5,75.0
内藤香菜子,11,武富士バンブー,7,22,122,56,5,45.9,41.8,0,0,0,19,49,1,5,7,3,2,0,,2.5,0.9,3.1,66.7
内藤香菜子,12,武富士バンブー,7,14,85,35,7,41.2,32.9,2,0,1,5,29,1,1,4,0,0,0,0.0,2.5,0.4,6.0,
冨永こよみ,01,パイオニアレッドウィングス,24,18,66,28,2,42.4,39.4,0,0,0,9,50,1,4,14,67,34,0,,1.6,0.5,7.0,50.7
冨永こよみ,02,パイオニアレッドウィングス,24,15,13,1,2,7.7,-7.7,0,0,0,2,14,2,1,4,11,4,0,,0.1,0.1,19.6,36.4
冨永こよみ,03,パイオニアレッドウィングス,24,10,2,1,0,50.0,50.0,0,0,0,1,5,0,1,2,3,1,0,,0.1,0.1,5.0,33.3
冨永こよみ,11,パイオニアレッドウィングス,24,8,3,1,0,33.3,33.3,0,0,0,0,3,0,0,0,1,0,0,,0.1,0.0,0.0,0.0
冨永こよみ,12,パイオニアレッドウィングス,24,11,20,6,1,30.0,25.0,0,0,0,3,19,3,1,6,20,10,0,,0.5,0.3,22.4,50.0
前田見奈子,01,トヨタ車体クインシーズ,7,17,32,7,3,21.9,12.5,1,0,0,4,62,1,3,15,0,0,0,0.0,0.4,0.2,6.5,
前田見奈子,02,トヨタ車体クインシーズ,7,22,30,17,2,56.7,50.0,0,0,0,6,76,1,2,25,1,1,0,,0.8,0.3,8.9,100.0
前田見奈子,03,トヨタ車体クインシーズ,7,0,0,0,0,,,0,0,0,0,0,0,0,0,0,0,0,,,,,
前田見奈子,11,トヨタ車体クインシーズ,7,17,21,10,3,47.6,33.3,0,0,0,2,57,0,4,18,2,2,0,,0.6,0.1,6.1,100.0
前田見奈子,12,トヨタ車体クインシーズ,7,4,17,9,0,52.9,52.9,0,0,0,2,11,0,1,2,1,1,0,,2.2,0.5,2.3,100.0
加藤千尋,11,JTマーヴェラス,17,4,0,0,0,,,0,0,0,0,2,0,0,0,0,0,0,,0.0,0.0,0.0,
北村みどり,01,岡山シーガルズ,11,6,0,0,0,,,0,0,0,0,8,1,0,2,2,1,0,,0.0,0.0,18.8,50.0
北村みどり,02,岡山シーガルズ,11,18,0,0,0,,,0,0,0,0,24,3,1,9,7,6,0,,0.0,0.0,20.8,85.7
北村みどり,03,岡山シーガルズ,11,16,0,0,0,,,0,0,0,0,20,0,1,7,23,9,0,,0.0,0.0,7.5,39.1
南早希,01,パイオニアレッドウィングス,6,0,0,0,0,,,0,0,0,0,0,0,0,0,0,0,0,,,,,
南早希,11,パイオニアレッドウィングス,6,12,0,0,0,,,0,0,0,0,0,0,0,0,0,0,0,,0.0,0.0,,
南早希,12,パイオニアレッドウィングス,6,6,0,0,0,,,0,0,0,0,1,0,0,0,0,0,0,,0.0,0.0,0.0,
卜部里菜,01,岡山シーガルズ,22,1,0,0,0,,,0,0,0,0,0,0,0,0,0,0,0,,0.0,0.0,,
及川英香,01,トヨタ車体クインシーズ,19,16,14,6,1,42.9,35.7,0,0,0,3,27,0,1,3,1,0,0,,0.4,0.2,1.9,0.0
及川英香,02,トヨタ車体クインシーズ,19,20,20,10,1,50.0,45.0,0,0,0,5,32,0,1,5,2,0,0,,0.5,0.2,3.1,0.0
及川英香,03,トヨタ車体クインシーズ,19,12,1,1,0,100.0,100.0,0,0,0,0,1,0,0,0,1,0,0,,0.1,0.0,0.0,0.0
吉澤智恵,01,武富士バンブー,1,25,189,55,15,29.1,21.2,2,1,1,3,75,0,4,17,121,79,0,50.0,2.2,0.1,4.3,65.3
吉澤智恵,02,武富士バンブー,1,16,120,44,8,36.7,30.0,8,0,0,5,57,1,2,10,72,52,0,0.0,2.8,0.3,5.3,72.2
吉澤智恵,03,武富士バンブー,1,25,256,75,18,29.3,22.3,3,0,0,5,67,1,4,16,124,80,0,0.0,3.0,0.2,6.0,64.5
吉澤智恵,11,武富士バンブー,1,22,204,80,23,39.2,27.9,8,2,1,2,75,0,3,17,111,69,0,25.0,3.6,0.1,4.7,62.2
吉澤智恵,12,武富士バンブー,1,14,137,40,12,29.2,20.4,4,2,1,2,54,1,4,11,63,52,0,50.0,2.9,0.1,5.1,82.5
吉田あい,01,日立リヴァーレ,3,15,0,0,0,,,0,0,0,0,0,0,0,0,59,43,0,,0.0,0.0,,72.9
吉田あい,02,日立リヴァーレ,3,15,0,0,0,,,0,0,0,0,0,0,0,0,18,13,0,,0.0,0.0,,72.2
吉田あい,03,日立リヴァーレ,3,9,0,0,0,,,0,0,0,0,0,0,0,0,17,12,0,,0.0,0.0,,70.6
吉田あい,11,日立リヴァーレ,3,26,0,0,0,,,0,0,0,0,0,0,0,0,79,57,0,,0.0,0.0,,72.2
吉田あい,12,日立リヴァーレ,3,10,0,0,0,,,0,0,0,0,0,0,0,0,34,22,0,,0.0,0.0,,64.7
吉田みなみ,01,岡山シーガルズ,1,23,0,0,0,,,0,0,0,0,0,0,0,0,91,63,0,,0.0,0.0,,69.2
吉田みなみ,02,岡山シーガルズ,1,6,0,0,0,,,0,0,0,0,0,0,0,0,25,14,0,,0.0,0.0,,56.0
吉田みなみ,03,岡山シーガルズ,1,16,0,0,0,,,0,0,0,0,0,0,0,0,84,54,0,,0.0,0.0,,64.3
吉田みなみ,11,岡山シーガルズ,1,19,0,0,0,,,0,0,0,0,0,0,0,0,97,52,0,,0.0,0.0,,53.6
吉田みなみ,12,岡山シーガルズ,1,15,0,0,0,,,0,0,0,0,0,0,0,0,68,40,0,,0.0,0.0,,58.8
吉田真未,01,パイオニアレッドウィングス,20,21,0,0,0,,,0,0,0,0,0,0,0,0,62,45,0,,0.0,0.0,,72.6
吉田真未,02,パイオニアレッドウィングス,20,26,0,0,0,,,0,0,0,0,0,0,0,0,144,104,0,,0.0,0.0,,72.2
吉田真未,03,パイオニアレッドウィングス,20,21,0,0,0,,,0,0,0,0,0,0,0,0,90,48,0,,0.0,0.0,,53.3
吉田真未,11,パイオニアレッドウィングス,20,27,0,0,0,,,0,0,0,0,0,0,0,0,117,87,0,,0.0,0.0,,74.4
吉田真未,12,パイオニアレッドウィングス,20,12,0,0,0,,,0,0,0,0,0,0,0,0,69,49,0,,0.0,0.0,,71.0
和田麻里江,01,東レアローズ,13,3,4,1,2,25.0,-25.0,0,0,0,1,0,0,0,0,0,0,0,,0.3,0.3,,
和田麻里江,02,東レアローズ,13,0,0,0,0,,,0,0,0,0,0,0,0,0,0,0,0,,,,,
和田麻里江,03,東レアローズ,13,1,4,2,0,50.0,50.0,0,0,0,0,0,0,0,0,0,0,0,,2.0,0.0,,
和田麻里江,11,東レアローズ,13,0,0,0,0,,,0,0,0,0,0,0,0,0,0,0,0,,,,,
和田麻里江,12,東レアローズ,13,1,2,0,0,0.0,0.0,0,0,0,0,0,0,0,0,0,0,0,,0.0,0.0,,
坂下麻衣子,01,JTマーヴェラス,1,20,61,18,3,29.5,24.6,10,2,0,1,6,0,2,0,0,0,0,20.0,0.9,0.0,-8.3,
坂下麻衣子,02,JTマーヴェラス,1,12,10,1,0,10.0,10.0,0,0,0,1,1,0,0,0,0,0,0,,0.1,0.1,0.0,
坂下麻衣子,03,JTマーヴェラス,1,10,32,8,0,25.0,25.0,0,0,0,1,11,1,1,3,0,0,0,,0.8,0.1,13.6,
坂下麻衣子,11,JTマーヴェラス,1,25,305,111,10,36.4,33.1,85,23,4,15,77,2,14,17,4,3,0,27.1,4.4,0.6,3.6,75.0
坂下麻衣子,12,JTマーヴェラス,1,11,88,22,7,25.0,17.0,20,6,3,5,16,1,4,4,0,0,0,30.0,2.0,0.5,6.2,
城美鈴,01,日立リヴァーレ,15,16,146,44,6,30.1,26.0,0,0,0,1,32,0,2,9,113,68,0,,2.8,0.1,5.5,60.2
城美鈴,02,日立リヴァーレ,15,24,236,74,6,31.4,28.8,2,1,0,1,72,6,9,22,149,91,0,50.0,3.1,0.0,12.8,61.1
城美鈴,03,日立リヴァーレ,15,18,202,53,9,26.2,21.8,0,0,0,3,52,2,5,20,124,77,0,,2.9,0.2,11.1,62.1
城美鈴,11,日立リヴァーレ,15,26,175,53,11,30.3,24.0,1,0,0,8,82,1,6,32,188,122,0,0.0,2.0,0.3,9.1,64.9
城美鈴,12,日立リヴァーレ,15,10,85,20,3,23.5,20.0,0,0,0,1,37,1,1,16,75,48,0,,2.0,0.1,12.8,64.0
堀崎智恵美,01,トヨタ車体クインシーズ,15,20,11,3,0,27.3,27.3,0,0,0,2,23,0,0,8,69,39,0,,0.2,0.1,8.7,56.5
堀崎智恵美,02,トヨタ車体クインシーズ,15,17,1,0,0,0.0,0.0,0,0,0,0,0,0,0,0,28,22,0,,0.0,0.0,,78.6
堀崎智恵美,03,トヨタ車体クインシーズ,15,21,15,7,0,46.7,46.7,0,0,0,1,6,0,0,1,46,29,0,,0.3,0.0,4.2,63.0
堀崎智恵美,11,トヨタ車体クインシーズ,15,21,71,27,4,38.0,32.4,0,0,0,5,53,1,4,9,116,82,0,,1.3,0.2,4.2,70.7
堀崎智恵美,12,トヨタ車体クインシーズ,15,8,3,1,0,33.3,33.3,0,0,0,1,11,1,0,3,7,4,0,,0.1,0.1,15.9,57.1
堀田理恵,01,岡山シーガルズ,55,1,0,0,0,,,0,0,0,0,0,0,0,0,0,0,0,,0.0,0.0,,
堀田理恵,02,岡山シーガルズ,55,12,13,3,2,23.1,7.7,0,0,0,0,20,0,2,6,22,15,0,,0.2,0.0,5.0,68.2
堀田理恵,03,岡山シーガルズ,55,5,1,0,0,0.0,0.0,0,0,0,0,6,0,1,3,6,5,0,,0.0,0.0,8.3,83.3
堀田理恵,11,岡山シーガルズ,55,7,0,0,0,,,0,0,0,0,10,0,1,2,3,2,0,,0.0,0.0,2.5,66.7
堀田理恵,12,岡山シーガルズ,55,1,0,0,0,,,0,0,0,0,0,0,0,0,1,1,0,,0.0,0.0,,100.0
多治見麻子,01,パイオニアレッドウィングス,5,21,91,36,4,39.6,35.2,0,0,0,13,59,0,1,13,9,7,0,,1.7,0.6,5.1,77.8
多治見麻子,02,パイオニアレッドウィングス,5,26,123,59,10,48.0,39.8,1,1,0,17,70,2,5,15,8,7,0,100.0,2.3,0.7,6.4,87.5
多治見麻子,03,パイオニアレッドウィングス,5,21,79,42,5,53.2,46.8,0,0,0,17,68,0,2,20,10,7,0,,2.0,0.8,6.6,70.0
多治見麻子,11,パイオニアレッドウィングス,5,27,114,50,9,43.9,36.0,0,0,0,14,85,3,5,22,11,10,0,,1.9,0.5,8.5,90.9
多治見麻子,12,パイオニアレッドウィングス,5,12,67,23,6,34.3,25.4,0,0,0,9,36,1,1,10,5,2,0,,1.9,0.8,9.0,40.0
大塚真菜,01,トヨタ車体クインシーズ,12,1,2,1,0,50.0,50.0,0,0,0,0,2,0,0,1,0,0,0,,1.0,0.0,12.5,
大塚真菜,02,トヨタ車体クインシーズ,12,0,0,0,0,,,0,0,0,0,0,0,0,0,0,0,0,,,,,
大塚真菜,11,トヨタ車体クインシーズ,12,0,0,0,0,,,0,0,0,0,0,0,0,0,0,0,0,,,,,
大山加奈,03,東レアローズ,3,7,0,0,0,,,0,0,0,0,0,0,0,0,0,0,0,,0.0,0.0,,
大山未希,01,東レアローズ,7,20,2,2,0,100.0,100.0,0,0,0,5,4,0,1,1,0,0,0,,0.1,0.2,0.0,
大山未希,02,東レアローズ,7,14,1,0,0,0.0,0.0,0,0,0,2,3,0,0,1,0,0,0,,0.0,0.1,8.3,
大山未希,03,東レアローズ,7,14,1,1,0,100.0,100.0,0,0,0,1,3,0,0,1,0,0,0,,0.1,0.1,8.3,
大山未希,11,東レアローズ,7,7,1,0,0,0.0,0.0,0,0,0,0,0,0,0,0,0,0,0,,0.0,0.0,,
大山未希,12,東レアローズ,7,5,1,1,0,100.0,100.0,0,0,0,0,0,0,0,0,0,0,0,,0.2,0.0,,
大村加奈子,01,久光製薬スプリングス,8,19,8,5,1,62.5,50.0,0,0,0,5,4,1,0,0,0,0,0,,0.3,0.3,25.0,
大村加奈子,02,久光製薬スプリングス,8,20,6,1,1,16.7,0.0,0,0,0,0,2,0,0,0,0,0,0,,0.0,0.0,0.0,
大村加奈子,03,久光製薬スプリングス,8,9,2,1,1,50.0,0.0,0,0,0,2,4,0,0,4,0,0,0,,0.1,0.2,25.0,
大槻真弥,01,デンソーエアリービーズ,14,15,0,0,0,,,0,0,0,0,0,0,0,0,33,19,0,,0.0,0.0,,57.6
大槻真弥,02,デンソーエアリービーズ,14,14,0,0,0,,,0,0,0,0,1,0,0,1,39,23,0,,0.0,0.0,25.0,59.0
大槻真弥,03,デンソーエアリービーズ,14,10,0,0,0,,,0,0,0,0,0,0,0,0,27,15,0,,0.0,0.0,,55.6
大槻真弥,11,デンソーエアリービーズ,14,17,0,0,0,,,0,0,0,0,1,0,0,0,38,26,0,,0.0,0.0,0.0,68.4
大槻真弥,12,デンソーエアリービーズ,14,8,0,0,0,,,0,0,0,0,0,0,0,0,13,6,0,,0.0,0.0,,46.2
奥田恭子,01,デンソーエアリービーズ,15,0,0,0,0,,,0,0,0,0,0,0,0,0,0,0,0,,,,,
奥田恭子,02,デンソーエアリービーズ,15,0,0,0,0,,,0,0,0,0,0,0,0,0,0,0,0,,,,,
奥田恭子,03,デンソーエアリービーズ,15,0,0,0,0,,,0,0,0,0,0,0,0,0,0,0,0,,,,,
安藤典莉子,03,NECレッドロケッツ,18,3,44,14,7,31.8,15.9,15,4,3,1,8,1,1,3,1,0,0,26.7,4.7,0.3,18.8,0.0
宝来麻紀子,01,JTマーヴェラス,9,22,88,27,3,30.7,27.3,0,0,0,9,56,2,6,11,0,0,0,,1.2,0.4,5.8,
宝来麻紀子,02,JTマーヴェラス,9,20,84,31,4,36.9,32.1,0,0,0,18,66,1,7,25,2,2,0,,1.6,0.9,8.3,100.0
宝来麻紀子,03,JTマーヴェラス,9,17,69,30,3,43.5,39.1,0,0,0,16,45,1,2,6,5,4,0,,1.8,0.9,4.4,80.0
宝来麻紀子,11,JTマーヴェラス,9,25,65,16,4,24.6,18.5,0,0,0,26,67,1,3,15,6,3,0,,0.6,1.0,6.0,50.0
宝来麻紀子,12,JTマーヴェラス,9,13,30,11,1,36.7,33.3,0,0,0,6,30,0,2,7,3,3,0,,0.8,0.5,4.2,100.0
宮田由佳里,01,東レアローズ,18,21,67,28,6,41.8,32.8,0,0,0,3,70,2,6,23,0,0,0,,1.3,0.1,8.9,
宮田由佳里,02,東レアローズ,18,21,54,19,1,35.2,33.3,0,0,0,14,82,2,6,27,1,1,0,,0.9,0.7,8.8,100.0
宮田由佳里,03,東レアローズ,18,23,61,32,1,52.5,50.8,0,0,0,8,96,2,5,29,1,1,0,,1.4,0.3,8.3,100.0
宮田由佳里,11,東レアローズ,18,17,42,17,1,40.5,38.1,0,0,0,4,59,1,1,9,4,4,0,,1.0,0.2,5.1,100.0
宮田由佳里,12,東レアローズ,18,2,7,1,0,14.3,14.3,0,0,0,0,9,0,1,1,0,0,0,,0.5,0.0,0.0,
小山修加,01,久光製薬スプリングス,5,27,270,94,16,34.8,28.9,109,36,8,12,92,3,9,24,2,2,0,33.0,3.5,0.4,7.3,100.0
小山修加,02,久光製薬スプリングス,5,11,80,22,11,27.5,13.8,26,4,5,1,16,1,2,5,1,1,0,15.4,2.0,0.1,10.9,100.0
小山修加,03,久光製薬スプリングス,5,1,6,2,1,33.3,16.7,2,2,0,0,5,1,0,1,0,0,0,100.0,2.0,0.0,25.0,
小山修加,11,久光製薬スプリングス,5,6,45,14,4,31.1,22.2,5,2,1,5,16,1,3,3,0,0,0,40.0,2.3,0.8,6.2,
小山修加,12,久光製薬スプリングス,5,4,33,13,1,39.4,36.4,4,2,1,0,10,0,1,1,0,0,0,50.0,3.2,0.0,0.0,
小松崎佐代子,01,東レアローズ,15,0,0,0,0,,,0,0,0,0,0,0,0,0,0,0,0,,,,,
小松崎佐代子,02,東レアローズ,15,0,0,0,0,,,0,0,0,0,0,0,0,0,0,0,0,,,,,
小松崎佐代子,03,東レアローズ,15,0,0,0,0,,,0,0,0,0,0,0,0,0,0,0,0,,,,,
小松崎佐代子,11,東レアローズ,15,0,0,0,0,,,0,0,0,0,0,0,0,0,0,0,0,,,,,
小松崎佐代子,12,東レアローズ,15,0,0,0,0,,,0,0,0,0,0,0,0,0,0,0,0,,,,,
小林亜里沙,01,岡山シーガルズ,17,5,4,0,0,0.0,0.0,0,0,0,1,4,0,0,2,0,0,0,,0.0,0.2,12.5,
小林亜里沙,02,岡山シーガルズ,17,0,0,0,0,,,0,0,0,0,0,0,0,0,0,0,0,,,,,
小林亜里沙,03,岡山シーガルズ,17,9,15,7,0,46.7,46.7,0,0,0,4,16,1,1,5,3,2,0,,0.8,0.4,12.5,66.7
小濱ゆみ,01,パイオニアレッドウィングス,12,12,0,0,0,,,0,0,0,0,5,0,1,0,1,0,0,,0.0,0.0,-5.0,0.0
小濱ゆみ,02,パイオニアレッドウィングス,12,19,0,0,0,,,0,0,0,0,16,0,2,4,0,0,0,,0.0,0.0,3.1,
小濱ゆみ,03,パイオニアレッドウィングス,12,14,1,0,0,0.0,0.0,0,0,0,0,8,0,1,4,0,0,0,,0.0,0.0,9.4,
小菅真弓,01,岡山シーガルズ,41,13,1,1,0,100.0,100.0,0,0,0,0,11,0,0,2,0,0,0,,0.1,0.0,4.5,
小菅真弓,02,岡山シーガルズ,41,2,0,0,0,,,0,0,0,0,0,0,0,0,0,0,0,,0.0,0.0,,
小菅真弓,03,岡山シーガルズ,41,3,0,0,0,,,0,0,0,0,3,0,0,0,0,0,0,,0.0,0.0,0.0,
小菅真弓,11,岡山シーガルズ,41,13,0,0,0,,,0,0,0,0,5,0,0,1,0,0,0,,0.0,0.0,5.0,
小菅真弓,12,岡山シーガルズ,41,8,0,0,0,,,0,0,0,1,8,0,0,2,1,0,0,,0.0,0.1,6.2,0.0
小酒翔子,01,JTマーヴェラス,11,0,0,0,0,,,0,0,0,0,0,0,0,0,0,0,0,,,,,
小酒翔子,02,JTマーヴェラス,11,7,0,0,0,,,0,0,0,0,9,1,0,2,0,0,0,,0.0,0.0,16.7,
小酒翔子,03,JTマーヴェラス,11,6,0,0,0,,,0,0,0,0,10,0,0,5,1,0,0,,0.0,0.0,12.5,0.0
小酒翔子,11,JTマーヴェラス,11,1,0,0,0,,,0,0,0,0,0,0,0,0,2,0,0,,0.0,0.0,,0.0
小酒翔子,12,JTマーヴェラス,11,0,0,0,0,,,0,0,0,0,0,0,0,0,0,0,0,,,,,
山中綾乃,02,武富士バンブー,23,0,0,0,0,,,0,0,0,0,0,0,0,0,0,0,0,,,,,
山中綾乃,03,武富士バンブー,23,0,0,0,0,,,0,0,0,0,0,0,0,0,0,0,0,,,,,
山口舞,01,岡山シーガルズ,2,27,223,85,9,38.1,34.1,0,0,0,6,96,1,4,22,104,65,0,,3.1,0.2,5.7,62.5
山口舞,02,岡山シーガルズ,2,26,181,71,3,39.2,37.6,3,0,1,10,84,0,3,10,116,72,0,0.0,2.7,0.4,2.1,62.1
山口舞,03,岡山シーガルズ,2,20,161,55,6,34.2,30.4,0,0,0,6,72,0,1,15,88,52,0,,2.8,0.3,4.9,59.1
山口舞,11,岡山シーガルズ,2,19,147,65,3,44.2,42.2,0,0,0,7,65,1,1,11,68,52,0,,3.4,0.4,5.4,76.5
山口舞,12,岡山シーガルズ,2,15,87,37,4,42.5,37.9,0,0,0,7,49,0,3,8,36,30,0,,2.5,0.5,2.6,83.3
山本友里恵,03,日立リヴァーレ,10,0,0,0,0,,,0,0,0,0,0,0,0,0,0,0,0,,,,,
山本愛,01,久光製薬スプリングス,3,27,134,54,4,40.3,37.3,0,0,0,14,95,4,8,38,2,2,0,,2.0,0.5,12.1,100.0
山本愛,02,久光製薬スプリングス,3,34,205,82,6,40.0,37.1,0,0,0,22,130,4,11,51,2,1,0,,2.4,0.6,10.8,50.0
山本愛,03,久光製薬スプリングス,3,11,78,35,3,44.9,41.0,0,0,0,10,39,0,3,18,0,0,0,,3.2,0.9,9.6,
山本愛,11,久光製薬スプリングス,3,27,132,45,7,34.1,28.8,1,1,0,12,67,1,7,23,3,3,0,100.0,1.7,0.4,7.5,100.0
山本愛,12,久光製薬スプリングス,3,7,37,17,2,45.9,40.5,0,0,0,2,21,1,1,5,0,0,0,,2.4,0.3,9.5,
山本陽子,01,トヨタ車体クインシーズ,3,2,0,0,0,,,0,0,0,0,1,0,0,1,0,0,0,,0.0,0.0,25.0,
山本陽子,02,トヨタ車体クインシーズ,3,10,0,0,0,,,0,0,0,1,0,0,0,0,0,0,0,,0.0,0.1,,
山本陽子,03,トヨタ車体クインシーズ,3,22,61,26,4,42.6,36.1,0,0,0,10,100,3,6,27,2,2,0,,1.2,0.5,8.2,100.0
山本陽子,11,トヨタ車体クインシーズ,3,22,32,11,2,34.4,28.1,0,0,0,0,57,0,2,18,4,2,0,,0.5,0.0,7.0,50.0
山本陽子,12,トヨタ車体クインシーズ,3,9,8,3,1,37.5,25.0,0,0,0,1,41,2,1,16,5,3,0,,0.3,0.1,14.0,60.0
岡野弘子,01,岡山シーガルズ,15,26,4,3,0,75.0,75.0,0,0,0,5,75,3,1,23,1,0,0,,0.1,0.2,11.3,0.0
岡野弘子,02,岡山シーガルズ,15,26,11,4,0,36.4,36.4,0,0,0,5,78,1,1,24,1,0,0,,0.2,0.2,8.7,0.0
岡野弘子,03,岡山シーガルズ,15,20,4,2,0,50.0,50.0,0,0,0,4,69,0,1,21,0,0,0,,0.1,0.2,7.2,
岡野弘子,11,岡山シーガルズ,15,19,5,1,1,20.0,0.0,0,0,0,3,51,2,1,9,1,0,0,,0.1,0.2,7.8,0.0
岡野弘子,12,岡山シーガルズ,15,15,2,0,0,0.0,0.0,0,0,0,0,59,1,0,20,0,0,0,,0.0,0.0,10.2,
岡野知子,01,デンソーエアリービーズ,5,19,160,56,9,35.0,29.4,0,0,0,6,42,3,1,12,88,58,0,,2.9,0.3,13.7,65.9
岡野知子,02,デンソーエアリービーズ,5,25,236,74,6,31.4,28.8,0,0,0,11,52,0,4,10,118,77,0,,3.0,0.4,2.9,65.3
岡野知子,03,デンソーエアリービーズ,5,22,213,61,12,28.6,23.0,0,0,0,3,79,0,3,31,149,105,0,,2.8,0.1,8.9,70.5
岡野知子,11,デンソーエアリービーズ,5,24,215,80,9,37.2,33.0,0,0,0,9,67,1,3,14,115,80,0,,3.3,0.4,5.6,69.6
岡野知子,12,デンソーエアリービーズ,5,12,104,36,1,34.6,33.7,0,0,0,5,46,2,2,8,69,56,0,,3.0,0.4,7.6,81.2
嶋田美樹,01,日立リヴァーレ,14,8,20,4,2,20.0,10.0,0,0,0,5,23,0,2,3,5,4,0,,0.5,0.6,1.1,80.0
嶋田美樹,02,日立リヴァーレ,14,24,79,32,6,40.5,32.9,0,0,0,20,68,2,4,15,8,5,0,,1.3,0.8,7.0,62.5
嶋田美樹,03,日立リヴァーレ,14,18,88,26,3,29.5,26.1,0,0,0,6,42,1,2,9,8,2,0,,1.4,0.3,6.5,25.0
嶋田美樹,11,日立リヴァーレ,14,26,69,27,2,39.1,36.2,0,0,0,9,78,4,2,17,10,5,0,,1.0,0.3,9.9,50.0
嶋田美樹,12,日立リヴァーレ,14,10,45,17,5,37.8,26.7,0,0,0,3,20,0,3,9,3,2,0,,1.7,0.3,7.5,66.7
川井梅香,01,岡山シーガルズ,25,1,3,2,0,66.7,66.7,0,0,0,0,1,0,0,0,0,0,0,,2.0,0.0,0.0,
川井梅香,02,岡山シーガルズ,25,3,12,3,1,25.0,16.7,0,0,0,0,5,0,0,1,2,2,0,,1.0,0.0,5.0,100.0
川井梅香,03,岡山シーガルズ,25,1,1,0,0,0.0,0.0,0,0,0,0,0,0,0,0,0,0,0,,0.0,0.0,,
川原愛璃,03,日立リヴァーレ,11,4,2,0,0,0.0,0.0,0,0,0,0,10,0,0,3,7,4,0,,0.0,0.0,7.5,57.1
川原麻実,01,JTマーヴェラス,19,13,9,4,0,44.4,44.4,2,1,0,0,19,2,2,7,1,1,0,50.0,0.3,0.0,17.1,100.0
川原麻実,02,JTマーヴェラス,19,7,12,4,1,33.3,25.0,0,0,0,0,11,0,0,1,1,1,0,,0.6,0.0,2.3,100.0
川原麻実,03,JTマーヴェラス,19,13,77,24,3,31.2,27.3,12,4,0,2,22,2,0,9,1,0,0,33.3,1.8,0.2,19.3,0.0
川原麻実,11,JTマーヴェラス,19,2,9,2,2,22.2,0.0,0,0,0,0,0,0,0,0,1,1,0,,1.0,0.0,,100.0
川原麻実,12,JTマーヴェラス,19,1,0,0,0,,,0,0,0,0,2,0,0,0,0,0,0,,0.0,0.0,0.0,
川島亜依美,03,岡山シーガルズ,28,1,2,0,0,0.0,0.0,1,0,0,0,1,0,0,0,0,0,0,0.0,0.0,0.0,0.0,
川畑愛希,01,岡山シーガルズ,8,18,57,15,6,26.3,15.8,0,0,0,2,46,2,0,9,42,23,0,,0.8,0.1,9.2,54.8
川畑愛希,02,岡山シーガルズ,8,14,19,4,2,21.1,10.5,0,0,0,0,18,0,0,1,16,6,0,,0.3,0.0,1.4,37.5
川畑愛希,03,岡山シーガルズ,8,10,27,7,1,25.9,22.2,0,0,0,1,19,1,0,7,23,12,0,,0.7,0.1,14.5,52.2
川畑愛希,11,岡山シーガルズ,8,12,20,8,0,40.0,40.0,0,0,0,1,23,1,1,2,17,6,0,,0.7,0.1,5.4,35.3
川畑愛希,12,岡山シーガルズ,8,10,31,12,1,38.7,35.5,1,0,1,0,24,0,0,8,24,14,0,0.0,1.2,0.0,8.3,58.3
平井真栄,01,武富士バンブー,11,11,0,0,0,,,0,0,0,0,13,0,1,2,0,0,0,,0.0,0.0,1.9,
平井真栄,02,武富士バンブー,11,5,0,0,0,,,0,0,0,0,4,0,0,0,0,0,0,,0.0,0.0,0.0,
平井真栄,03,武富士バンブー,11,15,0,0,0,,,0,0,0,0,18,1,0,1,0,0,0,,0.0,0.0,6.9,
平井真栄,11,武富士バンブー,11,17,0,0,0,,,0,0,0,0,17,0,0,3,0,0,0,,0.0,0.0,4.4,
平井真栄,12,武富士バンブー,11,9,1,0,0,0.0,0.0,0,0,0,0,8,0,0,1,0,0,0,,0.0,0.0,3.1,
平井香菜子,01,久光製薬スプリングス,9,4,0,0,0,,,0,0,0,0,0,0,0,0,0,0,0,,0.0,0.0,,
平井香菜子,02,久光製薬スプリングス,9,13,49,26,5,53.1,42.9,0,0,0,5,26,0,1,7,0,0,0,,2.0,0.4,5.8,
平井香菜子,03,久光製薬スプリングス,9,4,24,10,0,41.7,41.7,0,0,0,5,13,0,0,4,0,0,0,,2.5,1.2,7.7,
平井香菜子,11,久光製薬スプリングス,9,27,151,60,12,39.7,31.8,0,0,0,13,100,3,6,30,4,3,0,,2.2,0.5,9.0,75.0
平井香菜子,12,久光製薬スプリングス,9,6,0,0,0,,,0,0,0,0,0,0,0,0,0,0,0,,0.0,0.0,,
庄司夕起,01,パイオニアレッドウィングス,4,21,77,32,3,41.6,37.7,0,0,0,14,72,2,6,11,14,6,0,,1.5,0.7,4.5,42.9
庄司夕起,02,パイオニアレッドウィングス,4,26,99,32,4,32.3,28.3,0,0,0,19,95,3,2,26,17,8,0,,1.2,0.7,9.5,47.1
庄司夕起,03,パイオニアレッドウィングス,4,21,90,31,3,34.4,31.1,0,0,0,20,85,2,3,28,19,12,0,,1.5,1.0,9.7,63.2
庄司夕起,11,パイオニアレッドウィングス,4,27,139,44,9,31.7,25.2,0,0,0,17,75,2,4,32,6,5,0,,1.6,0.6,12.0,83.3
庄司夕起,12,パイオニアレッドウィングス,4,12,47,17,3,36.2,29.8,1,0,0,6,39,1,0,14,7,3,0,0.0,1.4,0.5,11.5,42.9
座安琴希,01,久光製薬スプリングス,19,20,0,0,0,,,0,0,0,0,0,0,0,0,32,23,0,,0.0,0.0,,71.9
座安琴希,02,久光製薬スプリングス,19,23,0,0,0,,,0,0,0,0,0,0,0,0,43,34,0,,0.0,0.0,,79.1
座安琴希,03,久光製薬スプリングス,19,9,0,0,0,,,0,0,0,0,0,0,0,0,12,7,0,,0.0,0.0,,58.3
座安琴希,11,久光製薬スプリングス,19,17,0,0,0,,,0,0,0,0,1,0,0,0,26,18,0,,0.0,0.0,0.0,69.2
座安琴希,12,久光製薬スプリングス,19,0,0,0,0,,,0,0,0,0,0,0,0,0,0,0,0,,,,,
張越紅,01,東レアローズ,9,26,298,124,13,41.6,37.2,34,13,4,5,82,3,16,13,0,0,0,38.2,4.8,0.2,2.7,
張越紅,02,東レアローズ,9,21,239,106,10,44.4,40.2,19,5,3,4,61,3,9,14,0,0,0,26.3,5.0,0.2,7.0,
張越紅,03,東レアローズ,9,23,297,141,14,47.5,42.8,11,2,0,8,76,5,9,19,1,0,0,18.2,6.1,0.3,9.9,0.0
張越紅,11,東レアローズ,9,25,317,125,22,39.4,32.5,44,17,6,7,89,1,11,21,14,11,0,38.6,5.0,0.3,3.9,78.6
張越紅,12,東レアローズ,9,11,151,58,8,38.4,33.1,15,6,2,8,32,1,4,3,0,0,0,40.0,5.3,0.7,2.3,
成田郁久美,01,NECレッドロケッツ,6,25,0,0,0,,,0,0,0,0,0,0,0,0,133,109,0,,0.0,0.0,,82.0
成田郁久美,02,NECレッドロケッツ,6,22,0,0,0,,,0,0,0,0,0,0,0,0,91,64,0,,0.0,0.0,,70.3
成田郁久美,03,NECレッドロケッツ,6,15,0,0,0,,,0,0,0,0,0,0,0,0,96,66,0,,0.0,0.0,,68.8
成田郁久美,11,NECレッドロケッツ,6,33,0,0,0,,,0,0,0,0,0,0,0,0,166,116,0,,0.0,0.0,,69.9
成田郁久美,12,NECレッドロケッツ,6,4,0,0,0,,,0,0,0,0,0,0,0,0,27,23,0,,0.0,0.0,,85.2
戸崎琴美,01,日立リヴァーレ,22,13,37,13,2,35.1,29.7,0,0,0,3,38,2,1,16,5,4,0,,1.0,0.2,15.1,80.0
戸崎琴美,02,日立リヴァーレ,22,3,10,2,0,20.0,20.0,0,0,0,2,2,0,0,0,0,0,0,,0.7,0.7,0.0,
戸崎琴美,03,日立リヴァーレ,22,3,1,0,0,0.0,0.0,0,0,0,0,0,0,0,0,0,0,0,,0.0,0.0,,
戸崎琴美,11,日立リヴァーレ,22,4,6,3,0,50.0,50.0,0,0,0,0,3,0,0,1,0,0,0,,0.8,0.0,8.3,
戸崎琴美,12,日立リヴァーレ,22,0,0,0,0,,,0,0,0,0,0,0,0,0,0,0,0,,,,,
新垣麻衣,01,トヨタ車体クインシーズ,10,0,0,0,0,,,0,0,0,0,0,0,0,0,0,0,0,,,,,
新垣麻衣,02,トヨタ車体クインシーズ,10,0,0,0,0,,,0,0,0,0,0,0,0,0,0,0,0,,,,,
日高奈津実,11,トヨタ車体クインシーズ,8,5,3,2,0,66.7,66.7,0,0,0,0,4,0,0,1,0,0,0,,0.4,0.0,6.2,
日高奈津実,12,トヨタ車体クインシーズ,8,0,0,0,0,,,0,0,0,0,0,0,0,0,0,0,0,,,,,
有田沙織,01,NECレッドロケッツ,9,20,43,14,3,32.6,25.6,1,1,0,1,5,0,0,5,4,3,0,100.0,0.7,0.0,25.0,75.0
有田沙織,02,NECレッドロケッツ,9,19,59,27,4,45.8,39.0,7,2,1,2,25,0,2,9,4,3,0,28.6,1.4,0.1,7.0,75.0
有田沙織,03,NECレッドロケッツ,9,15,74,28,4,37.8,32.4,11,1,2,1,28,1,3,13,0,0,0,9.1,1.9,0.1,12.5,
有田沙織,11,NECレッドロケッツ,9,10,22,8,0,36.4,36.4,0,0,0,1,2,0,0,1,0,0,0,,0.8,0.1,12.5,
服部安佑香,01,武富士バンブー,12,23,144,43,8,29.9,24.3,3,0,0,4,73,2,4,22,112,58,0,0.0,1.9,0.2,8.9,51.8
服部安佑香,02,武富士バンブー,12,16,104,36,11,34.6,24.0,3,0,2,6,60,3,4,19,68,45,0,0.0,2.2,0.4,11.2,66.2
服部安佑香,03,武富士バンブー,12,24,158,56,11,35.4,28.5,2,0,1,5,80,2,6,31,110,70,0,0.0,2.3,0.2,10.3,63.6
服部安佑香,11,武富士バンブー,12,22,125,41,8,32.8,26.4,3,1,0,6,68,3,2,19,92,54,0,33.3,1.9,0.3,10.7,58.7
服部安佑香,12,武富士バンブー,12,6,28,9,0,32.1,32.1,1,0,0,1,14,0,0,3,23,11,0,0.0,1.5,0.2,5.4,47.8
服部鮎弥,01,トヨタ車体クインシーズ,16,11,28,7,1,25.0,21.4,0,0,0,1,14,0,0,3,17,9,0,,0.6,0.1,5.4,52.9
服部鮎弥,02,トヨタ車体クインシーズ,16,10,27,9,0,33.3,33.3,0,0,0,0,15,1,1,2,24,16,0,,0.9,0.0,8.3,66.7
服部鮎弥,03,トヨタ車体クインシーズ,16,16,1,0,0,0.0,0.0,0,0,0,0,10,0,2,3,24,12,0,,0.0,0.0,2.5,50.0
服部鮎弥,11,トヨタ車体クインシーズ,16,14,105,40,6,38.1,32.4,0,0,0,1,37,3,2,9,103,80,0,,2.9,0.1,12.8,77.7
服部鮎弥,12,トヨタ車体クインシーズ,16,10,82,27,6,32.9,25.6,0,0,0,1,31,0,2,9,74,39,0,,2.7,0.1,5.6,52.7
木村沙織,01,東レアローズ,10,26,329,108,21,32.8,26.4,42,15,4,8,91,2,9,29,244,167,0,35.7,4.2,0.3,7.7,68.4
木村沙織,02,東レアローズ,10,21,248,81,19,32.7,25.0,21,4,3,7,76,6,6,18,105,84,0,19.0,3.9,0.3,11.8,80.0
木村沙織,03,東レアローズ,10,23,261,88,21,33.7,25.7,22,3,2,13,89,5,6,29,195,133,0,13.6,3.8,0.6,12.1,68.2
木村沙織,11,東レアローズ,10,25,290,94,24,32.4,24.1,39,9,5,9,85,6,5,34,188,131,0,23.1,3.8,0.4,15.6,69.7
木村沙織,12,東レアローズ,10,11,115,42,6,36.5,31.3,13,6,1,3,39,3,2,7,63,47,0,46.2,3.8,0.3,10.9,74.6
本田つばさ,01,デンソーエアリービーズ,22,18,0,0,0,,,0,0,0,0,28,2,10,4,0,0,0,,0.0,0.0,1.8,
本田つばさ,02,デンソーエアリービーズ,22,20,0,0,0,,,0,0,0,0,27,2,7,6,0,0,0,,0.0,0.0,6.5,
本田つばさ,03,デンソーエアリービーズ,22,13,0,0,0,,,0,0,0,0,17,2,2,2,0,0,0,,0.0,0.0,11.8,
本田つばさ,11,デンソーエアリービーズ,22,19,0,0,0,,,0,0,0,0,38,4,5,12,0,0,0,,0.0,0.0,15.1,
本田つばさ,12,デンソーエアリービーズ,22,11,0,0,0,,,0,0,0,0,18,3,2,4,0,0,0,,0.0,0.0,19.4,
杉山祥子,01,NECレッドロケッツ,2,25,138,67,6,48.6,44.2,1,0,0,26,65,0,1,14,4,3,0,0.0,2.7,1.0,5.0,75.0
杉山祥子,02,NECレッドロケッツ,2,22,133,64,6,48.1,43.6,0,0,0,9,49,0,4,8,1,1,0,,2.9,0.4,2.0,100.0
杉山祥子,03,NECレッドロケッツ,2,15,113,44,8,38.9,31.9,0,0,0,25,31,0,2,7,2,0,0,,2.9,1.7,4.0,0.0
杉山祥子,11,NECレッドロケッツ,2,33,155,71,5,45.8,42.6,0,0,0,21,69,2,6,6,6,4,0,,2.2,0.6,2.9,66.7
杉山祥子,12,NECレッドロケッツ,2,4,32,13,3,40.6,31.2,0,0,0,1,9,0,1,0,1,1,0,,3.2,0.2,-2.8,100.0
杉本早希,01,パイオニアレッドウィングス,2,0,0,0,0,,,0,0,0,0,0,0,0,0,0,0,0,,,,,
杉本早希,02,パイオニアレッドウィングス,2,2,13,3,1,23.1,15.4,0,0,0,0,6,1,1,2,12,6,0,,1.5,0.0,20.8,50.0
杉本早希,03,パイオニアレッドウィングス,2,0,0,0,0,,,0,0,0,0,0,0,0,0,0,0,0,,,,,
杉本早希,11,パイオニアレッドウィングス,2,0,0,0,0,,,0,0,0,0,0,0,0,0,0,0,0,,,,,
杉本早希,12,パイオニアレッドウィングス,2,2,3,0,0,0.0,0.0,0,0,0,0,2,0,1,0,3,1,0,,0.0,0.0,-12.5,33.3
村田奈都美,01,岡山シーガルズ,12,21,218,61,6,28.0,25.2,0,0,0,2,56,0,10,9,41,26,0,,2.9,0.1,-0.4,63.4
村田奈都美,02,岡山シーガルズ,12,23,222,62,15,27.9,21.2,1,0,0,5,67,2,6,8,49,28,0,0.0,2.7,0.2,3.7,57.1
村田奈都美,03,岡山シーガルズ,12,20,222,66,10,29.7,25.2,0,0,0,6,67,2,13,14,39,26,0,,3.3,0.3,3.4,66.7
村田奈都美,11,岡山シーガルズ,12,13,97,39,9,40.2,30.9,0,0,0,1,36,0,3,6,36,22,0,,3.0,0.1,2.1,61.1
村田奈都美,12,岡山シーガルズ,12,9,56,21,2,37.5,33.9,0,0,0,1,26,2,6,4,8,4,0,,2.3,0.1,5.8,50.0
東山由香,01,東レアローズ,8,0,0,0,0,,,0,0,0,0,0,0,0,0,0,0,0,,,,,
東山由香,02,東レアローズ,8,3,0,0,0,,,0,0,0,0,5,0,0,1,0,0,0,,0.0,0.0,5.0,
東山由香,11,東レアローズ,8,0,0,0,0,,,0,0,0,0,0,0,0,0,0,0,0,,,,,
東山由香,12,東レアローズ,8,1,0,0,0,,,0,0,0,0,1,0,0,0,0,0,0,,0.0,0.0,0.0,
東谷幸子,01,岡山シーガルズ,9,3,1,0,0,0.0,0.0,0,0,0,0,3,0,0,0,3,0,0,,0.0,0.0,0.0,0.0
松崎さ代子,01,NECレッドロケッツ,4,25,94,45,5,47.9,42.6,3,1,0,14,102,5,11,31,7,6,0,33.3,1.8,0.6,9.8,85.7
松崎さ代子,02,NECレッドロケッツ,4,21,90,35,8,38.9,30.0,6,1,1,14,83,1,9,26,8,8,0,16.7,1.7,0.7,6.3,100.0
松崎さ代子,03,NECレッドロケッツ,4,13,48,19,2,39.6,35.4,3,0,1,4,50,6,6,20,2,2,0,0.0,1.5,0.3,19.0,100.0
松崎さ代子,11,NECレッドロケッツ,4,32,122,48,7,39.3,33.6,7,3,1,14,115,5,10,35,16,11,0,42.9,1.5,0.4,9.8,68.8
松崎さ代子,12,NECレッドロケッツ,4,4,9,4,1,44.4,33.3,2,0,1,1,10,0,1,3,2,1,0,0.0,1.0,0.2,5.0,50.0
松浦麻琴,03,日立リヴァーレ,5,0,0,0,0,,,0,0,0,0,0,0,0,0,0,0,0,,,,,
板橋恵,01,日立リヴァーレ,2,11,2,1,0,50.0,50.0,1,0,0,0,24,2,6,8,0,0,0,0.0,0.1,0.0,10.4,
板橋恵,02,日立リヴァーレ,2,25,5,2,0,40.0,40.0,0,0,0,5,90,3,3,20,0,0,0,,0.1,0.2,8.1,
板橋恵,03,日立リヴァーレ,2,18,3,1,0,33.3,33.3,0,0,0,3,67,0,4,28,1,0,0,,0.1,0.2,9.0,0.0
板橋恵,11,日立リヴァーレ,2,14,4,2,0,50.0,50.0,0,0,0,1,20,0,1,9,0,0,0,,0.1,0.1,10.0,
板橋恵,12,日立リヴァーレ,2,4,3,1,0,33.3,33.3,0,0,0,1,4,0,1,1,0,0,0,,0.2,0.2,0.0,
栗原恵,01,パイオニアレッドウィングス,1,21,191,70,11,36.6,30.9,25,9,2,8,84,5,7,32,172,112,0,36.0,3.3,0.4,13.4,65.1
栗原恵,02,パイオニアレッドウィングス,1,26,261,91,20,34.9,27.2,44,15,5,8,86,9,10,24,154,90,0,34.1,3.5,0.3,14.5,58.4
栗原恵,03,パイオニアレッドウィングス,1,21,187,61,7,32.6,28.9,24,3,1,12,84,2,9,32,140,87,0,12.5,2.9,0.6,9.2,62.1
栗原恵,11,パイオニアレッドウィングス,1,27,238,78,14,32.8,26.9,32,11,3,8,102,12,11,33,267,158,0,34.4,2.9,0.3,17.2,59.2
栗原恵,12,パイオニアレッドウィングス,1,7,66,16,6,24.2,15.2,17,7,2,2,18,2,2,4,50,40,0,41.2,2.3,0.3,13.9,80.0
梅尾千草,01,トヨタ車体クインシーズ,9,0,0,0,0,,,0,0,0,0,0,0,0,0,0,0,0,,,,,
梅尾千草,02,トヨタ車体クインシーズ,9,0,0,0,0,,,0,0,0,0,0,0,0,0,0,0,0,,,,,
梅尾千草,03,トヨタ車体クインシーズ,9,0,0,0,0,,,0,0,0,0,0,0,0,0,0,0,0,,,,,
梅尾千草,11,トヨタ車体クインシーズ,9,5,0,0,0,,,0,0,0,0,5,0,0,2,0,0,0,,0.0,0.0,10.0,
梅尾千草,12,トヨタ車体クインシーズ,9,0,0,0,0,,,0,0,0,0,0,0,0,0,0,0,0,,,,,
森和代,01,岡山シーガルズ,21,27,200,82,13,41.0,34.5,2,0,1,21,95,1,3,23,60,36,0,0.0,3.0,0.8,6.3,60.0
森和代,02,岡山シーガルズ,21,26,196,65,12,33.2,27.0,1,1,0,14,73,1,3,16,65,38,0,100.0,2.5,0.5,5.8,58.5
森和代,03,岡山シーガルズ,21,20,166,73,1,44.0,43.4,0,0,0,18,67,0,6,16,80,43,0,,3.6,0.9,3.7,53.8
森和代,11,岡山シーガルズ,21,19,183,66,4,36.1,33.9,1,0,0,10,70,1,2,19,12,10,0,0.0,3.5,0.5,7.5,83.3
森和代,12,岡山シーガルズ,21,15,109,45,1,41.3,40.4,1,0,0,17,59,1,3,11,20,9,0,0.0,3.0,1.1,5.1,45.0
榛澤舞子,02,久光製薬スプリングス,2,0,0,0,0,,,0,0,0,0,0,0,0,0,0,0,0,,,,,
榛澤舞子,11,久光製薬スプリングス,2,0,0,0,0,,,0,0,0,0,0,0,0,0,0,0,0,,,,,
榛澤舞子,12,久光製薬スプリングス,2,0,0,0,0,,,0,0,0,0,0,0,0,0,0,0,0,,,,,
横山雅美,01,デンソーエアリービーズ,6,10,3,1,0,33.3,33.3,0,0,0,4,42,0,1,6,0,0,0,,0.1,0.4,3.0,
横山雅美,02,デンソーエアリービーズ,6,10,5,4,0,80.0,80.0,0,0,0,1,38,0,1,9,0,0,0,,0.4,0.1,5.3,
横山雅美,03,デンソーエアリービーズ,6,22,9,3,0,33.3,33.3,1,0,0,3,100,0,3,11,2,0,0,0.0,0.1,0.1,2.0,0.0
横山雅美,11,デンソーエアリービーズ,6,24,10,5,0,50.0,50.0,0,0,0,12,100,2,0,15,3,0,0,,0.2,0.5,5.8,0.0
横山雅美,12,デンソーエアリービーズ,6,12,7,3,1,42.9,28.6,0,0,0,4,43,0,0,3,0,0,0,,0.2,0.3,1.7,
橋本直子,01,久光製薬スプリングス,17,27,7,2,2,28.6,0.0,0,0,0,1,110,5,4,35,1,0,0,,0.1,0.0,11.6,0.0
橋本直子,02,久光製薬スプリングス,17,34,17,6,0,35.3,35.3,0,0,0,3,124,6,6,32,0,0,0,,0.2,0.1,10.1,
橋本直子,03,久光製薬スプリングス,17,12,2,2,0,100.0,100.0,0,0,0,0,63,0,4,20,0,0,0,,0.2,0.0,6.3,
橋本直子,11,久光製薬スプリングス,17,16,6,2,0,33.3,33.3,0,0,0,5,54,2,4,12,1,0,0,,0.1,0.3,7.4,0.0
櫻井由香,01,デンソーエアリービーズ,9,17,0,0,0,,,0,0,0,0,20,0,0,7,31,21,0,,0.0,0.0,8.8,67.7
櫻井由香,02,デンソーエアリービーズ,9,21,0,0,0,,,0,0,0,0,22,0,0,8,37,26,0,,0.0,0.0,9.1,70.3
櫻井由香,03,デンソーエアリービーズ,9,18,0,0,0,,,0,0,0,0,0,0,0,0,49,33,0,,0.0,0.0,,67.3
櫻井由香,11,デンソーエアリービーズ,9,21,0,0,0,,,0,0,0,0,16,0,0,2,44,35,0,,0.0,0.0,3.1,79.5
櫻井由香,12,デンソーエアリービーズ,9,10,0,0,0,,,0,0,0,0,12,0,0,2,17,14,0,,0.0,0.0,4.2,82.4
江畑幸子,01,日立リヴァーレ,20,12,66,19,7,28.8,18.2,5,1,1,0,20,0,3,7,16,5,0,20.0,1.6,0.0,5.0,31.2
江畑幸子,02,日立リヴァーレ,20,14,50,12,3,24.0,18.0,1,0,0,1,7,0,1,1,6,3,0,0.0,0.9,0.1,0.0,50.0
江畑幸子,03,日立リヴァーレ,20,12,83,29,10,34.9,22.9,4,1,1,1,15,2,1,4,17,8,0,25.0,2.4,0.1,18.3,47.1
江畑幸子,12,日立リヴァーレ,20,0,0,0,0,,,0,0,0,0,0,0,0,0,0,0,0,,,,,
池浦文香,01,武富士バンブー,6,1,0,0,0,,,0,0,0,0,2,0,1,0,0,0,0,,0.0,0.0,-12.5,
池浦文香,02,武富士バンブー,6,0,0,0,0,,,0,0,0,0,0,0,0,0,0,0,0,,,,,
池浦文香,03,武富士バンブー,6,4,13,2,1,15.4,7.7,0,0,0,0,2,0,0,0,0,0,0,,0.5,0.0,0.0,
池浦文香,11,武富士バンブー,6,14,19,7,3,36.8,21.1,0,0,0,1,2,0,0,1,6,4,0,,0.5,0.1,12.5,66.7
池浦文香,12,武富士バンブー,6,1,1,0,0,0.0,0.0,0,0,0,0,0,0,0,0,0,0,0,,0.0,0.0,,
河合由貴,01,JTマーヴェラス,18,5,0,0,0,,,0,0,0,0,5,0,0,1,0,0,0,,0.0,0.0,5.0,
河合由貴,02,JTマーヴェラス,18,2,0,0,0,,,0,0,0,0,4,0,0,0,0,0,0,,0.0,0.0,0.0,
河合由貴,03,JTマーヴェラス,18,7,0,0,0,,,0,0,0,0,12,0,1,4,1,0,0,,0.0,0.0,6.2,0.0
河合由貴,11,JTマーヴェラス,18,3,1,1,0,100.0,100.0,0,0,0,0,2,0,0,0,0,0,0,,0.3,0.0,0.0,
河合由貴,12,JTマーヴェラス,18,7,3,0,0,0.0,0.0,0,0,0,0,20,1,0,7,0,0,0,,0.0,0.0,13.8,
河村聖子,01,JTマーヴェラス,10,1,0,0,0,,,0,0,0,0,1,0,0,0,0,0,0,,0.0,0.0,0.0,
河村聖子,02,JTマーヴェラス,10,0,0,0,0,,,0,0,0,0,0,0,0,0,0,0,0,,,,,
河村聖子,03,JTマーヴェラス,10,1,0,0,0,,,0,0,0,0,3,0,0,0,0,0,0,,0.0,0.0,0.0,
河村聖子,11,JTマーヴェラス,10,25,13,3,1,23.1,15.4,3,2,1,4,80,1,1,22,0,0,0,66.7,0.1,0.2,7.8,
河村聖子,12,JTマーヴェラス,10,13,3,2,0,66.7,66.7,0,0,0,2,41,0,3,7,0,0,0,,0.2,0.2,2.4,
泉夏子,11,NECレッドロケッツ,17,0,0,0,0,,,0,0,0,0,0,0,0,0,0,0,0,,,,,
泉夏子,12,NECレッドロケッツ,17,0,0,0,0,,,0,0,0,0,0,0,0,0,0,0,0,,,,,
浅津ゆうこ,01,久光製薬スプリングス,16,1,2,0,0,0.0,0.0,1,0,0,0,0,0,0,0,0,0,0,0.0,0.0,0.0,,
浅津ゆうこ,02,久光製薬スプリングス,16,3,14,3,3,21.4,0.0,10,1,3,0,5,1,0,3,0,0,0,10.0,1.0,0.0,35.0,
浅津ゆうこ,11,久光製薬スプリングス,16,0,0,0,0,,,0,0,0,0,0,0,0,0,0,0,0,,,,,
深川和那,01,NECレッドロケッツ,16,10,0,0,0,,,0,0,0,0,13,0,1,3,0,0,0,,0.0,0.0,3.8,
深川和那,02,NECレッドロケッツ,16,8,0,0,0,,,0,0,0,0,12,0,1,4,0,0,0,,0.0,0.0,6.2,
深川和那,03,NECレッドロケッツ,16,7,12,4,0,33.3,33.3,0,0,0,0,13,0,3,5,0,0,0,,0.6,0.0,3.8,
深川和那,11,NECレッドロケッツ,16,14,0,0,0,,,0,0,0,0,25,2,2,7,0,0,0,,0.0,0.0,13.0,
深川和那,12,NECレッドロケッツ,16,2,0,0,0,,,0,0,0,0,2,0,0,0,0,0,0,,0.0,0.0,0.0,
渡邊絢子,01,NECレッドロケッツ,8,0,0,0,0,,,0,0,0,0,0,0,0,0,0,0,0,,,,,
渡邊絢子,02,NECレッドロケッツ,8,5,0,0,0,,,0,0,0,0,1,0,0,0,8,6,0,,0.0,0.0,0.0,75.0
渡邊絢子,03,NECレッドロケッツ,8,9,0,0,0,,,0,0,0,0,1,0,0,1,17,9,0,,0.0,0.0,25.0,52.9
渡邊絢子,11,NECレッドロケッツ,8,15,19,5,3,26.3,10.5,1,0,0,0,31,0,2,4,59,37,0,0.0,0.3,0.0,1.6,62.7
渡邊絢子,12,NECレッドロケッツ,8,3,0,0,0,,,0,0,0,0,3,0,1,0,0,0,0,,0.0,0.0,-8.3,
滝沢ななえ,01,パイオニアレッドウィングス,25,15,0,0,0,,,0,0,0,0,21,1,3,2,17,14,0,,0.0,0.0,3.6,82.4
滝沢ななえ,02,パイオニアレッドウィングス,25,25,0,0,0,,,0,0,0,0,20,0,0,6,42,31,0,,0.0,0.0,7.5,73.8
滝沢ななえ,03,パイオニアレッドウィングス,25,16,0,0,0,,,0,0,0,0,15,1,0,4,17,8,0,,0.0,0.0,13.3,47.1
滝沢ななえ,11,パイオニアレッドウィングス,25,24,0,0,0,,,0,0,0,0,36,1,2,11,52,32,0,,0.0,0.0,9.0,61.5
滝沢ななえ,12,パイオニアレッドウィングス,25,9,0,0,0,,,0,0,0,0,16,0,0,6,16,13,0,,0.0,0.0,9.4,81.2
澁澤夏美,01,NECレッドロケッツ,20,2,4,1,0,25.0,25.0,0,0,0,0,0,0,0,0,0,0,0,,0.5,0.0,,
澁澤夏美,02,NECレッドロケッツ,20,3,16,5,1,31.2,25.0,1,0,1,0,4,0,1,2,4,2,0,0.0,1.7,0.0,6.2,50.0
澁澤夏美,03,NECレッドロケッツ,20,6,26,6,2,23.1,15.4,2,0,0,1,9,0,0,3,27,9,0,0.0,1.0,0.2,8.3,33.3
澁澤夏美,11,NECレッドロケッツ,20,22,119,38,9,31.9,24.4,4,1,1,5,43,1,9,10,68,32,0,25.0,1.7,0.2,2.9,47.1
澁澤夏美,12,NECレッドロケッツ,20,1,0,0,0,,,0,0,0,0,0,0,0,0,0,0,0,,0.0,0.0,,
澤畠文子,01,武富士バンブー,3,1,0,0,0,,,0,0,0,0,0,0,0,0,0,0,0,,0.0,0.0,,
澤畠文子,02,武富士バンブー,3,8,3,1,0,33.3,33.3,0,0,0,1,0,0,0,0,0,0,0,,0.1,0.1,,
澤畠文子,03,武富士バンブー,3,10,11,4,0,36.4,36.4,0,0,0,0,2,0,0,0,15,9,0,,0.4,0.0,0.0,60.0
澤畠文子,11,武富士バンブー,3,7,7,1,1,14.3,0.0,0,0,0,1,3,0,0,1,7,6,0,,0.1,0.1,8.3,85.7
澤畠文子,12,武富士バンブー,3,9,14,4,1,28.6,21.4,1,0,0,0,6,0,0,3,16,13,0,0.0,0.4,0.0,12.5,81.2
濱口華菜里,01,東レアローズ,5,26,0,0,0,,,0,0,0,0,0,0,0,0,125,89,0,,0.0,0.0,,71.2
濱口華菜里,02,東レアローズ,5,21,0,0,0,,,0,0,0,0,0,0,0,0,102,80,0,,0.0,0.0,,78.4
濱口華菜里,03,東レアローズ,5,23,0,0,0,,,0,0,0,0,0,0,0,0,100,62,0,,0.0,0.0,,62.0
濱口華菜里,11,東レアローズ,5,25,0,0,0,,,0,0,0,0,0,0,0,0,116,82,0,,0.0,0.0,,70.7
濱口華菜里,12,東レアローズ,5,11,0,0,0,,,0,0,0,0,0,0,0,0,60,43,0,,0.0,0.0,,71.7
瀬尾有耶,01,岡山シーガルズ,29,1,0,0,0,,,0,0,0,0,0,0,0,0,1,1,0,,0.0,0.0,,100.0
瀬尾有耶,02,岡山シーガルズ,29,2,0,0,0,,,0,0,0,0,1,0,0,0,0,0,0,,0.0,0.0,0.0,
瀬尾有耶,03,岡山シーガルズ,29,0,0,0,0,,,0,0,0,0,0,0,0,0,0,0,0,,,,,
片下恭子,01,デンソーエアリービーズ,16,20,0,0,0,,,0,0,0,0,0,0,0,0,88,59,0,,0.0,0.0,,67.0
片下恭子,02,デンソーエアリービーズ,16,25,0,0,0,,,0,0,0,0,0,0,0,0,122,87,0,,0.0,0.0,,71.3
片下恭子,03,デンソーエアリービーズ,16,16,0,0,0,,,0,0,0,0,0,0,0,0,67,48,0,,0.0,0.0,,71.6
片下恭子,11,デンソーエアリービーズ,16,24,0,0,0,,,0,0,0,0,9,0,0,4,133,107,0,,0.0,0.0,11.1,80.5
片下恭子,12,デンソーエアリービーズ,16,12,0,0,0,,,0,0,0,0,0,0,0,0,58,42,0,,0.0,0.0,,72.4
狩野美雪,11,久光製薬スプリングス,7,5,0,0,0,,,0,0,0,0,7,0,0,2,0,0,0,,0.0,0.0,7.1,
狩野美雪,12,久光製薬スプリングス,7,2,0,0,0,,,0,0,0,0,2,0,0,1,0,0,0,,0.0,0.0,12.5,
狩野舞子,02,久光製薬スプリングス,6,28,205,73,21,35.6,25.4,57,16,10,9,80,1,4,24,46,35,0,28.1,2.6,0.3,7.5,76.1
狩野舞子,03,久光製薬スプリングス,6,12,107,44,6,41.1,35.5,28,10,2,3,49,4,3,19,23,16,0,35.7,3.7,0.2,16.3,69.6
狩野舞子,11,久光製薬スプリングス,6,26,179,57,14,31.8,24.0,26,5,3,10,105,9,12,23,85,62,0,19.2,2.2,0.4,11.2,72.9
狩野舞子,12,久光製薬スプリングス,6,6,1,0,0,0.0,0.0,1,0,0,0,12,1,0,5,0,0,0,0.0,0.0,0.0,18.8,
田原知奈,11,トヨタ車体クインシーズ,18,10,0,0,0,,,0,0,0,0,10,0,1,2,0,0,0,,0.0,0.0,2.5,
田原香理,01,日立リヴァーレ,13,18,97,38,11,39.2,27.8,0,0,0,10,45,1,4,8,7,4,0,,2.1,0.6,4.4,57.1
田原香理,02,日立リヴァーレ,13,25,122,45,4,36.9,33.6,0,0,0,9,74,2,4,19,1,1,0,,1.8,0.4,7.8,100.0
田原香理,03,日立リヴァーレ,13,18,93,26,12,28.0,15.1,0,0,0,6,57,2,4,19,1,1,0,,1.4,0.3,10.1,100.0
田原香理,11,日立リヴァーレ,13,26,102,36,7,35.3,28.4,0,0,0,7,59,6,5,12,7,3,0,,1.4,0.3,13.1,42.9
田原香理,12,日立リヴァーレ,13,10,38,13,2,34.2,28.9,0,0,0,7,33,1,2,14,1,0,0,,1.3,0.7,12.1,0.0
田向友美,01,武富士バンブー,13,16,0,0,0,,,0,0,0,0,8,0,3,2,15,13,0,,0.0,0.0,-3.1,86.7
田向友美,02,武富士バンブー,13,3,0,0,0,,,0,0,0,0,3,0,0,0,0,0,0,,0.0,0.0,0.0,
田向友美,03,武富士バンブー,13,11,0,0,0,,,0,0,0,0,12,0,3,6,0,0,0,,0.0,0.0,6.2,
田向友美,11,武富士バンブー,13,0,0,0,0,,,0,0,0,0,0,0,0,0,0,0,0,,,,,
田向友美,12,武富士バンブー,13,8,0,0,0,,,0,0,0,0,8,0,0,4,0,0,0,,0.0,0.0,12.5,
眞恵子,01,デンソーエアリービーズ,1,3,9,4,0,44.4,44.4,0,0,0,2,4,0,0,2,9,4,0,,1.3,0.7,12.5,44.4
眞恵子,02,デンソーエアリービーズ,1,6,35,6,1,17.1,14.3,0,0,0,1,6,0,1,1,10,6,0,,1.0,0.2,0.0,60.0
眞恵子,03,デンソーエアリービーズ,1,12,26,7,4,26.9,11.5,0,0,0,2,11,0,1,6,12,10,0,,0.6,0.2,11.4,83.3
眞恵子,11,デンソーエアリービーズ,1,1,0,0,0,,,0,0,0,0,2,0,0,1,0,0,0,,0.0,0.0,12.5,
眞恵子,12,デンソーエアリービーズ,1,2,0,0,0,,,0,0,0,0,0,0,0,0,0,0,0,,0.0,0.0,,
矢野美子,01,デンソーエアリービーズ,2,20,52,27,3,51.9,46.2,0,0,0,8,67,2,5,19,3,2,0,,1.4,0.4,8.2,66.7
矢野美子,02,デンソーエアリービーズ,2,25,66,33,1,50.0,48.5,0,0,0,7,88,4,2,27,0,0,0,,1.3,0.3,11.6,
矢野美子,03,デンソーエアリービーズ,2,22,92,36,5,39.1,33.7,0,0,0,9,82,4,2,24,1,1,0,,1.6,0.4,11.6,100.0
矢野美子,11,デンソーエアリービーズ,2,24,86,41,3,47.7,44.2,1,0,0,22,97,4,6,19,1,0,0,0.0,1.7,0.9,7.5,0.0
矢野美子,12,デンソーエアリービーズ,2,12,38,14,0,36.8,36.8,0,0,0,13,41,0,5,8,0,0,0,,1.2,1.1,1.8,
石井美樹,01,久光製薬スプリングス,18,19,0,0,0,,,0,0,0,0,31,1,1,12,3,3,0,,0.0,0.0,12.1,100.0
石井美樹,02,久光製薬スプリングス,18,29,3,2,0,66.7,66.7,0,0,0,0,54,4,5,23,2,1,0,,0.1,0.0,15.7,50.0
石井美樹,03,久光製薬スプリングス,18,7,11,3,1,27.3,18.2,0,0,0,0,10,0,1,4,9,4,0,,0.4,0.0,7.5,44.4
石井美樹,11,久光製薬スプリングス,18,26,0,0,0,,,0,0,0,0,32,0,1,11,1,1,0,,0.0,0.0,7.8,100.0
石井美樹,12,久光製薬スプリングス,18,7,31,11,0,35.5,35.5,1,1,0,0,28,2,1,12,38,27,0,100.0,1.6,0.0,17.0,71.1
石川友紀,01,武富士バンブー,8,26,191,70,7,36.6,33.0,0,0,0,14,87,2,3,19,2,2,0,,2.7,0.5,6.9,100.0
石川友紀,02,武富士バンブー,8,16,110,50,1,45.5,44.5,0,0,0,10,53,1,4,15,5,4,0,,3.1,0.6,7.1,80.0
石川友紀,03,武富士バンブー,8,25,151,59,5,39.1,35.8,0,0,0,11,77,2,3,28,2,2,0,,2.4,0.4,10.7,100.0
石川友紀,11,武富士バンブー,8,22,107,48,3,44.9,42.1,0,0,0,15,76,2,3,19,4,1,0,,2.2,0.7,7.9,25.0
石川友紀,12,武富士バンブー,8,14,73,26,3,35.6,31.5,0,0,0,13,52,2,4,8,2,2,0,,1.9,0.9,5.8,100.0
石田小枝,02,日立リヴァーレ,6,0,0,0,0,,,0,0,0,0,0,0,0,0,0,0,0,,,,,
石田小枝,03,日立リヴァーレ,6,1,4,1,0,25.0,25.0,0,0,0,0,0,0,0,0,2,1,0,,1.0,0.0,,50.0
石田瑞穂,01,武富士バンブー,22,23,231,71,14,30.7,24.7,66,17,4,3,36,2,3,6,37,23,0,25.8,3.1,0.1,7.6,62.2
石田瑞穂,02,武富士バンブー,22,16,212,57,16,26.9,19.3,44,15,3,6,54,0,5,9,59,35,0,34.1,3.6,0.4,1.9,59.3
石田瑞穂,03,武富士バンブー,22,24,283,97,24,34.3,25.8,64,18,9,3,80,4,4,17,64,35,0,28.1,4.0,0.1,9.1,54.7
石田瑞穂,11,武富士バンブー,22,21,229,74,23,32.3,22.3,48,20,5,5,75,5,7,20,109,66,0,41.7,3.5,0.2,11.0,60.6
石田瑞穂,12,武富士バンブー,22,10,121,38,11,31.4,22.3,26,9,4,8,23,2,5,6,16,10,0,34.6,3.8,0.8,9.8,62.5
砂田遥,01,武富士バンブー,18,0,0,0,0,,,0,0,0,0,0,0,0,0,0,0,0,,,,,
砂田遥,02,武富士バンブー,18,0,0,0,0,,,0,0,0,0,0,0,0,0,0,0,0,,,,,
砂田遥,03,武富士バンブー,18,0,0,0,0,,,0,0,0,0,0,0,0,0,0,0,0,,,,,
砂田遥,11,武富士バンブー,18,0,0,0,0,,,0,0,0,0,0,0,0,0,0,0,0,,,,,
砂田遥,12,武富士バンブー,18,0,0,0,0,,,0,0,0,0,0,0,0,0,0,0,0,,,,,
神本千佳,02,JTマーヴェラス,16,0,0,0,0,,,0,0,0,0,0,0,0,0,0,0,0,,,,,
神本千佳,03,JTマーヴェラス,16,0,0,0,0,,,0,0,0,0,0,0,0,0,0,0,0,,,,,
神田千絵,01,岡山シーガルズ,7,9,17,3,2,17.6,5.9,0,0,0,1,5,0,0,5,3,3,0,,0.3,0.1,25.0,100.0
神田千絵,02,岡山シーガルズ,7,14,92,28,4,30.4,26.1,0,0,0,2,23,0,1,5,5,2,0,,2.0,0.1,4.3,40.0
神田千絵,03,岡山シーガルズ,7,11,78,24,3,30.8,26.9,2,0,0,4,13,0,2,5,4,0,0,0.0,2.2,0.4,5.8,0.0
神田千絵,11,岡山シーガルズ,7,6,17,3,1,17.6,11.8,0,0,0,0,2,0,0,1,3,2,0,,0.5,0.0,12.5,66.7
神田千絵,12,岡山シーガルズ,7,6,34,8,1,23.5,20.6,0,0,0,1,7,0,1,3,1,1,0,,1.3,0.2,7.1,100.0
福田舞,01,デンソーエアリービーズ,3,0,0,0,0,,,0,0,0,0,0,0,0,0,0,0,0,,,,,
福田舞,02,デンソーエアリービーズ,3,1,0,0,0,,,0,0,0,0,2,0,1,0,0,0,0,,0.0,0.0,-12.5,
福田舞,03,デンソーエアリービーズ,3,10,92,38,3,41.3,38.0,0,0,0,4,40,1,4,10,5,2,0,,3.8,0.4,6.2,40.0
福田舞,11,デンソーエアリービーズ,3,0,0,0,0,,,0,0,0,0,0,0,0,0,0,0,0,,,,,
福田舞,12,デンソーエアリービーズ,3,0,0,0,0,,,0,0,0,0,0,0,0,0,0,0,0,,,,,
秋山美幸,01,NECレッドロケッツ,10,25,9,5,0,55.6,55.6,0,0,0,1,104,6,8,34,1,0,0,,0.2,0.0,12.0,0.0
秋山美幸,02,NECレッドロケッツ,10,22,11,5,0,45.5,45.5,0,0,0,0,82,2,5,26,3,1,0,,0.2,0.0,8.8,33.3
秋山美幸,03,NECレッドロケッツ,10,15,2,0,0,0.0,0.0,0,0,0,4,47,2,4,20,0,0,0,,0.0,0.3,12.8,
秋山美幸,11,NECレッドロケッツ,10,31,13,8,0,61.5,61.5,0,0,0,4,84,5,5,21,1,0,0,,0.3,0.1,10.7,0.0
秋山美幸,12,NECレッドロケッツ,10,4,0,0,0,,,0,0,0,2,21,2,0,7,0,0,0,,0.0,0.5,17.9,
竹下佳江,01,JTマーヴェラス,7,22,6,3,0,50.0,50.0,0,0,0,2,64,2,2,14,0,0,0,,0.1,0.1,7.8,
竹下佳江,02,JTマーヴェラス,7,20,1,1,0,100.0,100.0,0,0,0,6,82,4,2,16,1,0,0,,0.0,0.3,9.1,0.0
竹下佳江,03,JTマーヴェラス,7,21,3,2,1,66.7,33.3,0,0,0,0,89,3,3,28,0,0,0,,0.1,0.0,10.4,
竹内沙耶歌,01,NECレッドロケッツ,19,4,2,1,0,50.0,50.0,0,0,0,0,4,0,0,1,0,0,0,,0.2,0.0,6.2,
竹内沙耶歌,02,NECレッドロケッツ,19,3,3,2,0,66.7,66.7,0,0,0,0,9,0,1,4,0,0,0,,0.7,0.0,8.3,
竹内沙耶歌,03,NECレッドロケッツ,19,7,21,8,2,38.1,28.6,0,0,0,0,15,1,2,4,1,1,0,,1.1,0.0,10.0,100.0
竹内沙耶歌,11,NECレッドロケッツ,19,6,3,2,0,66.7,66.7,1,1,0,3,8,0,1,2,0,0,0,100.0,0.3,0.5,3.1,
竹内沙耶歌,12,NECレッドロケッツ,19,0,0,0,0,,,0,0,0,0,0,0,0,0,0,0,0,,,,,
筒井視穂子,01,久光製薬スプリングス,12,0,0,0,0,,,0,0,0,0,0,0,0,0,0,0,0,,,,,
筒井視穂子,02,久光製薬スプリングス,12,0,0,0,0,,,0,0,0,0,0,0,0,0,0,0,0,,,,,
筒井視穂子,03,久光製薬スプリングス,12,0,0,0,0,,,0,0,0,0,0,0,0,0,0,0,0,,,,,
筒井視穂子,11,久光製薬スプリングス,12,0,0,0,0,,,0,0,0,0,0,0,0,0,0,0,0,,,,,
筒井視穂子,12,久光製薬スプリングス,12,0,0,0,0,,,0,0,0,0,0,0,0,0,0,0,0,,,,,
筒渕輝恵,01,NECレッドロケッツ,12,9,0,0,0,,,0,0,0,0,5,1,0,3,0,0,0,,0.0,0.0,35.0,
筒渕輝恵,02,NECレッドロケッツ,12,8,0,0,0,,,0,0,0,0,5,1,1,1,0,0,0,,0.0,0.0,20.0,
筒渕輝恵,03,NECレッドロケッツ,12,8,2,0,0,0.0,0.0,0,0,0,0,15,1,1,4,0,0,0,,0.0,0.0,11.7,
筒渕輝恵,11,NECレッドロケッツ,12,15,3,2,0,66.7,66.7,0,0,0,0,16,1,3,3,1,0,0,,0.1,0.0,6.2,0.0
筒渕輝恵,12,NECレッドロケッツ,12,0,0,0,0,,,0,0,0,0,0,0,0,0,0,0,0,,,,,
築地保奈美,01,東レアローズ,17,12,22,4,2,18.2,9.1,0,0,0,0,30,0,1,13,0,0,0,,0.3,0.0,10.0,
築地保奈美,02,東レアローズ,17,7,2,0,1,0.0,-50.0,0,0,0,0,4,0,0,2,0,0,0,,0.0,0.0,12.5,
築地保奈美,03,東レアローズ,17,8,4,1,1,25.0,0.0,0,0,0,0,4,0,0,2,0,0,0,,0.1,0.0,12.5,
築地保奈美,11,東レアローズ,17,16,50,15,4,30.0,22.0,0,0,0,8,47,1,4,20,2,1,0,,0.9,0.5,10.6,50.0
築地保奈美,12,東レアローズ,17,11,41,15,2,36.6,31.7,0,0,0,4,27,1,5,4,0,0,0,,1.4,0.4,2.8,
米村信子,01,岡山シーガルズ,3,17,141,41,4,29.1,26.2,0,0,0,3,43,0,0,12,53,38,0,,2.4,0.2,7.0,71.7
米村信子,11,岡山シーガルズ,3,15,129,38,7,29.5,24.0,0,0,0,4,49,0,0,8,69,58,0,,2.5,0.3,4.1,84.1
米村信子,12,岡山シーガルズ,3,11,99,31,4,31.3,27.3,0,0,0,6,35,0,0,8,56,42,0,,2.8,0.5,5.7,75.0
細川麻美,01,パイオニアレッドウィングス,15,16,38,15,4,39.5,28.9,0,0,0,3,25,0,4,6,59,36,0,,0.9,0.2,2.0,61.0
細川麻美,02,パイオニアレッドウィングス,15,18,88,40,4,45.5,40.9,0,0,0,4,67,3,3,22,65,46,0,,2.2,0.2,11.6,70.8
細川麻美,03,パイオニアレッドウィングス,15,21,128,55,10,43.0,35.2,0,0,0,3,84,5,6,37,122,62,0,,2.6,0.1,15.2,50.8
細川麻美,11,パイオニアレッドウィングス,15,27,121,48,7,39.7,33.9,0,0,0,3,92,8,9,35,92,58,0,,1.8,0.1,15.8,63.0
細川麻美,12,パイオニアレッドウィングス,15,11,49,17,3,34.7,28.6,0,0,0,1,27,1,4,9,43,22,0,,1.5,0.1,8.3,51.2
細田絵理,01,デンソーエアリービーズ,4,20,180,61,7,33.9,30.0,0,0,0,4,106,6,4,40,120,80,0,,3.0,0.2,14.2,66.7
細田絵理,02,デンソーエアリービーズ,4,25,199,63,10,31.7,26.6,0,0,0,9,95,5,8,24,158,99,0,,2.5,0.4,9.5,62.7
細田絵理,03,デンソーエアリービーズ,4,21,204,50,7,24.5,21.1,1,0,0,10,78,4,9,24,146,85,0,0.0,2.4,0.5,9.9,58.2
細田絵理,11,デンソーエアリービーズ,4,24,207,66,9,31.9,27.5,0,0,0,8,102,4,8,26,133,89,0,,2.8,0.3,8.3,66.9
細田絵理,12,デンソーエアリービーズ,4,12,125,34,7,27.2,21.6,1,1,0,8,54,3,5,15,65,49,0,100.0,2.8,0.7,10.2,75.4
羽根翠,01,トヨタ車体クインシーズ,5,22,123,52,6,42.3,37.4,0,0,0,21,62,2,2,16,11,8,0,,2.4,1.0,8.9,72.7
羽根翠,02,トヨタ車体クインシーズ,5,25,151,64,6,42.4,38.4,1,0,0,14,96,3,6,40,6,6,0,0.0,2.6,0.6,12.0,100.0
羽根翠,03,トヨタ車体クインシーズ,5,22,160,61,7,38.1,33.8,0,0,0,20,66,4,3,20,7,5,0,,2.8,0.9,12.5,71.4
羽根翠,11,トヨタ車体クインシーズ,5,17,85,28,7,32.9,24.7,0,0,0,2,43,2,0,11,2,2,0,,1.6,0.1,11.0,100.0
羽根翠,12,トヨタ車体クインシーズ,5,12,44,13,2,29.5,25.0,0,0,0,5,42,2,2,15,9,7,0,,1.1,0.4,12.5,77.8
船崎恵視,01,トヨタ車体クインシーズ,4,22,5,1,0,20.0,20.0,0,0,0,2,67,0,3,27,0,0,0,,0.0,0.1,9.0,
船崎恵視,02,トヨタ車体クインシーズ,4,25,6,3,0,50.0,50.0,0,0,0,4,76,3,3,15,0,0,0,,0.1,0.2,7.9,
船崎恵視,03,トヨタ車体クインシーズ,4,22,8,2,0,25.0,25.0,0,0,0,4,58,3,2,17,2,0,0,,0.1,0.2,11.6,0.0
船崎恵視,11,トヨタ車体クインシーズ,4,25,12,5,1,41.7,33.3,1,1,0,3,104,5,8,45,1,0,0,100.0,0.2,0.1,13.7,0.0
船崎恵視,12,トヨタ車体クインシーズ,4,12,3,2,0,66.7,66.7,0,0,0,3,38,0,4,9,1,0,0,,0.2,0.2,3.3,0.0
芝田安希,01,東レアローズ,1,26,187,75,9,40.1,35.3,6,2,0,11,100,5,4,26,109,70,0,33.3,2.9,0.4,10.5,64.2
芝田安希,02,東レアローズ,1,21,120,46,4,38.3,35.0,4,0,1,14,69,5,4,28,129,81,0,0.0,2.2,0.7,15.9,62.8
芝田安希,03,東レアローズ,1,22,161,70,8,43.5,38.5,4,1,0,9,59,1,5,20,99,71,0,25.0,3.2,0.4,8.1,71.7
芝田安希,11,東レアローズ,1,24,127,45,5,35.4,31.5,3,1,0,6,74,3,2,25,123,77,0,33.3,1.9,0.2,11.8,62.6
芝田安希,12,東レアローズ,1,11,65,22,0,33.8,33.8,2,1,0,2,45,3,1,15,86,66,0,50.0,2.0,0.2,14.4,76.7
芦野李沙,01,パイオニアレッドウィングス,19,0,0,0,0,,,0,0,0,0,0,0,0,0,0,0,0,,,,,
芦野李沙,02,パイオニアレッドウィングス,19,0,0,0,0,,,0,0,0,0,0,0,0,0,0,0,0,,,,,
芦野李沙,03,パイオニアレッドウィングス,19,0,0,0,0,,,0,0,0,0,0,0,0,0,0,0,0,,,,,
芦野李沙,11,パイオニアレッドウィングス,19,0,0,0,0,,,0,0,0,0,0,0,0,0,0,0,0,,,,,
芦野李沙,12,パイオニアレッドウィングス,19,0,0,0,0,,,0,0,0,0,0,0,0,0,0,0,0,,,,,
若浦貴子,01,岡山シーガルズ,33,26,321,88,17,27.4,22.1,0,0,0,9,75,0,1,9,45,31,0,,3.4,0.3,2.7,68.9
若浦貴子,02,岡山シーガルズ,33,24,226,61,17,27.0,19.5,0,0,0,6,61,1,1,7,28,17,0,,2.5,0.2,4.1,60.7
若浦貴子,03,岡山シーガルズ,33,17,204,46,14,22.5,15.7,0,0,0,9,36,1,1,3,12,6,0,,2.7,0.5,4.2,50.0
若浦貴子,11,岡山シーガルズ,33,19,239,60,16,25.1,18.4,0,0,0,7,50,0,4,2,18,14,0,,3.2,0.4,-1.0,77.8
若浦貴子,12,岡山シーガルズ,33,15,191,64,6,33.5,30.4,0,0,0,5,48,0,0,6,15,10,0,,4.3,0.3,3.1,66.7
藤井舞,01,デンソーエアリービーズ,17,0,0,0,0,,,0,0,0,0,0,0,0,0,0,0,0,,,,,
藤井舞,11,デンソーエアリービーズ,17,0,0,0,0,,,0,0,0,0,0,0,0,0,0,0,0,,,,,
藤井舞,12,デンソーエアリービーズ,17,0,0,0,0,,,0,0,0,0,0,0,0,0,0,0,0,,,,,
藤原亜紀,02,トヨタ車体クインシーズ,14,0,0,0,0,,,0,0,0,0,0,0,0,0,0,0,0,,,,,
藤原亜紀,03,トヨタ車体クインシーズ,14,3,11,2,3,18.2,-9.1,0,0,0,0,2,0,1,1,2,2,0,,0.7,0.0,0.0,100.0
藤崎朱里,01,日立リヴァーレ,9,7,7,1,1,14.3,0.0,2,1,0,1,11,0,0,4,5,3,0,50.0,0.1,0.1,9.1,60.0
藤崎朱里,02,日立リヴァーレ,9,17,67,26,5,38.8,31.3,5,1,2,2,39,2,2,10,53,36,0,20.0,1.5,0.1,10.3,67.9
藤崎朱里,03,日立リヴァーレ,9,11,76,34,4,44.7,39.5,1,1,0,2,31,2,0,18,31,16,0,100.0,3.1,0.2,21.0,51.6
藤崎朱里,11,日立リヴァーレ,9,11,1,0,0,0.0,0.0,0,0,0,0,14,1,1,4,15,7,0,,0.0,0.0,12.5,46.7
藤崎朱里,12,日立リヴァーレ,9,4,0,0,0,,,0,0,0,0,7,0,1,4,0,0,0,,0.0,0.0,10.7,
西山慶樹,01,JTマーヴェラス,12,0,0,0,0,,,0,0,0,0,0,0,0,0,0,0,0,,,,,
西山慶樹,02,JTマーヴェラス,12,0,0,0,0,,,0,0,0,0,0,0,0,0,0,0,0,,,,,
西山慶樹,03,JTマーヴェラス,12,0,0,0,0,,,0,0,0,0,0,0,0,0,0,0,0,,,,,
西山慶樹,11,JTマーヴェラス,12,0,0,0,0,,,0,0,0,0,0,0,0,0,0,0,0,,,,,
西山由樹,01,JTマーヴェラス,6,2,2,0,0,0.0,0.0,0,0,0,0,3,0,1,1,0,0,0,,0.0,0.0,0.0,
西山由樹,02,JTマーヴェラス,6,13,52,15,11,28.8,7.7,0,0,0,7,36,3,10,5,0,0,0,,1.2,0.5,4.9,
西山由樹,03,JTマーヴェラス,6,21,100,36,11,36.0,25.0,0,0,0,8,59,4,12,12,7,4,0,,1.7,0.4,6.8,57.1
西山由樹,11,JTマーヴェラス,6,10,8,3,0,37.5,37.5,0,0,0,3,23,1,5,6,0,0,0,,0.3,0.3,5.4,
西山由樹,12,JTマーヴェラス,6,5,11,5,2,45.5,27.3,0,0,0,1,9,2,3,0,0,0,0,,1.0,0.2,13.9,
西脇万里子,01,東レアローズ,2,26,123,59,9,48.0,40.7,0,0,0,7,79,4,6,26,4,2,0,,2.3,0.3,11.4,50.0
西脇万里子,02,東レアローズ,2,21,111,49,6,44.1,38.7,1,0,0,5,57,2,5,22,1,1,0,0.0,2.3,0.2,11.0,100.0
西脇万里子,03,東レアローズ,2,23,72,29,4,40.3,34.7,0,0,0,9,73,3,5,23,0,0,0,,1.3,0.4,10.3,
西脇万里子,11,東レアローズ,2,22,90,44,5,48.9,43.3,0,0,0,3,51,2,2,23,4,1,0,,2.0,0.1,14.2,25.0
西脇万里子,12,東レアローズ,2,11,42,20,2,47.6,42.9,0,0,0,3,21,0,1,4,0,0,0,,1.8,0.3,3.6,
谷口雅美,01,JTマーヴェラス,2,22,291,103,21,35.4,28.2,74,28,7,9,81,4,5,34,12,9,0,37.8,4.7,0.4,13.9,75.0
谷口雅美,02,JTマーヴェラス,2,20,219,101,15,46.1,39.3,52,18,7,7,64,2,2,17,3,1,0,34.6,5.0,0.4,9.0,33.3
谷口雅美,03,JTマーヴェラス,2,17,170,63,10,37.1,31.2,32,9,4,7,50,1,3,15,8,4,0,28.1,3.7,0.4,8.0,50.0
谷口雅美,11,JTマーヴェラス,2,25,245,86,12,35.1,30.2,9,2,2,12,56,0,4,24,114,67,0,22.2,3.4,0.5,8.9,58.8
谷口雅美,12,JTマーヴェラス,2,13,147,65,5,44.2,40.8,33,9,1,4,34,1,4,10,51,30,0,27.3,5.0,0.3,7.4,58.8
足立留美,01,武富士バンブー,5,26,183,56,15,30.6,22.4,7,2,1,3,89,6,4,42,77,42,0,28.6,2.2,0.1,17.4,54.5
足立留美,02,武富士バンブー,5,15,4,0,0,0.0,0.0,0,0,0,1,27,2,4,9,0,0,0,,0.0,0.1,12.0,
足立留美,03,武富士バンブー,5,25,61,22,3,36.1,31.1,1,1,0,2,46,0,6,22,12,7,0,100.0,0.9,0.1,8.7,58.3
足立留美,11,武富士バンブー,5,22,37,10,2,27.0,21.6,0,0,0,1,42,0,3,23,12,7,0,,0.5,0.0,11.9,58.3
足立留美,12,武富士バンブー,5,14,107,34,6,31.8,26.2,2,0,1,2,47,2,1,18,69,46,0,0.0,2.4,0.1,13.3,66.7
迫田さおり,01,東レアローズ,14,7,15,2,0,13.3,13.3,7,2,0,1,8,0,0,3,0,0,0,28.6,0.3,0.1,9.4,
迫田さおり,02,東レアローズ,14,3,3,0,1,0.0,-33.3,3,0,1,0,6,0,0,2,0,0,0,0.0,0.0,0.0,8.3,
迫田さおり,03,東レアローズ,14,3,3,1,0,33.3,33.3,0,0,0,0,2,0,0,2,0,0,0,,0.3,0.0,25.0,
迫田さおり,11,東レアローズ,14,9,16,5,3,31.2,12.5,5,1,2,2,8,0,2,1,1,1,0,20.0,0.6,0.2,-3.1,100.0
迫田さおり,12,東レアローズ,14,3,0,0,0,,,0,0,0,0,3,1,0,0,0,0,0,,0.0,0.0,33.3,
遠井萌仁,01,日立リヴァーレ,12,7,21,2,4,9.5,-9.5,3,0,0,0,7,1,1,1,12,9,0,0.0,0.3,0.0,14.3,75.0
遠井萌仁,02,日立リヴァーレ,12,8,9,1,0,11.1,11.1,1,0,0,0,2,0,0,0,8,4,0,0.0,0.1,0.0,0.0,50.0
遠井萌仁,03,日立リヴァーレ,12,12,42,12,6,28.6,14.3,3,0,1,0,15,0,2,4,36,23,0,0.0,1.0,0.0,3.3,63.9
遠井萌仁,11,日立リヴァーレ,12,5,4,0,0,0.0,0.0,0,0,0,0,1,0,0,0,2,2,0,,0.0,0.0,0.0,100.0
遠井萌仁,12,日立リヴァーレ,12,1,0,0,0,,,0,0,0,0,0,0,0,0,0,0,0,,0.0,0.0,,
遠藤りつこ,01,JTマーヴェラス,14,1,0,0,0,,,0,0,0,0,1,0,0,1,0,0,0,,0.0,0.0,25.0,
遠藤りつこ,02,JTマーヴェラス,14,0,0,0,0,,,0,0,0,0,0,0,0,0,0,0,0,,,,,
遠藤りつこ,11,JTマーヴェラス,14,10,0,0,0,,,0,0,0,0,15,0,1,4,0,0,0,,0.0,0.0,5.0,
遠藤りつこ,12,JTマーヴェラス,14,0,0,0,0,,,0,0,0,0,0,0,0,0,0,0,0,,,,,
都築有美子,01,トヨタ車体クインシーズ,1,22,229,85,8,37.1,33.6,1,0,0,6,88,3,9,31,144,111,0,0.0,3.9,0.3,9.7,77.1
都築有美子,02,トヨタ車体クインシーズ,1,25,200,68,14,34.0,27.0,0,0,0,17,111,5,4,44,155,108,0,,2.7,0.7,13.5,69.7
都築有美子,03,トヨタ車体クインシーズ,1,22,232,76,16,32.8,25.9,1,0,0,3,98,3,7,40,149,111,0,0.0,3.5,0.1,11.5,74.5
都築有美子,11,トヨタ車体クインシーズ,1,25,214,86,13,40.2,34.1,1,1,0,6,73,2,9,20,98,81,0,100.0,3.4,0.2,6.5,82.7
都築有美子,12,トヨタ車体クインシーズ,1,12,84,31,6,36.9,29.8,0,0,0,4,47,3,0,17,86,63,0,,2.6,0.3,15.4,73.3
野村まり,01,岡山シーガルズ,4,7,8,5,0,62.5,62.5,0,0,0,4,15,0,0,3,0,0,0,,0.7,0.6,5.0,
野村まり,02,岡山シーガルズ,4,5,2,1,0,50.0,50.0,0,0,0,0,0,0,0,0,0,0,0,,0.2,0.0,,
野村まり,03,岡山シーガルズ,4,2,2,0,0,0.0,0.0,0,0,0,0,1,0,0,0,0,0,0,,0.0,0.0,0.0,
野村まり,11,岡山シーガルズ,4,4,4,1,1,25.0,0.0,0,0,0,1,1,0,0,0,0,0,0,,0.2,0.2,0.0,
野村まり,12,岡山シーガルズ,4,4,4,4,0,100.0,100.0,0,0,0,1,0,0,0,0,0,0,0,,1.0,0.2,,
金子美里,01,武富士バンブー,2,0,0,0,0,,,0,0,0,0,0,0,0,0,0,0,0,,,,,
金子美里,02,武富士バンブー,2,2,1,0,0,0.0,0.0,0,0,0,0,0,0,0,0,0,0,0,,0.0,0.0,,
金子美里,03,武富士バンブー,2,0,0,0,0,,,0,0,0,0,0,0,0,0,0,0,0,,,,,
金子美里,11,武富士バンブー,2,0,0,0,0,,,0,0,0,0,0,0,0,0,0,0,0,,,,,
金子美里,12,武富士バンブー,2,3,3,0,0,0.0,0.0,0,0,0,0,0,0,0,0,0,0,0,,0.0,0.0,,
金子雅代,01,トヨタ車体クインシーズ,13,0,0,0,0,,,0,0,0,0,0,0,0,0,0,0,0,,,,,
金子雅代,02,トヨタ車体クインシーズ,13,0,0,0,0,,,0,0,0,0,0,0,0,0,0,0,0,,,,,
金子雅代,11,トヨタ車体クインシーズ,13,4,0,0,0,,,0,0,0,0,0,0,0,0,0,0,0,,0.0,0.0,,
金子雅代,12,トヨタ車体クインシーズ,13,3,1,0,0,0.0,0.0,0,0,0,0,0,0,0,0,0,0,0,,0.0,0.0,,
金森純子,01,岡山シーガルズ,18,13,0,0,0,,,0,0,0,0,10,0,0,2,19,11,0,,0.0,0.0,5.0,57.9
金森純子,02,岡山シーガルズ,18,23,0,0,0,,,0,0,0,0,2,0,0,0,63,42,0,,0.0,0.0,0.0,66.7
金森純子,03,岡山シーガルズ,18,10,0,0,0,,,0,0,0,0,5,0,0,1,16,10,0,,0.0,0.0,5.0,62.5
金森純子,11,岡山シーガルズ,18,6,0,0,0,,,0,0,0,0,4,0,0,1,6,4,0,,0.0,0.0,6.2,66.7
金森純子,12,岡山シーガルズ,18,8,0,0,0,,,0,0,0,0,9,0,0,3,6,3,0,,0.0,0.0,8.3,50.0
鈴木裕子,01,デンソーエアリービーズ,20,11,2,0,0,0.0,0.0,0,0,0,3,31,0,1,8,0,0,0,,0.0,0.3,5.6,
鈴木裕子,02,デンソーエアリービーズ,20,15,9,1,0,11.1,11.1,0,0,0,6,50,1,2,11,0,0,0,,0.1,0.4,6.5,
鈴木裕子,03,デンソーエアリービーズ,20,2,0,0,0,,,0,0,0,0,2,0,1,0,0,0,0,,0.0,0.0,-12.5,
鈴木裕子,11,デンソーエアリービーズ,20,0,0,0,0,,,0,0,0,0,0,0,0,0,0,0,0,,,,,
鈴木裕子,12,デンソーエアリービーズ,20,0,0,0,0,,,0,0,0,0,0,0,0,0,0,0,0,,,,,
関李香,01,デンソーエアリービーズ,11,1,6,4,0,66.7,66.7,0,0,0,0,2,0,0,0,0,0,0,,4.0,0.0,0.0,
関李香,02,デンソーエアリービーズ,11,1,0,0,0,,,0,0,0,0,0,0,0,0,0,0,0,,0.0,0.0,,
関李香,03,デンソーエアリービーズ,11,1,3,0,0,0.0,0.0,0,0,0,0,1,0,0,0,0,0,0,,0.0,0.0,0.0,
関李香,11,デンソーエアリービーズ,11,3,0,0,0,,,0,0,0,0,0,0,0,0,0,0,0,,0.0,0.0,,
香野晶子,01,パイオニアレッドウィングス,23,1,0,0,0,,,0,0,0,0,0,0,0,0,0,0,0,,0.0,0.0,,
香野晶子,02,パイオニアレッドウィングス,23,2,0,0,0,,,0,0,0,0,0,0,0,0,0,0,0,,0.0,0.0,,
香野晶子,11,パイオニアレッドウィングス,23,0,0,0,0,,,0,0,0,0,0,0,0,0,0,0,0,,,,,
高島成美,01,日立リヴァーレ,16,18,137,42,1,30.7,29.9,1,0,0,5,67,4,8,20,153,75,0,0.0,2.3,0.3,10.4,49.0
高島成美,02,日立リヴァーレ,16,25,166,51,11,30.7,24.1,0,0,0,7,72,3,9,25,154,89,0,,2.0,0.3,9.7,57.8
高島成美,03,日立リヴァーレ,16,13,103,24,9,23.3,14.6,1,0,0,0,28,1,4,15,68,41,0,0.0,1.8,0.0,13.4,60.3
高島成美,11,日立リヴァーレ,16,14,58,16,3,27.6,22.4,0,0,0,2,28,3,2,13,66,35,0,,1.1,0.1,20.5,53.0
高島成美,12,日立リヴァーレ,16,7,32,9,1,28.1,25.0,0,0,0,2,13,0,1,2,24,13,0,,1.3,0.3,1.9,54.2
高木理江,01,JTマーヴェラス,8,17,3,3,0,100.0,100.0,0,0,0,0,31,1,4,8,21,10,0,,0.2,0.0,6.5,47.6
高木理江,02,JTマーヴェラス,8,17,2,0,0,0.0,0.0,0,0,0,0,20,1,4,6,6,3,0,,0.0,0.0,7.5,50.0
高木理江,03,JTマーヴェラス,8,15,8,3,0,37.5,37.5,0,0,0,2,17,1,1,6,24,12,0,,0.2,0.1,13.2,50.0
高木理江,11,JTマーヴェラス,8,21,7,2,0,28.6,28.6,0,0,0,0,30,3,1,11,22,14,0,,0.1,0.0,18.3,63.6
高木理江,12,JTマーヴェラス,8,10,21,4,2,19.0,9.5,0,0,0,2,19,0,1,7,56,37,0,,0.4,0.2,7.9,66.1
高松未,01,岡山シーガルズ,13,18,48,17,2,35.4,31.2,0,0,0,5,59,2,0,18,87,49,0,,0.9,0.3,11.0,56.3
高松未,02,岡山シーガルズ,13,26,107,36,6,33.6,28.0,0,0,0,7,76,0,3,12,130,86,0,,1.4,0.3,3.0,66.2
高松未,03,岡山シーガルズ,13,16,46,9,0,19.6,19.6,0,0,0,4,45,0,1,6,77,43,0,,0.6,0.2,2.8,55.8
高松未,11,岡山シーガルズ,13,18,54,15,4,27.8,20.4,0,0,0,6,68,1,0,10,73,54,0,,0.8,0.3,5.1,74.0
高松未,12,岡山シーガルズ,13,14,34,7,1,20.6,17.6,1,0,0,3,31,0,0,10,34,17,0,0.0,0.5,0.2,8.1,50.0
高橋みゆき,01,NECレッドロケッツ,1,25,139,47,8,33.8,28.1,0,0,0,4,84,1,6,24,122,86,0,,1.9,0.2,6.5,70.5
高橋みゆき,02,NECレッドロケッツ,1,22,154,72,3,46.8,44.8,0,0,0,6,73,1,10,19,135,103,0,,3.3,0.3,4.5,76.3
高橋みゆき,03,NECレッドロケッツ,1,15,110,38,6,34.5,29.1,2,0,1,1,59,0,7,21,95,64,0,0.0,2.5,0.1,5.9,67.4
高橋みゆき,11,NECレッドロケッツ,1,30,175,63,11,36.0,29.7,1,0,0,7,94,3,15,22,153,102,0,0.0,2.1,0.2,5.1,66.7
高橋みゆき,12,NECレッドロケッツ,1,4,19,7,3,36.8,21.1,0,0,0,0,9,1,2,1,22,15,0,,1.8,0.0,8.3,68.2
高橋潤子,01,デンソーエアリービーズ,12,1,0,0,0,,,0,0,0,0,0,0,0,0,0,0,0,,0.0,0.0,,
高橋潤子,11,デンソーエアリービーズ,12,0,0,0,0,,,0,0,0,0,0,0,0,0,0,0,0,,,,,
高橋美帆,01,パイオニアレッドウィングス,18,1,0,0,0,,,0,0,0,0,1,0,0,0,0,0,0,,0.0,0.0,0.0,
高橋美帆,02,パイオニアレッドウィングス,18,1,0,0,0,,,0,0,0,0,0,0,0,0,0,0,0,,0.0,0.0,,
高橋美帆,03,パイオニアレッドウィングス,18,1,2,0,0,0.0,0.0,0,0,0,0,0,0,0,0,0,0,0,,0.0,0.0,,
高橋美帆,11,パイオニアレッドウィングス,18,1,0,0,0,,,0,0,0,0,1,0,0,1,0,0,0,,0.0,0.0,25.0,
高橋美帆,12,パイオニアレッドウィングス,18,1,0,0,0,,,0,0,0,0,3,0,0,2,0,0,0,,0.0,0.0,16.7,
高田ありさ,01,東レアローズ,12,16,10,3,0,30.0,30.0,0,0,0,0,20,0,1,4,12,10,0,,0.2,0.0,3.8,83.3
高田ありさ,02,東レアローズ,12,17,13,3,1,23.1,15.4,0,0,0,0,29,0,1,7,45,28,0,,0.2,0.0,5.2,62.2
高田ありさ,03,東レアローズ,12,21,6,1,1,16.7,0.0,0,0,0,0,35,2,0,8,41,29,0,,0.0,0.0,11.4,70.7
高田ありさ,11,東レアローズ,12,17,23,11,2,47.8,39.1,1,1,0,2,36,1,1,14,32,19,0,100.0,0.6,0.1,11.8,59.4
高田ありさ,12,東レアローズ,12,8,2,1,0,50.0,50.0,1,0,0,0,16,0,0,6,2,0,0,0.0,0.1,0.0,9.4,0.0
鶴田桂子,01,武富士バンブー,4,26,16,6,0,37.5,37.5,0,0,0,1,107,1,2,29,2,0,0,,0.2,0.0,7.2,0.0
鶴田桂子,02,武富士バンブー,4,16,8,6,0,75.0,75.0,0,0,0,2,56,1,1,17,0,0,0,,0.4,0.1,8.9,
鶴田桂子,03,武富士バンブー,4,25,8,2,0,25.0,25.0,0,0,0,2,92,1,1,19,3,1,0,,0.1,0.1,6.0,33.3
鶴田桂子,11,武富士バンブー,4,22,6,4,0,66.7,66.7,0,0,0,2,100,1,4,28,3,0,0,,0.2,0.1,7.0,0.0
鶴田桂子,12,武富士バンブー,4,14,5,2,0,40.0,40.0,0,0,0,0,47,2,0,10,0,0,0,,0.1,0.0,9.6,
黒羽桂子,01,日立リヴァーレ,1,13,4,3,0,75.0,75.0,1,1,0,0,30,0,1,6,0,0,0,100.0,0.2,0.0,4.2,
黒羽桂子,02,日立リヴァーレ,1,8,0,0,0,,,0,0,0,0,10,0,0,2,0,0,0,,0.0,0.0,5.0,
黒羽桂子,03,日立リヴァーレ,1,10,0,0,0,,,0,0,0,0,11,0,0,5,0,0,0,,0.0,0.0,11.4,
黒羽桂子,11,日立リヴァーレ,1,23,2,0,1,0.0,-50.0,0,0,0,1,64,2,2,13,1,1,0,,0.0,0.0,7.4,100.0
黒羽桂子,12,日立リヴァーレ,1,8,5,1,1,20.0,0.0,2,0,1,1,30,1,1,7,0,0,0,0.0,0.1,0.1,8.3,
