試合日,月,チーム,背番号,リベロ,名前,出場数,1,2,3,4,5,アタック打数,アタック得点,アタック失点,アタック決定率,アタック効果率,アタックセット平均,バックアタック打数,バックアタック得点,バックアタック失点,バックアタック決定率,ブロック得点,ブロックセット平均,サーブ打数,サーブ得点,サーブ失点,サーブ効果,サーブ効果率,受数,サーブレシーブ成功・優,サーブレシーブ成功・良,サーブレシーブ成功率
2019-03-02,03,久光製薬スプリングス,2,,古藤千鶴,3,■,■,■,nan,nan,1,0,0,0.0,0.0,-,0,0,0,-,1,0.33,18,0,0,6,8.3,0,0,0,-
2019-03-02,03,久光製薬スプリングス,3,,新鍋理沙,3,■,■,■,nan,nan,23,12,2,0.5217391304347826,0.43478260869565216,4.00,0,0,0,-,1,0.33,14,1,2,2,7.1,9,4,3,61.1
2019-03-02,03,久光製薬スプリングス,4,,岩坂名奈,3,■,■,■,nan,nan,10,5,0,0.5,0.5,1.67,0,0,0,-,0,-,6,0,1,2,4.2,0,0,0,-
2019-03-02,03,久光製薬スプリングス,6,,石井優希,3,■,■,■,nan,nan,40,16,1,0.4,0.375,5.33,4,1,0,25.0,0,-,17,1,0,8,17.6,18,7,2,44.4
2019-03-02,03,久光製薬スプリングス,8,,野本梨佳,3,■,■,■,nan,nan,43,17,1,0.3953488372093023,0.37209302325581395,5.67,1,1,0,100.0,2,0.67,8,0,1,1,0.0,7,2,3,50.0
2019-03-02,03,久光製薬スプリングス,10,L,座安琴希,0,nan,nan,nan,nan,nan,0,0,0,,,-,0,0,0,-,0,-,0,0,0,0,-,0,0,0,-
2019-03-02,03,久光製薬スプリングス,11,,栄絵里香,0,nan,nan,nan,nan,nan,0,0,0,,,-,0,0,0,-,0,-,0,0,0,0,-,0,0,0,-
2019-03-02,03,久光製薬スプリングス,12,,今村優香,0,nan,nan,nan,nan,nan,0,0,0,,,-,0,0,0,-,0,-,0,0,0,0,-,0,0,0,-
2019-03-02,03,久光製薬スプリングス,14,,森谷史佳,0,nan,nan,nan,nan,nan,0,0,0,,,-,0,0,0,-,0,-,0,0,0,0,-,0,0,0,-
2019-03-02,03,久光製薬スプリングス,16,,アキンラデウォフォルケ,3,■,■,■,nan,nan,9,5,0,0.5555555555555556,0.5555555555555556,1.67,0,0,0,-,2,0.67,8,0,0,1,3.1,0,0,0,-
2019-03-02,03,久光製薬スプリングス,18,L,戸江真奈,3,●,●,●,nan,nan,0,0,0,,,-,0,0,0,-,0,-,0,0,0,0,-,22,7,7,47.7
2019-03-02,03,久光製薬スプリングス,20,,筒井さやか,2,nan,□,□,nan,nan,0,0,0,,,-,0,0,0,-,0,-,0,0,0,0,-,2,0,0,0.0
2019-03-02,03,久光製薬スプリングス,22,,井上愛里沙,0,nan,nan,nan,nan,nan,0,0,0,,,-,0,0,0,-,0,-,0,0,0,0,-,0,0,0,-
2019-03-02,03,久光製薬スプリングス,25,,加藤光,3,□,□,□,nan,nan,0,0,0,,,-,0,0,0,-,0,-,3,0,1,1,0.0,0,0,0,-
2019-03-02,03,デンソーエアリービーズ,1,,中元南,3,■,■,■,nan,nan,25,5,0,0.2,0.2,1.67,5,1,0,20.0,0,-,11,1,2,3,11.4,1,0,0,0.0
2019-03-02,03,デンソーエアリービーズ,2,,積山春花,0,nan,nan,nan,nan,nan,0,0,0,,,-,0,0,0,-,0,-,0,0,0,0,-,0,0,0,-
2019-03-02,03,デンソーエアリービーズ,3,,朝日優衣,3,■,■,□,nan,nan,26,7,0,0.2692307692307692,0.2692307692307692,2.33,0,0,0,-,0,-,6,0,0,2,8.3,3,2,0,66.7
2019-03-02,03,デンソーエアリービーズ,7,,早坂梢依,2,nan,□,□,nan,nan,0,0,0,,,-,0,0,0,-,0,-,1,0,0,0,0.0,0,0,0,-
2019-03-02,03,デンソーエアリービーズ,8,,田原愛里,3,■,■,■,nan,nan,1,0,0,0.0,0.0,-,0,0,0,-,0,-,5,0,0,2,10.0,0,0,0,-
2019-03-02,03,デンソーエアリービーズ,9,L,小口樹葉,3,●,●,●,nan,nan,0,0,0,,,-,0,0,0,-,0,-,0,0,0,0,-,51,23,12,56.9
2019-03-02,03,デンソーエアリービーズ,10,L,中川千世,3,〇,〇,〇,nan,nan,0,0,0,,,-,0,0,0,-,0,-,0,0,0,0,-,0,0,0,-
2019-03-02,03,デンソーエアリービーズ,15,,鍋谷友理枝,3,■,■,■,nan,nan,29,13,1,0.4482758620689655,0.41379310344827586,4.33,3,1,1,33.3,0,-,7,0,1,2,3.6,5,2,1,50.0
2019-03-02,03,デンソーエアリービーズ,17,,野村明日香,3,■,■,■,nan,nan,9,1,1,0.1111111111111111,0.0,0.33,0,0,0,-,2,0.67,16,5,0,9,45.3,0,0,0,-
2019-03-02,03,デンソーエアリービーズ,18,,シニアードジャック,3,■,■,■,nan,nan,22,12,1,0.5454545454545454,0.5,4.00,0,0,0,-,0,-,13,2,0,5,25.0,1,0,1,50.0
2019-03-02,03,デンソーエアリービーズ,21,,工藤嶺,0,nan,nan,nan,nan,nan,0,0,0,,,-,0,0,0,-,0,-,0,0,0,0,-,0,0,0,-
2019-03-02,03,デンソーエアリービーズ,22,,石田瑞穂,1,nan,□,nan,nan,nan,0,0,0,,,-,0,0,0,-,0,-,2,0,1,0,-12.5,0,0,0,-
2019-03-02,03,デンソーエアリービーズ,23,,佐野伶奈,1,nan,nan,□,nan,nan,3,1,0,0.3333333333333333,0.3333333333333333,1.00,0,0,0,-,0,-,0,0,0,0,-,0,0,0,-
2019-03-02,03,デンソーエアリービーズ,24,,兵頭由希,2,nan,□,■,nan,nan,16,3,1,0.1875,0.125,1.50,0,0,0,-,0,-,2,0,0,0,0.0,7,3,3,64.3
2019-03-02,03,トヨタ車体クインシーズ,2,L,佐藤澪,4,〇,〇,〇,〇,nan,0,0,0,,,-,0,0,0,-,0,-,0,0,0,0,-,0,0,0,-
2019-03-02,03,トヨタ車体クインシーズ,4,,比金桃子,1,■,nan,nan,nan,nan,1,0,0,0.0,0.0,-,0,0,0,-,0,-,4,1,0,1,31.2,1,0,0,0.0
2019-03-02,03,トヨタ車体クインシーズ,5,,内瀬戸真実,4,■,■,■,■,nan,39,9,3,0.23076923076923078,0.15384615384615385,2.25,1,0,1,0.0,0,-,19,1,0,2,7.9,12,7,3,70.8
2019-03-02,03,トヨタ車体クインシーズ,6,,村永奈央,4,■,■,■,■,nan,26,6,3,0.23076923076923078,0.11538461538461539,1.50,0,0,0,-,0,-,15,1,0,3,11.7,40,17,12,57.5
2019-03-02,03,トヨタ車体クインシーズ,8,L,榊原美沙都,4,●,●,●,●,nan,0,0,0,,,-,0,0,0,-,0,-,0,0,0,0,-,14,9,2,71.4
2019-03-02,03,トヨタ車体クインシーズ,10,,小田桃香,0,nan,nan,nan,nan,nan,0,0,0,,,-,0,0,0,-,0,-,0,0,0,0,-,0,0,0,-
2019-03-02,03,トヨタ車体クインシーズ,11,,荒木絵里香,4,■,■,■,■,nan,17,10,0,0.5882352941176471,0.5882352941176471,2.50,0,0,0,-,2,0.50,20,0,1,5,5.0,1,0,0,0.0
2019-03-02,03,トヨタ車体クインシーズ,12,,渡邊彩,4,■,■,■,■,nan,15,9,0,0.6,0.6,2.25,0,0,0,-,4,1.00,12,0,2,1,-2.1,1,0,0,0.0
2019-03-02,03,トヨタ車体クインシーズ,13,,オズソイネリマン,4,■,■,■,■,nan,63,22,8,0.3492063492063492,0.2222222222222222,5.50,17,4,4,23.5,0,-,13,1,1,2,9.6,0,0,0,-
2019-03-02,03,トヨタ車体クインシーズ,14,,金本望,0,nan,nan,nan,nan,nan,0,0,0,,,-,0,0,0,-,0,-,0,0,0,0,-,0,0,0,-
2019-03-02,03,トヨタ車体クインシーズ,15,,杉郁香,0,nan,nan,nan,nan,nan,0,0,0,,,-,0,0,0,-,0,-,0,0,0,0,-,0,0,0,-
2019-03-02,03,トヨタ車体クインシーズ,17,,藪田美穂子,1,nan,nan,□,nan,nan,2,0,0,0.0,0.0,-,0,0,0,-,0,-,2,0,0,0,0.0,7,4,1,64.3
2019-03-02,03,トヨタ車体クインシーズ,18,,山上有紀,4,□,■,■,■,nan,0,0,0,,,-,0,0,0,-,2,0.50,10,0,0,3,7.5,0,0,0,-
2019-03-02,03,トヨタ車体クインシーズ,19,,安井由香子,0,nan,nan,nan,nan,nan,0,0,0,,,-,0,0,0,-,0,-,0,0,0,0,-,0,0,0,-
2019-03-02,03,日立リヴァーレ,1,,間橋香織,0,nan,nan,nan,nan,nan,0,0,0,,,-,0,0,0,-,0,-,0,0,0,0,-,0,0,0,-
2019-03-02,03,日立リヴァーレ,2,,小野寺友香,3,nan,□,□,□,nan,0,0,0,,,-,0,0,0,-,0,-,4,0,0,1,6.2,0,0,0,-
2019-03-02,03,日立リヴァーレ,3,,堀井有蘭,4,■,■,■,■,nan,15,5,1,0.3333333333333333,0.26666666666666666,1.25,0,0,0,-,1,0.25,12,1,2,0,4.2,10,4,3,55.0
2019-03-02,03,日立リヴァーレ,6,,芳賀舞波,0,nan,nan,nan,nan,nan,0,0,0,,,-,0,0,0,-,0,-,0,0,0,0,-,0,0,0,-
2019-03-02,03,日立リヴァーレ,7,,齋藤加奈子,3,□,nan,□,□,nan,0,0,0,,,-,0,0,0,-,0,-,0,0,0,0,-,6,3,3,75.0
2019-03-02,03,日立リヴァーレ,8,,佐藤美弥,4,■,■,■,■,nan,1,0,0,0.0,0.0,-,0,0,0,-,0,-,9,0,1,4,8.3,0,0,0,-
2019-03-02,03,日立リヴァーレ,9,,渡邊久惠,4,■,■,■,■,nan,71,25,5,0.352112676056338,0.28169014084507044,6.25,11,2,1,18.2,0,-,13,0,1,2,1.9,1,1,0,100.0
2019-03-02,03,日立リヴァーレ,10,L,小池杏菜,4,●,●,●,●,nan,0,0,0,,,-,0,0,0,-,0,-,0,0,0,0,-,6,2,4,66.7
2019-03-02,03,日立リヴァーレ,12,,遠井萌仁,0,nan,nan,nan,nan,nan,0,0,0,,,-,0,0,0,-,0,-,0,0,0,0,-,0,0,0,-
2019-03-02,03,日立リヴァーレ,13,,長内美和子,3,■,■,■,nan,nan,27,8,3,0.2962962962962963,0.18518518518518517,2.67,1,1,0,100.0,0,-,14,1,2,4,10.7,19,11,4,68.4
2019-03-02,03,日立リヴァーレ,15,,土井さくら,3,□,□,□,nan,nan,0,0,0,,,-,0,0,0,-,0,-,4,0,0,1,6.2,0,0,0,-
2019-03-02,03,日立リヴァーレ,18,,上坂瑠子,2,nan,□,nan,■,nan,15,4,0,0.26666666666666666,0.26666666666666666,2.00,0,0,0,-,0,-,4,0,0,0,0.0,6,3,2,66.7
2019-03-02,03,日立リヴァーレ,19,,窪田美侑,4,■,■,■,■,nan,21,8,2,0.38095238095238093,0.2857142857142857,2.00,0,0,0,-,2,0.50,19,1,1,4,9.2,41,22,8,63.4
2019-03-02,03,日立リヴァーレ,20,,入澤まい,4,■,■,■,■,nan,26,8,2,0.3076923076923077,0.23076923076923078,2.00,0,0,0,-,1,0.25,7,0,2,3,3.6,0,0,0,-
2019-03-02,03,NECレッドロケッツ,1,,島村春世,3,■,■,■,nan,nan,17,8,0,0.47058823529411764,0.47058823529411764,2.67,1,0,0,0.0,0,-,15,2,0,4,20.0,0,0,0,-
2019-03-02,03,NECレッドロケッツ,2,,古賀紗理那,5,■,■,■,■,■,45,17,1,0.37777777777777777,0.35555555555555557,3.40,2,1,0,50.0,1,0.20,20,1,1,12,18.8,27,9,7,46.3
2019-03-02,03,NECレッドロケッツ,3,,塚田しおり,5,■,■,■,■,■,0,0,0,,,-,0,0,0,-,0,-,16,0,0,5,7.8,0,0,0,-
2019-03-02,03,NECレッドロケッツ,4,,柳田光綺,4,■,■,■,nan,□,58,21,3,0.3620689655172414,0.3103448275862069,5.25,8,1,0,12.5,0,-,9,1,3,3,11.1,5,3,1,70.0
2019-03-02,03,NECレッドロケッツ,5,,大野果奈,5,■,■,■,■,■,7,2,0,0.2857142857142857,0.2857142857142857,0.40,0,0,0,-,1,0.20,7,0,0,3,10.7,1,0,0,0.0
2019-03-02,03,NECレッドロケッツ,6,,上野香織,0,nan,nan,nan,nan,nan,0,0,0,,,-,0,0,0,-,0,-,0,0,0,0,-,0,0,0,-
2019-03-02,03,NECレッドロケッツ,7,,山口かなめ,0,nan,nan,nan,nan,nan,0,0,0,,,-,0,0,0,-,0,-,0,0,0,0,-,0,0,0,-
2019-03-02,03,NECレッドロケッツ,9,,廣瀬七海,4,nan,□,□,■,■,28,10,2,0.35714285714285715,0.2857142857142857,2.50,7,1,0,14.3,0,-,7,0,2,3,3.6,0,0,0,-
2019-03-02,03,NECレッドロケッツ,10,L,岩崎紗也加,5,●,●,●,●,●,0,0,0,,,-,0,0,0,-,0,-,0,0,0,0,-,20,8,5,52.5
2019-03-02,03,NECレッドロケッツ,11,,篠原沙耶香,5,□,□,□,□,□,0,0,0,,,-,0,0,0,-,0,-,6,0,0,3,12.5,0,0,0,-
2019-03-02,03,NECレッドロケッツ,12,,山内美咲,5,■,■,■,■,■,38,12,2,0.3157894736842105,0.2631578947368421,2.40,1,0,0,0.0,1,0.20,17,0,0,8,11.8,47,20,7,50.0
2019-03-02,03,NECレッドロケッツ,14,,荒谷栞,1,nan,nan,nan,nan,□,0,0,0,,,-,0,0,0,-,0,-,1,0,0,0,0.0,0,0,0,-
2019-03-02,03,NECレッドロケッツ,15,,アルハッサンラーマット,3,nan,nan,□,■,■,8,5,0,0.625,0.625,1.67,0,0,0,-,1,0.33,8,0,0,2,6.2,1,1,0,100.0
2019-03-02,03,NECレッドロケッツ,16,,小島満菜美,3,□,□,nan,□,nan,0,0,0,,,-,0,0,0,-,0,-,0,0,0,0,-,5,2,2,60.0
2019-03-02,03,東レアローズ,1,,井上奈々朱,5,■,■,■,■,■,21,11,3,0.5238095238095238,0.38095238095238093,2.20,0,0,0,-,6,1.20,12,0,0,6,12.5,0,0,0,-
2019-03-02,03,東レアローズ,3,,大野果歩,5,■,■,■,■,■,19,10,0,0.5263157894736842,0.5263157894736842,2.00,0,0,0,-,3,0.60,11,0,0,4,9.1,0,0,0,-
2019-03-02,03,東レアローズ,4,,日高萌,0,nan,nan,nan,nan,nan,0,0,0,,,-,0,0,0,-,0,-,0,0,0,0,-,0,0,0,-
2019-03-02,03,東レアローズ,6,,杉原若葉,3,■,■,nan,nan,□,6,5,0,0.8333333333333334,0.8333333333333334,1.67,0,0,0,-,0,-,7,1,0,2,21.4,11,1,4,27.3
2019-03-02,03,東レアローズ,7,,クランヤナ,5,■,■,■,■,■,77,33,4,0.42857142857142855,0.37662337662337664,6.60,23,11,3,47.8,2,0.40,13,0,0,4,7.7,0,0,0,-
2019-03-02,03,東レアローズ,8,,白井美沙紀,4,□,□,nan,□,□,0,0,0,,,-,0,0,0,-,0,-,8,0,2,0,-6.2,0,0,0,-
2019-03-02,03,東レアローズ,9,,中田紫乃,5,□,□,■,■,■,11,3,2,0.2727272727272727,0.09090909090909091,0.60,1,0,0,0.0,0,-,14,0,0,7,12.5,37,7,11,33.8
2019-03-02,03,東レアローズ,10,,石川真奈,0,nan,nan,nan,nan,nan,0,0,0,,,-,0,0,0,-,0,-,0,0,0,0,-,0,0,0,-
2019-03-02,03,東レアローズ,11,L,中島未来,5,●,●,●,●,●,0,0,0,,,-,0,0,0,-,0,-,0,0,0,0,-,26,11,6,53.8
2019-03-02,03,東レアローズ,12,,小川愛里奈,0,nan,nan,nan,nan,nan,0,0,0,,,-,0,0,0,-,0,-,0,0,0,0,-,0,0,0,-
2019-03-02,03,東レアローズ,13,,黒後愛,5,■,■,■,■,■,46,16,5,0.34782608695652173,0.2391304347826087,3.20,5,1,1,20.0,3,0.60,15,0,2,5,5.0,24,9,3,43.8
2019-03-02,03,東レアローズ,14,,関菜々巳,5,■,■,■,■,■,2,1,0,0.5,0.5,0.20,0,0,0,-,0,-,23,1,0,8,13.0,0,0,0,-
2019-03-02,03,東レアローズ,15,,水杉玲奈,5,□,□,□,□,□,0,0,0,,,-,0,0,0,-,0,-,8,0,0,4,12.5,1,0,1,50.0
2019-03-02,03,東レアローズ,16,,マナバットアレオナデニス,0,nan,nan,nan,nan,nan,0,0,0,,,-,0,0,0,-,0,-,0,0,0,0,-,0,0,0,-
2019-03-03,03,久光製薬スプリングス,2,,古藤千鶴,4,■,■,■,■,nan,1,0,0,0.0,0.0,-,0,0,0,-,1,0.25,22,0,1,8,8.0,0,0,0,-
2019-03-03,03,久光製薬スプリングス,3,,新鍋理沙,4,■,■,■,■,nan,29,15,3,0.5172413793103449,0.41379310344827586,3.75,0,0,0,-,3,0.75,17,0,1,2,1.5,4,3,1,87.5
2019-03-03,03,久光製薬スプリングス,4,,岩坂名奈,4,■,■,■,■,nan,9,4,0,0.4444444444444444,0.4444444444444444,1.00,0,0,0,-,3,0.75,22,1,0,4,9.1,0,0,0,-
2019-03-03,03,久光製薬スプリングス,6,,石井優希,4,■,■,■,■,nan,62,16,5,0.25806451612903225,0.1774193548387097,4.00,1,0,0,0.0,1,0.25,14,0,2,2,0.0,17,11,3,73.5
2019-03-03,03,久光製薬スプリングス,8,,野本梨佳,4,■,■,■,■,nan,47,22,0,0.46808510638297873,0.46808510638297873,5.50,3,3,0,100.0,2,0.50,13,0,1,4,5.8,24,4,12,41.7
2019-03-03,03,久光製薬スプリングス,10,L,座安琴希,0,nan,nan,nan,nan,nan,0,0,0,,,-,0,0,0,-,0,-,0,0,0,0,-,0,0,0,-
2019-03-03,03,久光製薬スプリングス,11,,栄絵里香,0,nan,nan,nan,nan,nan,0,0,0,,,-,0,0,0,-,0,-,0,0,0,0,-,0,0,0,-
2019-03-03,03,久光製薬スプリングス,12,,今村優香,0,nan,nan,nan,nan,nan,0,0,0,,,-,0,0,0,-,0,-,0,0,0,0,-,0,0,0,-
2019-03-03,03,久光製薬スプリングス,14,,森谷史佳,0,nan,nan,nan,nan,nan,0,0,0,,,-,0,0,0,-,0,-,0,0,0,0,-,0,0,0,-
2019-03-03,03,久光製薬スプリングス,16,,アキンラデウォフォルケ,4,■,■,■,■,nan,17,8,0,0.47058823529411764,0.47058823529411764,2.00,0,0,0,-,4,1.00,9,1,0,2,16.7,0,0,0,-
2019-03-03,03,久光製薬スプリングス,18,L,戸江真奈,4,●,●,●,●,nan,0,0,0,,,-,0,0,0,-,0,-,0,0,0,0,-,28,15,6,64.3
2019-03-03,03,久光製薬スプリングス,20,,筒井さやか,4,□,□,□,□,nan,0,0,0,,,-,0,0,0,-,0,-,0,0,0,0,-,9,6,1,72.2
2019-03-03,03,久光製薬スプリングス,22,,井上愛里沙,1,□,nan,nan,nan,nan,0,0,0,,,-,0,0,0,-,0,-,0,0,0,0,-,0,0,0,-
2019-03-03,03,久光製薬スプリングス,25,,加藤光,4,□,□,□,□,nan,0,0,0,,,-,0,0,0,-,0,-,6,0,0,1,4.2,0,0,0,-
2019-03-03,03,トヨタ車体クインシーズ,2,L,佐藤澪,4,〇,〇,〇,〇,nan,0,0,0,,,-,0,0,0,-,0,-,0,0,0,0,-,0,0,0,-
2019-03-03,03,トヨタ車体クインシーズ,3,,高橋沙織,0,nan,nan,nan,nan,nan,0,0,0,,,-,0,0,0,-,0,-,0,0,0,0,-,0,0,0,-
2019-03-03,03,トヨタ車体クインシーズ,4,,比金桃子,1,nan,□,nan,nan,nan,0,0,0,,,-,0,0,0,-,0,-,1,0,0,1,25.0,0,0,0,-
2019-03-03,03,トヨタ車体クインシーズ,5,,内瀬戸真実,4,■,■,■,■,nan,29,9,1,0.3103448275862069,0.27586206896551724,2.25,1,0,0,0.0,1,0.25,18,0,2,2,0.0,20,10,8,70.0
2019-03-03,03,トヨタ車体クインシーズ,6,,村永奈央,0,nan,nan,nan,nan,nan,0,0,0,,,-,0,0,0,-,0,-,0,0,0,0,-,0,0,0,-
2019-03-03,03,トヨタ車体クインシーズ,8,L,榊原美沙都,4,●,●,●,●,nan,0,0,0,,,-,0,0,0,-,0,-,0,0,0,0,-,18,8,8,66.7
2019-03-03,03,トヨタ車体クインシーズ,10,,小田桃香,3,nan,□,■,■,nan,26,9,0,0.34615384615384615,0.34615384615384615,3.00,1,0,0,0.0,0,-,7,0,1,1,0.0,42,17,16,59.5
2019-03-03,03,トヨタ車体クインシーズ,11,,荒木絵里香,4,■,■,■,■,nan,26,10,2,0.38461538461538464,0.3076923076923077,2.50,0,0,0,-,6,1.50,16,1,2,6,12.5,1,0,0,0.0
2019-03-03,03,トヨタ車体クインシーズ,12,,渡邊彩,4,■,■,■,■,nan,17,7,0,0.4117647058823529,0.4117647058823529,1.75,0,0,0,-,0,-,15,0,0,3,5.0,0,0,0,-
2019-03-03,03,トヨタ車体クインシーズ,13,,オズソイネリマン,4,■,■,■,■,nan,79,25,7,0.31645569620253167,0.22784810126582278,6.25,24,8,5,33.3,1,0.25,12,0,0,4,8.3,0,0,0,-
2019-03-03,03,トヨタ車体クインシーズ,14,,金本望,0,nan,nan,nan,nan,nan,0,0,0,,,-,0,0,0,-,0,-,0,0,0,0,-,0,0,0,-
2019-03-03,03,トヨタ車体クインシーズ,15,,杉郁香,0,nan,nan,nan,nan,nan,0,0,0,,,-,0,0,0,-,0,-,0,0,0,0,-,0,0,0,-
2019-03-03,03,トヨタ車体クインシーズ,17,,藪田美穂子,3,■,■,nan,□,nan,9,1,2,0.1111111111111111,-0.1111111111111111,0.33,0,0,0,-,0,-,6,0,0,0,0.0,16,3,5,34.4
2019-03-03,03,トヨタ車体クインシーズ,18,,山上有紀,4,■,■,■,■,nan,0,0,0,,,-,0,0,0,-,1,0.25,13,0,1,3,3.8,1,0,0,0.0
2019-03-03,03,JTマーヴェラス,1,,芥川愛加,3,■,■,■,nan,nan,12,8,1,0.6666666666666666,0.5833333333333334,2.67,0,0,0,-,1,0.33,8,0,0,2,6.2,1,0,0,0.0
2019-03-03,03,JTマーヴェラス,2,,林琴奈,3,■,■,■,nan,nan,23,9,3,0.391304347826087,0.2608695652173913,3.00,1,0,0,0.0,0,-,6,0,0,5,20.8,25,12,10,68.0
2019-03-03,03,JTマーヴェラス,3,,小川杏奈,0,nan,nan,nan,nan,nan,0,0,0,,,-,0,0,0,-,0,-,0,0,0,0,-,0,0,0,-
2019-03-03,03,JTマーヴェラス,4,,橘井友香,3,□,□,□,nan,nan,0,0,0,,,-,0,0,0,-,0,-,8,1,0,5,28.1,0,0,0,-
2019-03-03,03,JTマーヴェラス,5,,柴田真果,2,□,nan,□,nan,nan,0,0,0,,,-,0,0,0,-,0,-,2,0,0,0,0.0,0,0,0,-
2019-03-03,03,JTマーヴェラス,6,,田中瑞稀,3,■,■,■,nan,nan,30,12,1,0.4,0.36666666666666664,4.00,2,1,0,50.0,0,-,10,0,1,5,10.0,19,11,3,65.8
2019-03-03,03,JTマーヴェラス,7,,田中美咲,3,■,■,■,nan,nan,3,0,0,0.0,0.0,-,0,0,0,-,0,-,11,0,1,4,6.8,0,0,0,-
2019-03-03,03,JTマーヴェラス,8,,カムンタラーケオカラヤー,3,■,■,■,nan,nan,11,6,0,0.5454545454545454,0.5454545454545454,2.00,0,0,0,-,1,0.33,7,1,0,5,32.1,0,0,0,-
2019-03-03,03,JTマーヴェラス,9,,ミハイロヴィッチブランキツァ,3,■,■,■,nan,nan,44,17,3,0.38636363636363635,0.3181818181818182,5.67,7,3,0,42.9,0,-,17,0,1,9,11.8,0,0,0,-
2019-03-03,03,JTマーヴェラス,10,,栗原恵,0,nan,nan,nan,nan,nan,0,0,0,,,-,0,0,0,-,0,-,0,0,0,0,-,0,0,0,-
2019-03-03,03,JTマーヴェラス,11,,目黒優佳,3,□,□,□,nan,nan,0,0,0,,,-,0,0,0,-,0,-,5,0,0,2,10.0,3,1,2,66.7
2019-03-03,03,JTマーヴェラス,14,,ヒックマンジャスティス,0,nan,nan,nan,nan,nan,0,0,0,,,-,0,0,0,-,0,-,0,0,0,0,-,0,0,0,-
2019-03-03,03,JTマーヴェラス,15,L,小幡真子,3,●,●,●,nan,nan,0,0,0,,,-,0,0,0,-,0,-,0,0,0,0,-,8,5,1,68.8
2019-03-03,03,JTマーヴェラス,16,,山本美沙,1,nan,□,nan,nan,nan,0,0,0,,,-,0,0,0,-,0,-,1,0,0,1,25.0,0,0,0,-
2019-03-03,03,埼玉上尾メディックス,3,,サンティアゴアライジャダフニ,3,■,■,■,nan,nan,16,10,0,0.625,0.625,3.33,0,0,0,-,1,0.33,16,1,0,3,10.9,0,0,0,-
2019-03-03,03,埼玉上尾メディックス,7,L,山岸あかね,3,●,●,●,nan,nan,0,0,0,,,-,0,0,0,-,0,-,0,0,0,0,-,8,2,2,37.5
2019-03-03,03,埼玉上尾メディックス,9,,三浦茉実,1,nan,nan,■,nan,nan,1,0,0,0.0,0.0,-,0,0,0,-,1,1.00,4,0,1,0,-6.2,1,0,0,0.0
2019-03-03,03,埼玉上尾メディックス,11,,青柳京古,2,■,■,nan,nan,nan,4,0,0,0.0,0.0,-,0,0,0,-,1,0.50,3,0,0,0,0.0,0,0,0,-
2019-03-03,03,埼玉上尾メディックス,13,,井上美咲,3,■,■,■,nan,nan,0,0,0,,,-,0,0,0,-,0,-,9,0,2,2,0.0,0,0,0,-
2019-03-03,03,埼玉上尾メディックス,17,,シュシュニャルカタリナ,3,■,■,■,nan,nan,48,20,8,0.4166666666666667,0.25,6.67,21,8,4,38.1,0,-,11,1,2,3,11.4,0,0,0,-
2019-03-03,03,埼玉上尾メディックス,19,,荒木夕貴,2,nan,□,□,nan,nan,2,0,0,0.0,0.0,-,0,0,0,-,0,-,2,1,1,1,50.0,4,1,0,25.0
2019-03-03,03,埼玉上尾メディックス,20,,丸山裕子,1,nan,□,nan,nan,nan,2,0,0,0.0,0.0,-,0,0,0,-,1,1.00,1,0,0,0,0.0,0,0,0,-
2019-03-03,03,埼玉上尾メディックス,23,,大室璃紗,2,□,nan,□,nan,nan,0,0,0,,,-,0,0,0,-,0,-,0,0,0,0,-,1,1,0,100.0
2019-03-03,03,埼玉上尾メディックス,24,,山口珠李,3,□,□,□,nan,nan,6,2,1,0.3333333333333333,0.16666666666666666,0.67,0,0,0,-,0,-,2,0,0,0,0.0,1,0,0,0.0
2019-03-03,03,埼玉上尾メディックス,25,,山崎のの花,1,□,nan,nan,nan,nan,0,0,0,,,-,0,0,0,-,0,-,0,0,0,0,-,0,0,0,-
2019-03-03,03,埼玉上尾メディックス,26,,堀江美志,3,■,■,■,nan,nan,26,4,1,0.15384615384615385,0.11538461538461539,1.33,0,0,0,-,0,-,6,0,0,1,4.2,17,2,5,26.5
2019-03-03,03,埼玉上尾メディックス,27,,椎名真子,0,nan,nan,nan,nan,nan,0,0,0,,,-,0,0,0,-,0,-,0,0,0,0,-,0,0,0,-
2019-03-03,03,埼玉上尾メディックス,29,,吉野優理,3,■,■,■,nan,nan,17,3,2,0.17647058823529413,0.058823529411764705,1.00,0,0,0,-,0,-,10,2,1,1,20.0,40,13,8,42.5
2019-03-03,03,デンソーエアリービーズ,1,,中元南,1,■,nan,nan,nan,nan,4,0,0,0.0,0.0,-,0,0,0,-,0,-,2,0,2,0,-25.0,0,0,0,-
2019-03-03,03,デンソーエアリービーズ,2,,積山春花,0,nan,nan,nan,nan,nan,0,0,0,,,-,0,0,0,-,0,-,0,0,0,0,-,0,0,0,-
2019-03-03,03,デンソーエアリービーズ,3,,朝日優衣,3,■,■,nan,□,nan,19,4,1,0.21052631578947367,0.15789473684210525,1.33,0,0,0,-,1,0.33,10,0,1,3,5.0,8,5,1,68.8
2019-03-03,03,デンソーエアリービーズ,7,,早坂梢依,1,nan,nan,□,nan,nan,0,0,0,,,-,0,0,0,-,0,-,0,0,0,0,-,0,0,0,-
2019-03-03,03,デンソーエアリービーズ,8,,田原愛里,4,■,■,■,■,nan,5,2,0,0.4,0.4,0.50,0,0,0,-,1,0.25,14,0,0,8,14.3,0,0,0,-
2019-03-03,03,デンソーエアリービーズ,9,L,小口樹葉,4,●,●,●,●,nan,0,0,0,,,-,0,0,0,-,0,-,0,0,0,0,-,7,2,3,50.0
2019-03-03,03,デンソーエアリービーズ,10,L,中川千世,4,〇,〇,〇,〇,nan,0,0,0,,,-,0,0,0,-,0,-,0,0,0,0,-,3,1,1,50.0
2019-03-03,03,デンソーエアリービーズ,15,,鍋谷友理枝,4,■,■,■,■,nan,50,21,3,0.42,0.36,5.25,4,0,0,0.0,0,-,11,1,1,2,11.4,46,20,14,58.7
2019-03-03,03,デンソーエアリービーズ,17,,野村明日香,4,■,■,■,■,nan,11,3,0,0.2727272727272727,0.2727272727272727,0.75,0,0,0,-,0,-,17,1,1,7,14.7,0,0,0,-
2019-03-03,03,デンソーエアリービーズ,18,,シニアードジャック,4,■,■,■,■,nan,39,22,5,0.5641025641025641,0.4358974358974359,5.50,0,0,0,-,3,0.75,11,0,1,5,9.1,1,1,0,100.0
2019-03-03,03,デンソーエアリービーズ,21,,工藤嶺,3,nan,□,■,■,nan,32,10,2,0.3125,0.25,3.33,2,1,0,50.0,1,0.33,8,1,0,4,25.0,11,4,2,45.5
2019-03-03,03,デンソーエアリービーズ,22,,石田瑞穂,4,□,■,■,■,nan,22,7,2,0.3181818181818182,0.22727272727272727,1.75,3,1,0,33.3,1,0.25,17,1,0,5,13.2,0,0,0,-
2019-03-03,03,デンソーエアリービーズ,23,,佐野伶奈,0,nan,nan,nan,nan,nan,0,0,0,,,-,0,0,0,-,0,-,0,0,0,0,-,0,0,0,-
2019-03-03,03,デンソーエアリービーズ,24,,兵頭由希,2,□,nan,nan,□,nan,0,0,0,,,-,0,0,0,-,0,-,4,0,0,1,6.2,0,0,0,-
2019-03-03,03,日立リヴァーレ,1,,間橋香織,0,nan,nan,nan,nan,nan,0,0,0,,,-,0,0,0,-,0,-,0,0,0,0,-,0,0,0,-
2019-03-03,03,日立リヴァーレ,2,,小野寺友香,1,nan,nan,□,nan,nan,0,0,0,,,-,0,0,0,-,0,-,1,0,0,1,25.0,0,0,0,-
2019-03-03,03,日立リヴァーレ,3,,堀井有蘭,4,■,■,■,■,nan,12,3,0,0.25,0.25,0.75,0,0,0,-,0,-,15,0,0,3,5.0,12,4,3,45.8
2019-03-03,03,日立リヴァーレ,6,,芳賀舞波,1,□,nan,nan,nan,nan,0,0,0,,,-,0,0,0,-,0,-,0,0,0,0,-,0,0,0,-
2019-03-03,03,日立リヴァーレ,7,,齋藤加奈子,3,□,□,□,nan,nan,0,0,0,,,-,0,0,0,-,0,-,0,0,0,0,-,1,0,0,0.0
2019-03-03,03,日立リヴァーレ,8,,佐藤美弥,4,■,■,■,■,nan,2,2,0,1.0,1.0,0.50,0,0,0,-,0,-,11,0,2,4,4.5,2,0,0,0.0
2019-03-03,03,日立リヴァーレ,9,,渡邊久惠,4,■,■,■,■,nan,54,14,3,0.25925925925925924,0.2037037037037037,3.50,10,2,1,20.0,1,0.25,11,0,0,3,6.8,0,0,0,-
2019-03-03,03,日立リヴァーレ,10,L,小池杏菜,4,●,●,●,●,nan,0,0,0,,,-,0,0,0,-,0,-,0,0,0,0,-,17,5,4,41.2
2019-03-03,03,日立リヴァーレ,12,,遠井萌仁,3,nan,□,■,■,nan,19,5,0,0.2631578947368421,0.2631578947368421,1.67,0,0,0,-,0,-,9,0,0,2,5.6,26,15,4,65.4
2019-03-03,03,日立リヴァーレ,13,,長内美和子,4,■,■,■,■,nan,51,17,2,0.3333333333333333,0.29411764705882354,4.25,0,0,0,-,1,0.25,16,1,2,3,7.8,15,4,2,33.3
2019-03-03,03,日立リヴァーレ,15,,土井さくら,2,□,□,nan,nan,nan,0,0,0,,,-,0,0,0,-,0,-,2,0,0,0,0.0,0,0,0,-
2019-03-03,03,日立リヴァーレ,18,,上坂瑠子,1,nan,nan,nan,□,nan,2,2,0,1.0,1.0,2.00,0,0,0,-,0,-,0,0,0,0,-,0,0,0,-
2019-03-03,03,日立リヴァーレ,19,,窪田美侑,3,■,■,nan,□,nan,10,2,1,0.2,0.1,0.67,0,0,0,-,1,0.33,8,1,1,1,12.5,14,6,3,53.6
2019-03-03,03,日立リヴァーレ,20,,入澤まい,4,■,■,■,■,nan,24,6,1,0.25,0.20833333333333334,1.50,0,0,0,-,4,1.00,9,0,1,3,5.6,0,0,0,-
2019-03-09,03,NECレッドロケッツ,1,,島村春世,5,■,■,■,■,■,26,11,0,0.4230769230769231,0.4230769230769231,2.20,0,0,0,-,3,0.60,10,0,0,2,5.0,0,0,0,-
2019-03-09,03,NECレッドロケッツ,2,,古賀紗理那,5,■,■,■,■,■,39,17,0,0.4358974358974359,0.4358974358974359,3.40,3,1,0,33.3,0,-,30,2,3,12,14.2,13,6,3,57.7
2019-03-09,03,NECレッドロケッツ,3,,塚田しおり,0,nan,nan,nan,nan,nan,0,0,0,,,-,0,0,0,-,0,-,0,0,0,0,-,0,0,0,-
2019-03-09,03,NECレッドロケッツ,4,,柳田光綺,3,nan,□,nan,■,■,18,7,1,0.3888888888888889,0.3333333333333333,2.33,1,0,0,0.0,0,-,8,0,1,1,0.0,28,18,0,64.3
2019-03-09,03,NECレッドロケッツ,5,,大野果奈,0,nan,nan,nan,nan,nan,0,0,0,,,-,0,0,0,-,0,-,0,0,0,0,-,0,0,0,-
2019-03-09,03,NECレッドロケッツ,6,,上野香織,0,nan,nan,nan,nan,nan,0,0,0,,,-,0,0,0,-,0,-,0,0,0,0,-,0,0,0,-
2019-03-09,03,NECレッドロケッツ,7,,山口かなめ,5,■,■,■,■,■,1,0,0,0.0,0.0,-,1,0,0,0.0,2,0.40,22,0,1,3,2.3,0,0,0,-
2019-03-09,03,NECレッドロケッツ,9,,廣瀬七海,5,■,■,■,■,■,64,18,3,0.28125,0.234375,3.60,7,3,1,42.9,3,0.60,15,1,6,3,1.7,2,1,0,50.0
2019-03-09,03,NECレッドロケッツ,10,L,岩崎紗也加,5,●,●,●,●,●,0,0,0,,,-,0,0,0,-,0,-,0,0,0,0,-,15,13,1,90.0
2019-03-09,03,NECレッドロケッツ,11,,篠原沙耶香,4,□,nan,□,□,□,0,0,0,,,-,0,0,0,-,0,-,5,0,0,2,10.0,0,0,0,-
2019-03-09,03,NECレッドロケッツ,12,,山内美咲,3,■,■,■,nan,nan,23,9,0,0.391304347826087,0.391304347826087,3.00,1,0,0,0.0,3,1.00,11,1,0,3,15.9,36,24,2,69.4
2019-03-09,03,NECレッドロケッツ,14,,荒谷栞,3,nan,nan,□,□,□,3,1,1,0.3333333333333333,0.0,0.33,1,1,0,100.0,1,0.33,3,0,1,1,0.0,0,0,0,-
2019-03-09,03,NECレッドロケッツ,15,,アルハッサンラーマット,5,■,■,■,■,■,24,13,0,0.5416666666666666,0.5416666666666666,2.60,1,0,0,0.0,6,1.20,15,0,0,1,1.7,1,1,0,100.0
2019-03-09,03,NECレッドロケッツ,16,,小島満菜美,5,□,□,□,□,□,0,0,0,,,-,0,0,0,-,0,-,0,0,0,0,-,7,6,0,85.7
2019-03-09,03,トヨタ車体クインシーズ,2,L,佐藤澪,5,〇,〇,〇,〇,〇,0,0,0,,,-,0,0,0,-,0,-,0,0,0,0,-,1,1,0,100.0
2019-03-09,03,トヨタ車体クインシーズ,3,,高橋沙織,0,nan,nan,nan,nan,nan,0,0,0,,,-,0,0,0,-,0,-,0,0,0,0,-,0,0,0,-
2019-03-09,03,トヨタ車体クインシーズ,4,,比金桃子,4,nan,□,■,■,■,3,1,0,0.3333333333333333,0.3333333333333333,0.25,0,0,0,-,0,-,21,0,1,6,6.0,0,0,0,-
2019-03-09,03,トヨタ車体クインシーズ,5,,内瀬戸真実,5,■,■,■,■,■,46,12,2,0.2608695652173913,0.21739130434782608,2.40,2,0,0,0.0,0,-,18,0,2,4,2.8,31,19,2,64.5
2019-03-09,03,トヨタ車体クインシーズ,6,,村永奈央,4,■,nan,■,■,■,26,10,0,0.38461538461538464,0.38461538461538464,2.50,1,1,0,100.0,2,0.50,19,1,1,7,13.2,41,28,3,72.0
2019-03-09,03,トヨタ車体クインシーズ,8,L,榊原美沙都,5,●,●,●,●,●,0,0,0,,,-,0,0,0,-,0,-,0,0,0,0,-,25,19,1,78.0
2019-03-09,03,トヨタ車体クインシーズ,10,,小田桃香,1,nan,■,nan,nan,nan,2,0,1,0.0,-0.5,-,0,0,0,-,0,-,2,0,0,0,0.0,6,4,0,66.7
2019-03-09,03,トヨタ車体クインシーズ,11,,荒木絵里香,5,■,■,■,■,■,19,6,1,0.3157894736842105,0.2631578947368421,1.20,0,0,0,-,3,0.60,12,1,0,4,16.7,1,0,1,50.0
2019-03-09,03,トヨタ車体クインシーズ,12,,渡邊彩,5,■,■,■,■,■,23,11,2,0.4782608695652174,0.391304347826087,2.20,1,0,0,0.0,1,0.20,14,0,1,3,3.6,1,0,0,0.0
2019-03-09,03,トヨタ車体クインシーズ,13,,オズソイネリマン,5,■,■,■,■,■,93,37,4,0.3978494623655914,0.3548387096774194,7.40,31,12,2,38.7,2,0.40,21,2,1,3,11.9,0,0,0,-
2019-03-09,03,トヨタ車体クインシーズ,14,,金本望,0,nan,nan,nan,nan,nan,0,0,0,,,-,0,0,0,-,0,-,0,0,0,0,-,0,0,0,-
2019-03-09,03,トヨタ車体クインシーズ,15,,杉郁香,0,nan,nan,nan,nan,nan,0,0,0,,,-,0,0,0,-,0,-,0,0,0,0,-,0,0,0,-
2019-03-09,03,トヨタ車体クインシーズ,17,,藪田美穂子,0,nan,nan,nan,nan,nan,0,0,0,,,-,0,0,0,-,0,-,0,0,0,0,-,0,0,0,-
2019-03-09,03,トヨタ車体クインシーズ,18,,山上有紀,2,■,■,nan,nan,nan,0,0,0,,,-,0,0,0,-,0,-,4,0,1,0,-6.2,0,0,0,-
2019-03-09,03,久光製薬スプリングス,2,,古藤千鶴,4,■,■,■,■,nan,1,0,1,0.0,-1.0,-,0,0,0,-,0,-,18,0,0,4,5.6,0,0,0,-
2019-03-09,03,久光製薬スプリングス,3,,新鍋理沙,4,■,■,■,■,nan,26,8,2,0.3076923076923077,0.23076923076923078,2.00,0,0,0,-,1,0.25,16,3,1,2,20.3,18,10,6,72.2
2019-03-09,03,久光製薬スプリングス,4,,岩坂名奈,4,■,■,■,■,nan,17,5,0,0.29411764705882354,0.29411764705882354,1.25,0,0,0,-,7,1.75,9,0,0,1,2.8,0,0,0,-
2019-03-09,03,久光製薬スプリングス,6,,石井優希,4,■,■,■,■,nan,58,22,2,0.3793103448275862,0.3448275862068966,5.50,3,1,0,33.3,1,0.25,17,2,0,8,23.5,34,19,10,70.6
2019-03-09,03,久光製薬スプリングス,8,,野本梨佳,4,■,■,■,■,nan,39,13,2,0.3333333333333333,0.28205128205128205,3.25,2,1,0,50.0,0,-,19,0,2,3,1.3,5,2,0,40.0
2019-03-09,03,久光製薬スプリングス,10,L,座安琴希,0,nan,nan,nan,nan,nan,0,0,0,,,-,0,0,0,-,0,-,0,0,0,0,-,0,0,0,-
2019-03-09,03,久光製薬スプリングス,11,,栄絵里香,0,nan,nan,nan,nan,nan,0,0,0,,,-,0,0,0,-,0,-,0,0,0,0,-,0,0,0,-
2019-03-09,03,久光製薬スプリングス,12,,今村優香,0,nan,nan,nan,nan,nan,0,0,0,,,-,0,0,0,-,0,-,0,0,0,0,-,0,0,0,-
2019-03-09,03,久光製薬スプリングス,14,,森谷史佳,0,nan,nan,nan,nan,nan,0,0,0,,,-,0,0,0,-,0,-,0,0,0,0,-,0,0,0,-
2019-03-09,03,久光製薬スプリングス,16,,アキンラデウォフォルケ,4,■,■,■,■,nan,21,16,1,0.7619047619047619,0.7142857142857143,4.00,0,0,0,-,4,1.00,12,0,0,5,10.4,0,0,0,-
2019-03-09,03,久光製薬スプリングス,18,L,戸江真奈,4,●,●,●,●,nan,0,0,0,,,-,0,0,0,-,0,-,0,0,0,0,-,16,9,4,68.8
2019-03-09,03,久光製薬スプリングス,20,,筒井さやか,4,□,□,□,□,nan,0,0,0,,,-,0,0,0,-,0,-,0,0,0,0,-,9,5,2,66.7
2019-03-09,03,久光製薬スプリングス,22,,井上愛里沙,1,□,nan,nan,nan,nan,0,0,0,,,-,0,0,0,-,0,-,0,0,0,0,-,0,0,0,-
2019-03-09,03,久光製薬スプリングス,25,,加藤光,4,□,□,□,□,nan,1,0,0,0.0,0.0,-,1,0,0,0.0,0,-,5,0,0,2,10.0,0,0,0,-
2019-03-09,03,東レアローズ,1,,井上奈々朱,3,■,■,■,nan,nan,8,3,1,0.375,0.25,1.00,0,0,0,-,0,-,7,0,0,1,3.6,0,0,0,-
2019-03-09,03,東レアローズ,3,,大野果歩,4,■,■,■,■,nan,18,9,0,0.5,0.5,2.25,0,0,0,-,1,0.25,9,2,0,0,22.2,0,0,0,-
2019-03-09,03,東レアローズ,4,,日高萌,0,nan,nan,nan,nan,nan,0,0,0,,,-,0,0,0,-,0,-,0,0,0,0,-,0,0,0,-
2019-03-09,03,東レアローズ,6,,杉原若葉,0,nan,nan,nan,nan,nan,0,0,0,,,-,0,0,0,-,0,-,0,0,0,0,-,0,0,0,-
2019-03-09,03,東レアローズ,7,,クランヤナ,4,■,■,■,■,nan,64,26,2,0.40625,0.375,6.50,19,6,2,31.6,2,0.50,13,0,1,1,0.0,0,0,0,-
2019-03-09,03,東レアローズ,8,,白井美沙紀,3,□,□,nan,□,nan,0,0,0,,,-,0,0,0,-,0,-,5,0,1,1,0.0,0,0,0,-
2019-03-09,03,東レアローズ,9,,中田紫乃,4,□,■,■,■,nan,15,4,2,0.26666666666666666,0.13333333333333333,1.00,1,0,0,0.0,1,0.25,11,0,0,2,4.5,30,14,6,56.7
2019-03-09,03,東レアローズ,10,,石川真奈,0,nan,nan,nan,nan,nan,0,0,0,,,-,0,0,0,-,0,-,0,0,0,0,-,0,0,0,-
2019-03-09,03,東レアローズ,11,L,中島未来,4,●,●,●,●,nan,0,0,0,,,-,0,0,0,-,0,-,0,0,0,0,-,13,8,4,76.9
2019-03-09,03,東レアローズ,12,,小川愛里奈,3,nan,□,□,■,nan,5,1,0,0.2,0.2,0.33,0,0,0,-,0,-,7,1,0,2,21.4,0,0,0,-
2019-03-09,03,東レアローズ,13,,黒後愛,4,■,■,■,■,nan,40,9,1,0.225,0.2,2.25,1,0,0,0.0,2,0.50,11,0,1,0,-2.3,30,12,7,51.7
2019-03-09,03,東レアローズ,14,,関菜々巳,4,■,■,■,■,nan,3,2,0,0.6666666666666666,0.6666666666666666,0.50,0,0,0,-,2,0.50,18,4,0,2,25.0,0,0,0,-
2019-03-09,03,東レアローズ,15,L,水杉玲奈,4,〇,〇,〇,〇,nan,0,0,0,,,-,0,0,0,-,0,-,0,0,0,0,-,0,0,0,-
2019-03-09,03,東レアローズ,17,,石川真佑,4,■,□,□,□,nan,4,1,0,0.25,0.25,0.25,0,0,0,-,0,-,6,0,1,0,-4.2,19,8,4,52.6
2019-03-09,03,JTマーヴェラス,1,,芥川愛加,5,■,■,■,■,■,13,4,0,0.3076923076923077,0.3076923076923077,0.80,0,0,0,-,2,0.40,11,1,2,0,4.5,0,0,0,-
2019-03-09,03,JTマーヴェラス,2,,林琴奈,3,■,■,nan,nan,□,7,1,1,0.14285714285714285,0.0,0.33,0,0,0,-,1,0.33,5,1,0,1,25.0,14,5,4,50.0
2019-03-09,03,JTマーヴェラス,3,,小川杏奈,0,nan,nan,nan,nan,nan,0,0,0,,,-,0,0,0,-,0,-,0,0,0,0,-,0,0,0,-
2019-03-09,03,JTマーヴェラス,4,,橘井友香,5,□,□,□,□,□,0,0,0,,,-,0,0,0,-,0,-,7,0,0,0,0.0,0,0,0,-
2019-03-09,03,JTマーヴェラス,5,,柴田真果,2,nan,nan,nan,□,□,0,0,0,,,-,0,0,0,-,0,-,3,0,0,0,0.0,0,0,0,-
2019-03-09,03,JTマーヴェラス,6,,田中瑞稀,5,■,■,■,■,■,50,17,0,0.34,0.34,3.40,5,2,0,40.0,0,-,17,3,0,4,23.5,33,11,11,50.0
2019-03-09,03,JTマーヴェラス,7,,田中美咲,5,■,■,■,■,■,0,0,0,,,-,0,0,0,-,0,-,21,1,0,5,10.7,0,0,0,-
2019-03-09,03,JTマーヴェラス,8,,カムンタラーケオカラヤー,5,■,■,■,■,■,19,6,4,0.3157894736842105,0.10526315789473684,1.20,0,0,0,-,1,0.20,9,0,1,1,0.0,0,0,0,-
2019-03-09,03,JTマーヴェラス,9,,ミハイロヴィッチブランキツァ,5,■,■,■,■,■,74,33,8,0.44594594594594594,0.33783783783783783,6.60,20,8,5,40.0,2,0.40,11,2,1,6,29.5,0,0,0,-
2019-03-09,03,JTマーヴェラス,10,,栗原恵,1,nan,nan,nan,□,nan,0,0,0,,,-,0,0,0,-,0,-,0,0,0,0,-,0,0,0,-
2019-03-09,03,JTマーヴェラス,11,,目黒優佳,5,□,□,■,■,■,14,1,0,0.07142857142857142,0.07142857142857142,0.20,0,0,0,-,1,0.20,15,1,1,4,11.7,21,16,3,83.3
2019-03-09,03,JTマーヴェラス,14,,ヒックマンジャスティス,1,□,nan,nan,nan,nan,0,0,0,,,-,0,0,0,-,0,-,0,0,0,0,-,0,0,0,-
2019-03-09,03,JTマーヴェラス,15,L,小幡真子,5,●,●,●,●,●,0,0,0,,,-,0,0,0,-,0,-,0,0,0,0,-,24,16,5,77.1
2019-03-09,03,JTマーヴェラス,16,,山本美沙,0,nan,nan,nan,nan,nan,0,0,0,,,-,0,0,0,-,0,-,0,0,0,0,-,0,0,0,-
2019-03-09,03,デンソーエアリービーズ,1,,中元南,0,nan,nan,nan,nan,nan,0,0,0,,,-,0,0,0,-,0,-,0,0,0,0,-,0,0,0,-
2019-03-09,03,デンソーエアリービーズ,3,,朝日優衣,5,■,■,■,■,■,44,17,2,0.38636363636363635,0.3409090909090909,3.40,1,0,0,0.0,2,0.40,12,0,3,2,-2.1,32,16,4,56.2
2019-03-09,03,デンソーエアリービーズ,5,,大竹里歩,1,nan,nan,□,nan,nan,1,0,0,0.0,0.0,-,0,0,0,-,0,-,0,0,0,0,-,0,0,0,-
2019-03-09,03,デンソーエアリービーズ,6,,鈴木裕子,1,nan,nan,nan,□,nan,0,0,0,,,-,0,0,0,-,0,-,1,0,0,0,0.0,0,0,0,-
2019-03-09,03,デンソーエアリービーズ,7,,早坂梢依,0,nan,nan,nan,nan,nan,0,0,0,,,-,0,0,0,-,0,-,0,0,0,0,-,0,0,0,-
2019-03-09,03,デンソーエアリービーズ,8,,田原愛里,5,■,■,■,■,■,1,0,0,0.0,0.0,-,0,0,0,-,1,0.20,15,0,1,4,5.0,0,0,0,-
2019-03-09,03,デンソーエアリービーズ,9,L,小口樹葉,5,●,●,●,●,●,0,0,0,,,-,0,0,0,-,0,-,0,0,0,0,-,21,11,8,71.4
2019-03-09,03,デンソーエアリービーズ,10,L,中川千世,5,〇,〇,〇,〇,〇,0,0,0,,,-,0,0,0,-,0,-,0,0,0,0,-,0,0,0,-
2019-03-09,03,デンソーエアリービーズ,15,,鍋谷友理枝,5,■,■,■,■,■,45,15,1,0.3333333333333333,0.3111111111111111,3.00,2,0,1,0.0,1,0.20,24,0,2,6,4.2,33,16,9,62.1
2019-03-09,03,デンソーエアリービーズ,17,,野村明日香,5,■,■,■,■,■,10,5,1,0.5,0.4,1.00,0,0,0,-,0,-,20,1,1,5,10.0,1,0,1,50.0
2019-03-09,03,デンソーエアリービーズ,18,,シニアードジャック,5,■,■,■,■,■,38,20,1,0.5263157894736842,0.5,4.00,0,0,0,-,2,0.40,10,1,1,1,10.0,0,0,0,-
2019-03-09,03,デンソーエアリービーズ,21,,工藤嶺,1,nan,nan,□,nan,nan,5,1,1,0.2,0.0,1.00,0,0,0,-,0,-,0,0,0,0,-,3,0,2,33.3
2019-03-09,03,デンソーエアリービーズ,22,,石田瑞穂,5,■,■,■,■,■,39,17,2,0.4358974358974359,0.38461538461538464,3.40,4,0,0,0.0,0,-,19,2,2,3,11.8,3,2,1,83.3
2019-03-09,03,デンソーエアリービーズ,24,,兵頭由希,2,nan,□,nan,□,nan,0,0,0,,,-,0,0,0,-,0,-,4,0,0,0,0.0,0,0,0,-
2019-03-09,03,埼玉上尾メディックス,3,,サンティアゴアライジャダフニ,5,■,■,■,■,■,25,13,2,0.52,0.44,2.60,0,0,0,-,3,0.60,19,0,1,4,3.9,0,0,0,-
2019-03-09,03,埼玉上尾メディックス,7,L,山岸あかね,5,●,●,●,●,●,0,0,0,,,-,0,0,0,-,0,-,0,0,0,0,-,17,14,1,85.3
2019-03-09,03,埼玉上尾メディックス,8,,松本亜弥華,2,nan,nan,□,nan,□,0,0,0,,,-,0,0,0,-,0,-,0,0,0,0,-,0,0,0,-
2019-03-09,03,埼玉上尾メディックス,11,,青柳京古,5,■,■,■,■,■,16,4,0,0.25,0.25,0.80,0,0,0,-,2,0.40,20,0,0,5,6.2,1,1,0,100.0
2019-03-09,03,埼玉上尾メディックス,13,,井上美咲,5,■,■,■,■,■,4,1,0,0.25,0.25,0.20,0,0,0,-,0,-,15,1,2,4,10.0,0,0,0,-
2019-03-09,03,埼玉上尾メディックス,17,,シュシュニャルカタリナ,5,■,■,■,■,■,50,24,3,0.48,0.42,4.80,16,7,0,43.8,4,0.80,15,1,3,2,5.0,0,0,0,-
2019-03-09,03,埼玉上尾メディックス,19,,荒木夕貴,1,nan,nan,□,nan,nan,1,0,0,0.0,0.0,-,0,0,0,-,0,-,0,0,0,0,-,0,0,0,-
2019-03-09,03,埼玉上尾メディックス,20,,丸山裕子,1,nan,nan,nan,nan,□,4,1,1,0.25,0.0,1.00,0,0,0,-,0,-,1,0,0,0,0.0,0,0,0,-
2019-03-09,03,埼玉上尾メディックス,23,,大室璃紗,3,□,□,nan,nan,□,0,0,0,,,-,0,0,0,-,0,-,0,0,0,0,-,1,0,0,0.0
2019-03-09,03,埼玉上尾メディックス,24,,山口珠李,0,nan,nan,nan,nan,nan,0,0,0,,,-,0,0,0,-,0,-,0,0,0,0,-,0,0,0,-
2019-03-09,03,埼玉上尾メディックス,25,,山崎のの花,2,nan,nan,□,nan,□,0,0,0,,,-,0,0,0,-,0,-,1,0,0,0,0.0,0,0,0,-
2019-03-09,03,埼玉上尾メディックス,26,,堀江美志,5,■,■,■,■,■,32,11,2,0.34375,0.28125,2.20,5,2,1,40.0,1,0.20,10,0,0,1,2.5,32,14,6,53.1
2019-03-09,03,埼玉上尾メディックス,27,,椎名真子,1,nan,nan,nan,□,nan,3,1,1,0.3333333333333333,0.0,1.00,0,0,0,-,0,-,2,0,1,0,-12.5,5,3,1,70.0
2019-03-09,03,埼玉上尾メディックス,29,,吉野優理,5,■,■,■,■,■,34,13,3,0.38235294117647056,0.29411764705882354,2.60,2,0,0,0.0,2,0.40,18,1,0,3,9.7,34,21,6,70.6
2019-03-09,03,日立リヴァーレ,1,,間橋香織,3,□,□,nan,nan,□,7,2,0,0.2857142857142857,0.2857142857142857,0.67,0,0,0,-,0,-,0,0,0,0,-,0,0,0,-
2019-03-09,03,日立リヴァーレ,2,,小野寺友香,2,nan,nan,□,□,nan,0,0,0,,,-,0,0,0,-,0,-,1,0,0,0,0.0,0,0,0,-
2019-03-09,03,日立リヴァーレ,3,,堀井有蘭,2,■,■,nan,nan,nan,2,1,0,0.5,0.5,0.50,0,0,0,-,0,-,6,0,0,0,0.0,5,3,1,70.0
2019-03-09,03,日立リヴァーレ,6,,芳賀舞波,4,nan,□,■,■,■,6,3,1,0.5,0.3333333333333333,0.75,0,0,0,-,2,0.50,10,0,0,1,2.5,0,0,0,-
2019-03-09,03,日立リヴァーレ,7,,齋藤加奈子,4,nan,□,□,□,□,0,0,0,,,-,0,0,0,-,0,-,0,0,0,0,-,5,3,1,70.0
2019-03-09,03,日立リヴァーレ,8,,佐藤美弥,5,■,■,■,■,■,4,1,0,0.25,0.25,0.20,0,0,0,-,1,0.20,13,0,2,2,0.0,0,0,0,-
2019-03-09,03,日立リヴァーレ,9,,渡邊久惠,4,■,nan,■,■,■,51,17,3,0.3333333333333333,0.27450980392156865,4.25,8,3,1,37.5,0,-,10,0,1,2,2.5,0,0,0,-
2019-03-09,03,日立リヴァーレ,10,L,小池杏菜,5,●,●,●,●,●,0,0,0,,,-,0,0,0,-,0,-,0,0,0,0,-,16,4,7,46.9
2019-03-09,03,日立リヴァーレ,12,,遠井萌仁,0,nan,nan,nan,nan,nan,0,0,0,,,-,0,0,0,-,0,-,0,0,0,0,-,0,0,0,-
2019-03-09,03,日立リヴァーレ,13,,長内美和子,5,■,■,■,■,■,36,12,1,0.3333333333333333,0.3055555555555556,2.40,1,0,0,0.0,2,0.40,22,1,0,7,12.5,30,19,5,71.7
2019-03-09,03,日立リヴァーレ,15,,土井さくら,1,□,nan,nan,nan,nan,0,0,0,,,-,0,0,0,-,0,-,1,0,0,3,75.0,0,0,0,-
2019-03-09,03,日立リヴァーレ,18,,上坂瑠子,2,□,■,nan,nan,nan,22,5,2,0.22727272727272727,0.13636363636363635,2.50,1,0,1,0.0,0,-,3,0,1,0,-8.3,0,0,0,-
2019-03-09,03,日立リヴァーレ,19,,窪田美侑,5,■,■,■,■,■,30,16,2,0.5333333333333333,0.4666666666666667,3.20,0,0,0,-,2,0.40,16,0,1,3,3.1,37,20,10,67.6
2019-03-09,03,日立リヴァーレ,20,,入澤まい,5,■,■,■,■,■,22,9,1,0.4090909090909091,0.36363636363636365,1.80,0,0,0,-,4,0.80,16,1,2,6,12.5,0,0,0,-
2019-03-10,03,久光製薬スプリングス,2,,古藤千鶴,4,■,■,■,■,nan,0,0,0,,,-,0,0,0,-,3,0.75,19,0,0,11,14.5,0,0,0,-
2019-03-10,03,久光製薬スプリングス,3,,新鍋理沙,4,■,■,■,■,nan,20,10,1,0.5,0.45,2.50,0,0,0,-,4,1.00,14,2,0,7,26.8,13,8,4,76.9
2019-03-10,03,久光製薬スプリングス,4,,岩坂名奈,4,■,■,■,■,nan,14,3,2,0.21428571428571427,0.07142857142857142,0.75,0,0,0,-,5,1.25,11,0,0,5,11.4,0,0,0,-
2019-03-10,03,久光製薬スプリングス,6,,石井優希,4,■,■,■,■,nan,72,25,2,0.3472222222222222,0.3194444444444444,6.25,6,3,1,50.0,0,-,22,1,1,10,14.8,38,18,7,56.6
2019-03-10,03,久光製薬スプリングス,8,,野本梨佳,4,■,■,■,■,nan,45,18,2,0.4,0.35555555555555557,4.50,1,0,0,0.0,0,-,15,0,1,4,5.0,9,2,3,38.9
2019-03-10,03,久光製薬スプリングス,10,L,座安琴希,0,nan,nan,nan,nan,nan,0,0,0,,,-,0,0,0,-,0,-,0,0,0,0,-,0,0,0,-
2019-03-10,03,久光製薬スプリングス,11,,栄絵里香,0,nan,nan,nan,nan,nan,0,0,0,,,-,0,0,0,-,0,-,0,0,0,0,-,0,0,0,-
2019-03-10,03,久光製薬スプリングス,12,,今村優香,0,nan,nan,nan,nan,nan,0,0,0,,,-,0,0,0,-,0,-,0,0,0,0,-,0,0,0,-
2019-03-10,03,久光製薬スプリングス,14,,森谷史佳,0,nan,nan,nan,nan,nan,0,0,0,,,-,0,0,0,-,0,-,0,0,0,0,-,0,0,0,-
2019-03-10,03,久光製薬スプリングス,16,,アキンラデウォフォルケ,4,■,■,■,■,nan,17,10,1,0.5882352941176471,0.5294117647058824,2.50,0,0,0,-,0,-,11,0,0,4,9.1,0,0,0,-
2019-03-10,03,久光製薬スプリングス,18,L,戸江真奈,4,●,●,●,●,nan,0,0,0,,,-,0,0,0,-,0,-,0,0,0,0,-,8,2,3,43.8
2019-03-10,03,久光製薬スプリングス,20,,筒井さやか,4,□,□,□,□,nan,0,0,0,,,-,0,0,0,-,0,-,0,0,0,0,-,4,1,0,25.0
2019-03-10,03,久光製薬スプリングス,22,,井上愛里沙,1,nan,nan,□,nan,nan,0,0,0,,,-,0,0,0,-,0,-,0,0,0,0,-,0,0,0,-
2019-03-10,03,久光製薬スプリングス,25,,加藤光,4,□,□,□,□,nan,0,0,0,,,-,0,0,0,-,0,-,5,1,0,1,25.0,0,0,0,-
2019-03-10,03,日立リヴァーレ,1,,間橋香織,2,nan,nan,□,□,nan,1,0,0,0.0,0.0,-,0,0,0,-,0,-,0,0,0,0,-,1,1,0,100.0
2019-03-10,03,日立リヴァーレ,2,,小野寺友香,1,nan,nan,nan,□,nan,0,0,0,,,-,0,0,0,-,0,-,1,0,0,0,0.0,0,0,0,-
2019-03-10,03,日立リヴァーレ,3,,堀井有蘭,0,nan,nan,nan,nan,nan,0,0,0,,,-,0,0,0,-,0,-,0,0,0,0,-,0,0,0,-
2019-03-10,03,日立リヴァーレ,6,,芳賀舞波,4,■,■,■,■,nan,9,1,0,0.1111111111111111,0.1111111111111111,0.25,0,0,0,-,0,-,10,0,0,2,5.0,1,0,0,0.0
2019-03-10,03,日立リヴァーレ,7,,齋藤加奈子,3,□,nan,□,□,nan,0,0,0,,,-,0,0,0,-,0,-,0,0,0,0,-,5,2,2,60.0
2019-03-10,03,日立リヴァーレ,8,,佐藤美弥,4,■,■,■,■,nan,2,2,0,1.0,1.0,0.50,0,0,0,-,1,0.25,15,0,1,6,8.3,0,0,0,-
2019-03-10,03,日立リヴァーレ,9,,渡邊久惠,4,■,■,■,■,nan,69,21,1,0.30434782608695654,0.2898550724637681,5.25,6,1,0,16.7,0,-,12,0,0,4,8.3,0,0,0,-
2019-03-10,03,日立リヴァーレ,10,L,小池杏菜,4,●,●,●,●,nan,0,0,0,,,-,0,0,0,-,0,-,0,0,0,0,-,11,1,5,31.8
2019-03-10,03,日立リヴァーレ,12,,遠井萌仁,0,nan,nan,nan,nan,nan,0,0,0,,,-,0,0,0,-,0,-,0,0,0,0,-,0,0,0,-
2019-03-10,03,日立リヴァーレ,13,,長内美和子,4,■,■,■,■,nan,55,25,4,0.45454545454545453,0.38181818181818183,6.25,1,0,0,0.0,0,-,14,0,4,2,-3.6,36,9,5,31.9
2019-03-10,03,日立リヴァーレ,15,,土井さくら,3,□,□,□,nan,nan,0,0,0,,,-,0,0,0,-,0,-,3,0,0,1,8.3,0,0,0,-
2019-03-10,03,日立リヴァーレ,18,,上坂瑠子,1,nan,□,nan,nan,nan,8,2,0,0.25,0.25,2.00,1,0,0,0.0,0,-,2,1,0,0,50.0,6,0,1,8.3
2019-03-10,03,日立リヴァーレ,19,,窪田美侑,4,■,■,■,■,nan,23,8,0,0.34782608695652173,0.34782608695652173,2.00,0,0,0,-,0,-,17,1,2,5,10.3,34,12,11,51.5
2019-03-10,03,日立リヴァーレ,20,,入澤まい,4,■,■,■,■,nan,18,5,2,0.2777777777777778,0.16666666666666666,1.25,0,0,0,-,3,0.75,9,2,2,2,22.2,0,0,0,-
2019-03-10,03,NECレッドロケッツ,1,,島村春世,4,■,■,■,■,nan,16,7,2,0.4375,0.3125,1.75,0,0,0,-,0,-,6,0,0,0,0.0,1,0,0,0.0
2019-03-10,03,NECレッドロケッツ,2,,古賀紗理那,4,■,■,■,■,nan,25,8,0,0.32,0.32,2.00,3,1,0,33.3,0,-,19,1,1,4,9.2,15,10,2,73.3
2019-03-10,03,NECレッドロケッツ,3,,塚田しおり,2,nan,■,■,nan,nan,0,0,0,,,-,0,0,0,-,1,0.50,4,0,0,1,6.2,0,0,0,-
2019-03-10,03,NECレッドロケッツ,4,,柳田光綺,4,■,■,■,■,nan,41,14,1,0.34146341463414637,0.3170731707317073,3.50,3,0,0,0.0,3,0.75,8,0,4,0,-12.5,46,20,6,50.0
2019-03-10,03,NECレッドロケッツ,5,,大野果奈,1,nan,nan,nan,□,nan,1,0,0,0.0,0.0,-,0,0,0,-,0,-,1,0,0,0,0.0,0,0,0,-
2019-03-10,03,NECレッドロケッツ,6,,上野香織,0,nan,nan,nan,nan,nan,0,0,0,,,-,0,0,0,-,0,-,0,0,0,0,-,0,0,0,-
2019-03-10,03,NECレッドロケッツ,7,,山口かなめ,4,■,□,□,■,nan,3,1,1,0.3333333333333333,0.0,0.25,0,0,0,-,1,0.25,5,0,1,0,-5.0,0,0,0,-
2019-03-10,03,NECレッドロケッツ,9,,廣瀬七海,4,■,■,■,■,nan,25,10,3,0.4,0.28,2.50,7,3,1,42.9,3,0.75,15,0,5,3,-3.3,0,0,0,-
2019-03-10,03,NECレッドロケッツ,10,L,岩崎紗也加,4,●,●,●,●,nan,0,0,0,,,-,0,0,0,-,0,-,0,0,0,0,-,17,11,3,73.5
2019-03-10,03,NECレッドロケッツ,11,,篠原沙耶香,3,□,□,nan,□,nan,0,0,0,,,-,0,0,0,-,0,-,4,0,0,0,0.0,0,0,0,-
2019-03-10,03,NECレッドロケッツ,14,,荒谷栞,0,nan,nan,nan,nan,nan,0,0,0,,,-,0,0,0,-,0,-,0,0,0,0,-,0,0,0,-
2019-03-10,03,NECレッドロケッツ,15,,アルハッサンラーマット,4,■,■,■,■,nan,18,8,0,0.4444444444444444,0.4444444444444444,2.00,0,0,0,-,2,0.50,15,0,1,2,1.7,0,0,0,-
2019-03-10,03,NECレッドロケッツ,16,,小島満菜美,4,□,□,□,□,nan,0,0,0,,,-,0,0,0,-,0,-,0,0,0,0,-,9,6,1,72.2
2019-03-10,03,NECレッドロケッツ,18,,古谷ちなみ,0,nan,nan,nan,nan,nan,0,0,0,,,-,0,0,0,-,0,-,0,0,0,0,-,0,0,0,-
2019-03-10,03,JTマーヴェラス,1,,芥川愛加,4,■,■,■,■,nan,18,12,0,0.6666666666666666,0.6666666666666666,3.00,0,0,0,-,3,0.75,20,4,1,6,26.2,0,0,0,-
2019-03-10,03,JTマーヴェラス,2,,林琴奈,4,■,■,■,■,nan,22,9,1,0.4090909090909091,0.36363636363636365,2.25,0,0,0,-,1,0.25,7,0,2,2,0.0,23,18,2,82.6
2019-03-10,03,JTマーヴェラス,3,,小川杏奈,0,nan,nan,nan,nan,nan,0,0,0,,,-,0,0,0,-,0,-,0,0,0,0,-,0,0,0,-
2019-03-10,03,JTマーヴェラス,4,,橘井友香,4,□,□,□,□,nan,0,0,0,,,-,0,0,0,-,0,-,6,1,0,2,25.0,0,0,0,-
2019-03-10,03,JTマーヴェラス,5,,柴田真果,0,nan,nan,nan,nan,nan,0,0,0,,,-,0,0,0,-,0,-,0,0,0,0,-,0,0,0,-
2019-03-10,03,JTマーヴェラス,6,,田中瑞稀,4,■,■,■,■,nan,25,11,1,0.44,0.4,2.75,6,3,1,50.0,0,-,15,0,1,5,6.7,23,18,1,80.4
2019-03-10,03,JTマーヴェラス,7,,田中美咲,4,■,■,■,■,nan,2,2,0,1.0,1.0,0.50,0,0,0,-,0,-,16,0,0,6,9.4,0,0,0,-
2019-03-10,03,JTマーヴェラス,8,,カムンタラーケオカラヤー,4,■,■,■,■,nan,10,3,0,0.3,0.3,0.75,0,0,0,-,3,0.75,8,0,1,2,3.1,0,0,0,-
2019-03-10,03,JTマーヴェラス,9,,ミハイロヴィッチブランキツァ,4,■,■,■,■,nan,51,19,7,0.37254901960784315,0.23529411764705882,4.75,6,2,1,33.3,0,-,17,2,1,5,17.6,0,0,0,-
2019-03-10,03,JTマーヴェラス,10,,栗原恵,0,nan,nan,nan,nan,nan,0,0,0,,,-,0,0,0,-,0,-,0,0,0,0,-,0,0,0,-
2019-03-10,03,JTマーヴェラス,11,,目黒優佳,4,□,□,□,□,nan,0,0,0,,,-,0,0,0,-,0,-,5,0,0,1,5.0,7,6,1,92.9
2019-03-10,03,JTマーヴェラス,14,,ヒックマンジャスティス,2,nan,□,nan,□,nan,0,0,0,,,-,0,0,0,-,0,-,1,0,0,0,0.0,4,3,1,87.5
2019-03-10,03,JTマーヴェラス,15,L,小幡真子,4,●,●,●,●,nan,0,0,0,,,-,0,0,0,-,0,-,0,0,0,0,-,8,5,0,62.5
2019-03-10,03,JTマーヴェラス,16,,山本美沙,1,□,nan,nan,nan,nan,0,0,0,,,-,0,0,0,-,0,-,1,0,0,0,0.0,0,0,0,-
2019-03-10,03,デンソーエアリービーズ,1,,中元南,4,■,■,■,■,nan,45,19,3,0.4222222222222222,0.35555555555555557,4.75,4,1,1,25.0,0,-,10,0,1,3,5.0,0,0,0,-
2019-03-10,03,デンソーエアリービーズ,3,,朝日優衣,3,nan,□,□,■,nan,17,5,1,0.29411764705882354,0.23529411764705882,1.67,1,0,0,0.0,0,-,2,0,0,0,0.0,14,8,1,60.7
2019-03-10,03,デンソーエアリービーズ,5,,大竹里歩,4,□,□,■,■,nan,7,0,1,0.0,-0.14285714285714285,-,0,0,0,-,1,0.25,6,0,0,1,4.2,1,1,0,100.0
2019-03-10,03,デンソーエアリービーズ,6,,鈴木裕子,1,□,nan,nan,nan,nan,0,0,0,,,-,0,0,0,-,0,-,1,0,0,0,0.0,0,0,0,-
2019-03-10,03,デンソーエアリービーズ,7,,早坂梢依,2,nan,nan,□,■,nan,1,1,0,1.0,1.0,0.50,0,0,0,-,0,-,3,0,1,0,-8.3,0,0,0,-
2019-03-10,03,デンソーエアリービーズ,8,,田原愛里,4,■,■,■,□,nan,1,0,0,0.0,0.0,-,0,0,0,-,1,0.25,9,0,2,0,-5.6,0,0,0,-
2019-03-10,03,デンソーエアリービーズ,9,L,小口樹葉,4,●,●,●,●,nan,0,0,0,,,-,0,0,0,-,0,-,0,0,0,0,-,20,11,2,60.0
2019-03-10,03,デンソーエアリービーズ,10,L,中川千世,4,〇,〇,〇,〇,nan,0,0,0,,,-,0,0,0,-,0,-,0,0,0,0,-,0,0,0,-
2019-03-10,03,デンソーエアリービーズ,15,,鍋谷友理枝,4,■,■,■,□,nan,34,10,1,0.29411764705882354,0.2647058823529412,2.50,5,1,0,20.0,1,0.25,12,0,2,3,2.1,23,17,0,73.9
2019-03-10,03,デンソーエアリービーズ,17,,野村明日香,2,■,■,nan,nan,nan,8,1,0,0.125,0.125,0.50,0,0,0,-,1,0.50,5,0,1,1,0.0,1,0,0,0.0
2019-03-10,03,デンソーエアリービーズ,18,,シニアードジャック,4,■,■,■,■,nan,30,11,2,0.36666666666666664,0.3,2.75,0,0,0,-,2,0.50,7,1,1,2,17.9,0,0,0,-
2019-03-10,03,デンソーエアリービーズ,21,,工藤嶺,4,■,■,■,■,nan,42,12,4,0.2857142857142857,0.19047619047619047,3.00,3,2,0,66.7,0,-,20,1,0,3,8.8,30,18,4,66.7
2019-03-10,03,デンソーエアリービーズ,22,,石田瑞穂,0,nan,nan,nan,nan,nan,0,0,0,,,-,0,0,0,-,0,-,0,0,0,0,-,0,0,0,-
2019-03-10,03,デンソーエアリービーズ,24,,兵頭由希,2,nan,□,nan,□,nan,0,0,0,,,-,0,0,0,-,0,-,2,0,1,0,-12.5,0,0,0,-
2019-03-10,03,トヨタ車体クインシーズ,2,L,佐藤澪,4,〇,〇,〇,〇,nan,0,0,0,,,-,0,0,0,-,0,-,0,0,0,0,-,0,0,0,-
2019-03-10,03,トヨタ車体クインシーズ,3,,高橋沙織,0,nan,nan,nan,nan,nan,0,0,0,,,-,0,0,0,-,0,-,0,0,0,0,-,0,0,0,-
2019-03-10,03,トヨタ車体クインシーズ,4,,比金桃子,0,nan,nan,nan,nan,nan,0,0,0,,,-,0,0,0,-,0,-,0,0,0,0,-,0,0,0,-
2019-03-10,03,トヨタ車体クインシーズ,5,,内瀬戸真実,4,■,■,■,■,nan,33,13,0,0.3939393939393939,0.3939393939393939,3.25,1,0,0,0.0,4,1.00,13,0,1,1,0.0,21,15,3,78.6
2019-03-10,03,トヨタ車体クインシーズ,6,,村永奈央,4,■,■,■,■,nan,22,7,0,0.3181818181818182,0.3181818181818182,1.75,2,0,0,0.0,2,0.50,18,3,0,5,23.6,35,24,4,74.3
2019-03-10,03,トヨタ車体クインシーズ,8,L,榊原美沙都,4,●,●,●,●,nan,0,0,0,,,-,0,0,0,-,0,-,0,0,0,0,-,5,3,0,60.0
2019-03-10,03,トヨタ車体クインシーズ,10,,小田桃香,0,nan,nan,nan,nan,nan,0,0,0,,,-,0,0,0,-,0,-,0,0,0,0,-,0,0,0,-
2019-03-10,03,トヨタ車体クインシーズ,11,,荒木絵里香,4,■,■,■,■,nan,12,3,0,0.25,0.25,0.75,0,0,0,-,3,0.75,15,1,2,3,8.3,0,0,0,-
2019-03-10,03,トヨタ車体クインシーズ,12,,渡邊彩,4,■,■,■,■,nan,17,3,0,0.17647058823529413,0.17647058823529413,0.75,0,0,0,-,3,0.75,12,0,2,6,8.3,0,0,0,-
2019-03-10,03,トヨタ車体クインシーズ,13,,オズソイネリマン,4,■,■,■,■,nan,53,27,2,0.5094339622641509,0.4716981132075472,6.75,21,10,2,47.6,2,0.50,13,0,0,4,7.7,0,0,0,-
2019-03-10,03,トヨタ車体クインシーズ,14,,金本望,1,nan,nan,nan,□,nan,1,0,0,0.0,0.0,-,0,0,0,-,0,-,2,0,1,0,-12.5,2,1,0,50.0
2019-03-10,03,トヨタ車体クインシーズ,15,,杉郁香,0,nan,nan,nan,nan,nan,0,0,0,,,-,0,0,0,-,0,-,0,0,0,0,-,0,0,0,-
2019-03-10,03,トヨタ車体クインシーズ,17,,藪田美穂子,1,nan,□,nan,nan,nan,0,0,0,,,-,0,0,0,-,0,-,2,0,0,1,12.5,3,3,0,100.0
2019-03-10,03,トヨタ車体クインシーズ,18,,山上有紀,4,■,■,■,■,nan,2,0,0,0.0,0.0,-,0,0,0,-,0,-,20,2,0,4,15.0,0,0,0,-
2019-03-10,03,埼玉上尾メディックス,3,,サンティアゴアライジャダフニ,3,■,■,■,nan,nan,13,7,1,0.5384615384615384,0.46153846153846156,2.33,0,0,0,-,0,-,11,0,1,4,6.8,0,0,0,-
2019-03-10,03,埼玉上尾メディックス,7,L,山岸あかね,3,●,●,●,nan,nan,0,0,0,,,-,0,0,0,-,0,-,0,0,0,0,-,14,7,1,53.6
2019-03-10,03,埼玉上尾メディックス,8,,松本亜弥華,0,nan,nan,nan,nan,nan,0,0,0,,,-,0,0,0,-,0,-,0,0,0,0,-,0,0,0,-
2019-03-10,03,埼玉上尾メディックス,9,,三浦茉実,3,■,■,□,nan,nan,3,1,0,0.3333333333333333,0.3333333333333333,0.33,0,0,0,-,0,-,7,0,0,1,3.6,1,1,0,100.0
2019-03-10,03,埼玉上尾メディックス,11,,青柳京古,2,nan,□,■,nan,nan,4,3,0,0.75,0.75,1.50,0,0,0,-,0,-,6,0,0,1,4.2,0,0,0,-
2019-03-10,03,埼玉上尾メディックス,13,,井上美咲,3,■,■,■,nan,nan,0,0,0,,,-,0,0,0,-,0,-,11,1,2,3,11.4,0,0,0,-
2019-03-10,03,埼玉上尾メディックス,17,,シュシュニャルカタリナ,3,■,■,■,nan,nan,42,15,2,0.35714285714285715,0.30952380952380953,5.00,15,7,2,46.7,1,0.33,8,2,0,0,25.0,0,0,0,-
2019-03-10,03,埼玉上尾メディックス,19,,荒木夕貴,1,■,nan,nan,nan,nan,7,1,0,0.14285714285714285,0.14285714285714285,1.00,0,0,0,-,0,-,0,0,0,0,-,8,6,0,75.0
2019-03-10,03,埼玉上尾メディックス,23,,大室璃紗,2,□,nan,□,nan,nan,0,0,0,,,-,0,0,0,-,0,-,0,0,0,0,-,3,2,1,83.3
2019-03-10,03,埼玉上尾メディックス,24,,山口珠李,2,□,□,nan,nan,nan,7,4,0,0.5714285714285714,0.5714285714285714,2.00,1,0,0,0.0,0,-,2,0,0,0,0.0,1,0,1,50.0
2019-03-10,03,埼玉上尾メディックス,25,,山崎のの花,0,nan,nan,nan,nan,nan,0,0,0,,,-,0,0,0,-,0,-,0,0,0,0,-,0,0,0,-
2019-03-10,03,埼玉上尾メディックス,26,,堀江美志,3,□,■,■,nan,nan,18,7,0,0.3888888888888889,0.3888888888888889,2.33,3,1,0,33.3,0,-,8,0,1,0,-3.1,22,13,2,63.6
2019-03-10,03,埼玉上尾メディックス,28,,岩澤実育,2,nan,□,□,nan,nan,0,0,0,,,-,0,0,0,-,0,-,0,0,0,0,-,1,0,1,50.0
2019-03-10,03,埼玉上尾メディックス,29,,吉野優理,3,■,■,■,nan,nan,23,7,1,0.30434782608695654,0.2608695652173913,2.33,2,0,0,0.0,1,0.33,10,0,0,1,2.5,18,11,4,72.2
2019-03-10,03,東レアローズ,1,,井上奈々朱,3,■,■,■,nan,nan,14,8,0,0.5714285714285714,0.5714285714285714,2.67,0,0,0,-,4,1.33,9,0,0,1,2.8,1,1,0,100.0
2019-03-10,03,東レアローズ,2,,堀川真理,1,nan,□,nan,nan,nan,0,0,0,,,-,0,0,0,-,0,-,1,0,1,0,-25.0,0,0,0,-
2019-03-10,03,東レアローズ,3,,大野果歩,3,■,■,■,nan,nan,13,7,0,0.5384615384615384,0.5384615384615384,2.33,0,0,0,-,2,0.67,3,0,0,0,0.0,0,0,0,-
2019-03-10,03,東レアローズ,6,,杉原若葉,2,nan,□,□,nan,nan,0,0,0,,,-,0,0,0,-,0,-,3,0,0,2,16.7,0,0,0,-
2019-03-10,03,東レアローズ,7,,クランヤナ,3,■,■,■,nan,nan,36,17,2,0.4722222222222222,0.4166666666666667,5.67,5,3,1,60.0,5,1.67,9,0,1,2,2.8,0,0,0,-
2019-03-10,03,東レアローズ,8,,白井美沙紀,3,□,□,□,nan,nan,0,0,0,,,-,0,0,0,-,0,-,6,0,0,2,8.3,0,0,0,-
2019-03-10,03,東レアローズ,9,,中田紫乃,3,■,■,■,nan,nan,15,8,1,0.5333333333333333,0.4666666666666667,2.67,1,1,0,100.0,2,0.67,16,3,1,4,23.4,20,17,0,85.0
2019-03-10,03,東レアローズ,10,,石川真奈,0,nan,nan,nan,nan,nan,0,0,0,,,-,0,0,0,-,0,-,0,0,0,0,-,0,0,0,-
2019-03-10,03,東レアローズ,11,L,中島未来,3,●,●,●,nan,nan,0,0,0,,,-,0,0,0,-,0,-,0,0,0,0,-,4,2,1,62.5
2019-03-10,03,東レアローズ,12,,小川愛里奈,0,nan,nan,nan,nan,nan,0,0,0,,,-,0,0,0,-,0,-,0,0,0,0,-,0,0,0,-
2019-03-10,03,東レアローズ,13,,黒後愛,3,■,■,■,nan,nan,32,7,2,0.21875,0.15625,2.33,2,0,0,0.0,2,0.67,9,0,1,1,0.0,21,17,0,81.0
2019-03-10,03,東レアローズ,14,,関菜々巳,3,■,■,■,nan,nan,1,1,0,1.0,1.0,0.33,0,0,0,-,0,-,17,0,0,5,7.4,0,0,0,-
2019-03-10,03,東レアローズ,15,L,水杉玲奈,3,〇,〇,〇,nan,nan,0,0,0,,,-,0,0,0,-,0,-,0,0,0,0,-,11,7,1,68.2
2019-03-10,03,東レアローズ,17,,石川真佑,0,nan,nan,nan,nan,nan,0,0,0,,,-,0,0,0,-,0,-,0,0,0,0,-,0,0,0,-
2019-03-16,03,NECレッドロケッツ,1,,島村春世,2,nan,■,■,nan,nan,15,8,0,0.5333333333333333,0.5333333333333333,4.00,0,0,0,-,1,0.50,4,0,0,0,0.0,0,0,0,-
2019-03-16,03,NECレッドロケッツ,2,,古賀紗理那,3,■,■,■,nan,nan,40,8,1,0.2,0.175,2.67,6,1,0,16.7,1,0.33,7,1,1,4,25.0,31,5,9,30.6
2019-03-16,03,NECレッドロケッツ,3,,塚田しおり,0,nan,nan,nan,nan,nan,0,0,0,,,-,0,0,0,-,0,-,0,0,0,0,-,0,0,0,-
2019-03-16,03,NECレッドロケッツ,4,,柳田光綺,3,■,■,■,nan,nan,26,8,2,0.3076923076923077,0.23076923076923078,2.67,4,1,0,25.0,0,-,11,0,1,5,9.1,18,5,6,44.4
2019-03-16,03,NECレッドロケッツ,5,,大野果奈,2,■,■,nan,nan,nan,8,2,0,0.25,0.25,1.00,0,0,0,-,0,-,5,0,0,1,5.0,0,0,0,-
2019-03-16,03,NECレッドロケッツ,6,,上野香織,1,nan,nan,■,nan,nan,4,2,0,0.5,0.5,2.00,0,0,0,-,0,-,2,0,1,0,-12.5,1,0,0,0.0
2019-03-16,03,NECレッドロケッツ,7,,山口かなめ,3,■,■,■,nan,nan,0,0,0,,,-,0,0,0,-,0,-,8,0,1,4,9.4,0,0,0,-
2019-03-16,03,NECレッドロケッツ,9,,廣瀬七海,2,nan,□,■,nan,nan,16,2,2,0.125,0.0,1.00,4,0,1,0.0,1,0.50,8,0,1,0,-3.1,0,0,0,-
2019-03-16,03,NECレッドロケッツ,10,L,岩崎紗也加,3,●,●,●,nan,nan,0,0,0,,,-,0,0,0,-,0,-,0,0,0,0,-,11,5,2,54.5
2019-03-16,03,NECレッドロケッツ,11,,篠原沙耶香,3,□,□,□,nan,nan,0,0,0,,,-,0,0,0,-,0,-,3,0,0,2,16.7,0,0,0,-
2019-03-16,03,NECレッドロケッツ,14,,荒谷栞,2,■,■,nan,nan,nan,18,3,0,0.16666666666666666,0.16666666666666666,1.50,3,0,0,0.0,0,-,4,0,0,2,12.5,0,0,0,-
2019-03-16,03,NECレッドロケッツ,15,,アルハッサンラーマット,1,■,nan,nan,nan,nan,7,2,1,0.2857142857142857,0.14285714285714285,2.00,0,0,0,-,0,-,3,0,1,0,-8.3,0,0,0,-
2019-03-16,03,NECレッドロケッツ,16,,小島満菜美,3,□,□,□,nan,nan,0,0,0,,,-,0,0,0,-,0,-,0,0,0,0,-,3,1,2,66.7
2019-03-16,03,NECレッドロケッツ,18,,古谷ちなみ,1,nan,nan,□,nan,nan,0,0,0,,,-,0,0,0,-,0,-,1,0,1,0,-25.0,0,0,0,-
2019-03-16,03,デンソーエアリービーズ,1,,中元南,0,nan,nan,nan,nan,nan,0,0,0,,,-,0,0,0,-,0,-,0,0,0,0,-,0,0,0,-
2019-03-16,03,デンソーエアリービーズ,2,,積山春花,0,nan,nan,nan,nan,nan,0,0,0,,,-,0,0,0,-,0,-,0,0,0,0,-,0,0,0,-
2019-03-16,03,デンソーエアリービーズ,3,,朝日優衣,3,■,■,■,nan,nan,40,16,2,0.4,0.35,5.33,2,0,1,0.0,0,-,12,1,1,6,18.8,22,7,7,47.7
2019-03-16,03,デンソーエアリービーズ,6,,鈴木裕子,0,nan,nan,nan,nan,nan,0,0,0,,,-,0,0,0,-,0,-,0,0,0,0,-,0,0,0,-
2019-03-16,03,デンソーエアリービーズ,8,,田原愛里,3,■,■,■,nan,nan,0,0,0,,,-,0,0,0,-,0,-,6,0,1,2,4.2,0,0,0,-
2019-03-16,03,デンソーエアリービーズ,9,L,小口樹葉,0,nan,nan,nan,nan,nan,0,0,0,,,-,0,0,0,-,0,-,0,0,0,0,-,0,0,0,-
2019-03-16,03,デンソーエアリービーズ,10,L,中川千世,3,●,●,●,nan,nan,0,0,0,,,-,0,0,0,-,0,-,0,0,0,0,-,16,3,3,28.1
2019-03-16,03,デンソーエアリービーズ,11,,山田美花,1,nan,nan,□,nan,nan,0,0,0,,,-,0,0,0,-,0,-,0,0,0,0,-,1,1,0,100.0
2019-03-16,03,デンソーエアリービーズ,15,,鍋谷友理枝,3,■,■,■,nan,nan,31,12,2,0.3870967741935484,0.3225806451612903,4.00,2,1,1,50.0,1,0.33,18,1,1,7,13.9,10,4,5,65.0
2019-03-16,03,デンソーエアリービーズ,17,,野村明日香,3,■,■,■,nan,nan,10,4,0,0.4,0.4,1.33,0,0,0,-,1,0.33,14,1,1,6,16.1,0,0,0,-
2019-03-16,03,デンソーエアリービーズ,18,,シニアードジャック,3,■,■,■,nan,nan,23,14,2,0.6086956521739131,0.5217391304347826,4.67,0,0,0,-,1,0.33,7,0,1,3,7.1,0,0,0,-
2019-03-16,03,デンソーエアリービーズ,21,,工藤嶺,0,nan,nan,nan,nan,nan,0,0,0,,,-,0,0,0,-,0,-,0,0,0,0,-,0,0,0,-
2019-03-16,03,デンソーエアリービーズ,22,,石田瑞穂,3,■,■,■,nan,nan,19,2,1,0.10526315789473684,0.05263157894736842,0.67,1,0,0,0.0,2,0.67,16,3,1,4,23.4,0,0,0,-
2019-03-16,03,デンソーエアリービーズ,24,,兵頭由希,1,nan,□,nan,nan,nan,0,0,0,,,-,0,0,0,-,0,-,1,0,0,0,0.0,0,0,0,-
2019-03-16,03,久光製薬スプリングス,2,,古藤千鶴,5,■,■,■,■,■,1,1,0,1.0,1.0,0.20,0,0,0,-,0,-,23,0,1,4,3.3,0,0,0,-
2019-03-16,03,久光製薬スプリングス,3,,新鍋理沙,5,■,■,■,■,■,24,7,1,0.2916666666666667,0.25,1.40,0,0,0,-,3,0.60,18,2,1,6,18.1,19,8,6,57.9
2019-03-16,03,久光製薬スプリングス,4,,岩坂名奈,5,■,■,■,■,■,14,6,1,0.42857142857142855,0.35714285714285715,1.20,0,0,0,-,6,1.20,11,0,0,4,9.1,0,0,0,-
2019-03-16,03,久光製薬スプリングス,6,,石井優希,5,■,■,■,■,■,61,27,2,0.4426229508196721,0.4098360655737705,5.40,8,1,0,12.5,0,-,25,1,0,8,12.0,11,4,2,45.5
2019-03-16,03,久光製薬スプリングス,8,,野本梨佳,5,■,■,■,■,■,60,16,2,0.26666666666666666,0.23333333333333334,3.20,4,1,1,25.0,2,0.40,10,0,1,1,0.0,13,5,4,53.8
2019-03-16,03,久光製薬スプリングス,10,L,座安琴希,0,nan,nan,nan,nan,nan,0,0,0,,,-,0,0,0,-,0,-,0,0,0,0,-,0,0,0,-
2019-03-16,03,久光製薬スプリングス,11,,栄絵里香,0,nan,nan,nan,nan,nan,0,0,0,,,-,0,0,0,-,0,-,0,0,0,0,-,0,0,0,-
2019-03-16,03,久光製薬スプリングス,12,,今村優香,0,nan,nan,nan,nan,nan,0,0,0,,,-,0,0,0,-,0,-,0,0,0,0,-,0,0,0,-
2019-03-16,03,久光製薬スプリングス,14,,森谷史佳,0,nan,nan,nan,nan,nan,0,0,0,,,-,0,0,0,-,0,-,0,0,0,0,-,0,0,0,-
2019-03-16,03,久光製薬スプリングス,16,,アキンラデウォフォルケ,5,■,■,■,■,■,19,11,2,0.5789473684210527,0.47368421052631576,2.20,0,0,0,-,5,1.00,12,0,0,6,12.5,2,1,1,75.0
2019-03-16,03,久光製薬スプリングス,18,L,戸江真奈,5,●,●,●,●,●,0,0,0,,,-,0,0,0,-,0,-,0,0,0,0,-,36,14,12,55.6
2019-03-16,03,久光製薬スプリングス,20,,筒井さやか,5,□,□,□,□,□,0,0,0,,,-,0,0,0,-,0,-,0,0,0,0,-,7,4,1,64.3
2019-03-16,03,久光製薬スプリングス,22,,井上愛里沙,0,nan,nan,nan,nan,nan,0,0,0,,,-,0,0,0,-,0,-,0,0,0,0,-,0,0,0,-
2019-03-16,03,久光製薬スプリングス,25,,加藤光,4,□,nan,□,□,□,0,0,0,,,-,0,0,0,-,0,-,9,1,0,3,19.4,0,0,0,-
2019-03-16,03,埼玉上尾メディックス,3,,サンティアゴアライジャダフニ,5,■,■,■,■,■,14,2,1,0.14285714285714285,0.07142857142857142,0.40,0,0,0,-,5,1.00,8,0,0,3,9.4,0,0,0,-
2019-03-16,03,埼玉上尾メディックス,7,L,山岸あかね,5,●,●,●,●,●,0,0,0,,,-,0,0,0,-,0,-,0,0,0,0,-,29,18,7,74.1
2019-03-16,03,埼玉上尾メディックス,8,,松本亜弥華,1,nan,□,nan,nan,nan,0,0,0,,,-,0,0,0,-,0,-,2,0,1,0,-12.5,0,0,0,-
2019-03-16,03,埼玉上尾メディックス,9,,三浦茉実,2,nan,nan,nan,□,■,2,1,0,0.5,0.5,0.50,0,0,0,-,0,-,3,0,0,0,0.0,0,0,0,-
2019-03-16,03,埼玉上尾メディックス,11,,青柳京古,4,■,■,■,■,nan,8,2,0,0.25,0.25,0.50,0,0,0,-,0,-,7,0,2,2,0.0,0,0,0,-
2019-03-16,03,埼玉上尾メディックス,13,,井上美咲,5,■,■,■,■,■,2,0,0,0.0,0.0,-,0,0,0,-,1,0.20,17,2,1,4,16.2,0,0,0,-
2019-03-16,03,埼玉上尾メディックス,17,,シュシュニャルカタリナ,5,■,■,■,■,■,76,30,6,0.39473684210526316,0.3157894736842105,6.00,31,10,3,32.3,0,-,16,1,1,6,14.1,0,0,0,-
2019-03-16,03,埼玉上尾メディックス,20,,丸山裕子,1,nan,nan,nan,□,nan,1,1,0,1.0,1.0,1.00,0,0,0,-,0,-,1,0,0,0,0.0,0,0,0,-
2019-03-16,03,埼玉上尾メディックス,22,,若松歩実,1,nan,nan,nan,□,nan,2,2,0,1.0,1.0,2.00,0,0,0,-,0,-,1,0,0,0,0.0,1,0,0,0.0
2019-03-16,03,埼玉上尾メディックス,23,,大室璃紗,3,□,nan,□,nan,□,0,0,0,,,-,0,0,0,-,0,-,0,0,0,0,-,2,1,1,75.0
2019-03-16,03,埼玉上尾メディックス,24,,山口珠李,3,□,□,□,nan,nan,6,0,0,0.0,0.0,-,1,0,0,0.0,1,0.33,5,0,1,2,5.0,7,2,0,28.6
2019-03-16,03,埼玉上尾メディックス,25,,山崎のの花,1,nan,□,nan,nan,nan,0,0,0,,,-,0,0,0,-,0,-,0,0,0,0,-,0,0,0,-
2019-03-16,03,埼玉上尾メディックス,26,,堀江美志,5,■,■,■,■,■,48,13,2,0.2708333333333333,0.22916666666666666,2.60,4,2,0,50.0,0,-,13,1,1,3,11.5,34,12,8,47.1
2019-03-16,03,埼玉上尾メディックス,29,,吉野優理,5,■,■,■,■,■,33,15,1,0.45454545454545453,0.42424242424242425,3.00,4,0,1,0.0,2,0.40,22,1,0,6,11.4,31,8,15,50.0
2019-03-16,03,日立リヴァーレ,1,,間橋香織,2,nan,□,□,nan,nan,8,2,1,0.25,0.125,1.00,0,0,0,-,0,-,2,0,0,1,12.5,0,0,0,-
2019-03-16,03,日立リヴァーレ,2,,小野寺友香,3,■,■,■,nan,nan,2,1,0,0.5,0.5,0.33,0,0,0,-,0,-,9,0,0,2,5.6,0,0,0,-
2019-03-16,03,日立リヴァーレ,3,,堀井有蘭,2,□,nan,■,nan,nan,1,0,0,0.0,0.0,-,0,0,0,-,0,-,2,0,0,1,12.5,0,0,0,-
2019-03-16,03,日立リヴァーレ,6,,芳賀舞波,3,■,■,□,nan,nan,7,2,0,0.2857142857142857,0.2857142857142857,0.67,0,0,0,-,1,0.33,4,0,0,0,0.0,0,0,0,-
2019-03-16,03,日立リヴァーレ,7,L,齋藤加奈子,3,●,●,●,nan,nan,0,0,0,,,-,0,0,0,-,0,-,0,0,0,0,-,9,4,5,72.2
2019-03-16,03,日立リヴァーレ,9,,渡邊久惠,2,■,■,nan,nan,nan,21,2,1,0.09523809523809523,0.047619047619047616,1.00,3,0,0,0.0,1,0.50,6,0,0,3,12.5,0,0,0,-
2019-03-16,03,日立リヴァーレ,10,L,小池杏菜,3,〇,〇,〇,nan,nan,0,0,0,,,-,0,0,0,-,0,-,0,0,0,0,-,0,0,0,-
2019-03-16,03,日立リヴァーレ,12,,遠井萌仁,0,nan,nan,nan,nan,nan,0,0,0,,,-,0,0,0,-,0,-,0,0,0,0,-,0,0,0,-
2019-03-16,03,日立リヴァーレ,13,,長内美和子,3,■,■,■,nan,nan,38,12,4,0.3157894736842105,0.21052631578947367,4.00,1,1,0,100.0,0,-,8,0,1,3,6.2,40,11,10,40.0
2019-03-16,03,日立リヴァーレ,15,,土井さくら,1,nan,□,nan,nan,nan,0,0,0,,,-,0,0,0,-,0,-,1,0,0,1,25.0,0,0,0,-
2019-03-16,03,日立リヴァーレ,18,,上坂瑠子,2,nan,□,■,nan,nan,15,6,2,0.4,0.26666666666666666,3.00,4,1,0,25.0,0,-,3,0,0,1,8.3,7,3,1,50.0
2019-03-16,03,日立リヴァーレ,19,,窪田美侑,3,■,■,■,nan,nan,17,7,1,0.4117647058823529,0.35294117647058826,2.33,0,0,0,-,1,0.33,7,0,0,1,3.6,16,4,7,46.9
2019-03-16,03,日立リヴァーレ,20,,入澤まい,3,■,■,■,nan,nan,11,4,1,0.36363636363636365,0.2727272727272727,1.33,0,0,0,-,1,0.33,7,0,2,2,0.0,0,0,0,-
2019-03-16,03,日立リヴァーレ,21,,巻口明日香,0,nan,nan,nan,nan,nan,0,0,0,,,-,0,0,0,-,0,-,0,0,0,0,-,0,0,0,-
2019-03-16,03,東レアローズ,1,,井上奈々朱,3,■,■,■,nan,nan,11,9,0,0.8181818181818182,0.8181818181818182,3.00,0,0,0,-,3,1.00,9,1,0,0,11.1,2,1,0,50.0
2019-03-16,03,東レアローズ,2,,堀川真理,1,□,nan,nan,nan,nan,0,0,0,,,-,0,0,0,-,0,-,0,0,0,0,-,0,0,0,-
2019-03-16,03,東レアローズ,3,,大野果歩,3,■,■,■,nan,nan,9,5,0,0.5555555555555556,0.5555555555555556,1.67,0,0,0,-,2,0.67,6,0,0,2,8.3,0,0,0,-
2019-03-16,03,東レアローズ,4,,日高萌,1,□,nan,nan,nan,nan,0,0,0,,,-,0,0,0,-,0,-,3,0,0,1,8.3,0,0,0,-
2019-03-16,03,東レアローズ,6,,杉原若葉,0,nan,nan,nan,nan,nan,0,0,0,,,-,0,0,0,-,0,-,0,0,0,0,-,0,0,0,-
2019-03-16,03,東レアローズ,7,,クランヤナ,3,■,■,■,nan,nan,31,11,2,0.3548387096774194,0.2903225806451613,3.67,5,2,0,40.0,3,1.00,12,0,0,6,12.5,0,0,0,-
2019-03-16,03,東レアローズ,8,,白井美沙紀,2,□,□,nan,nan,nan,0,0,0,,,-,0,0,0,-,0,-,6,0,1,2,4.2,0,0,0,-
2019-03-16,03,東レアローズ,9,,中田紫乃,3,■,■,■,nan,nan,18,10,1,0.5555555555555556,0.5,3.33,0,0,0,-,2,0.67,15,0,0,5,8.3,21,7,7,50.0
2019-03-16,03,東レアローズ,10,,石川真奈,0,nan,nan,nan,nan,nan,0,0,0,,,-,0,0,0,-,0,-,0,0,0,0,-,0,0,0,-
2019-03-16,03,東レアローズ,11,L,中島未来,3,●,●,●,nan,nan,0,0,0,,,-,0,0,0,-,0,-,0,0,0,0,-,0,0,0,-
2019-03-16,03,東レアローズ,12,,小川愛里奈,1,nan,nan,□,nan,nan,3,0,0,0.0,0.0,-,0,0,0,-,0,-,5,0,0,4,20.0,0,0,0,-
2019-03-16,03,東レアローズ,13,,黒後愛,3,■,■,■,nan,nan,34,11,1,0.3235294117647059,0.29411764705882354,3.67,4,0,0,0.0,1,0.33,8,0,1,1,0.0,14,7,3,60.7
2019-03-16,03,東レアローズ,14,,関菜々巳,3,■,■,■,nan,nan,2,2,0,1.0,1.0,0.67,0,0,0,-,1,0.33,10,0,0,5,12.5,0,0,0,-
2019-03-16,03,東レアローズ,15,L,水杉玲奈,3,〇,〇,〇,nan,nan,0,0,0,,,-,0,0,0,-,0,-,0,0,0,0,-,9,2,4,44.4
2019-03-16,03,JTマーヴェラス,1,,芥川愛加,3,■,■,■,nan,nan,15,7,0,0.4666666666666667,0.4666666666666667,2.33,0,0,0,-,2,0.67,11,1,1,4,15.9,0,0,0,-
2019-03-16,03,JTマーヴェラス,2,,林琴奈,3,■,■,■,nan,nan,21,7,3,0.3333333333333333,0.19047619047619047,2.33,2,0,0,0.0,0,-,13,0,1,0,-1.9,21,11,4,61.9
2019-03-16,03,JTマーヴェラス,3,,小川杏奈,0,nan,nan,nan,nan,nan,0,0,0,,,-,0,0,0,-,0,-,0,0,0,0,-,0,0,0,-
2019-03-16,03,JTマーヴェラス,4,,橘井友香,3,□,□,□,nan,nan,0,0,0,,,-,0,0,0,-,0,-,4,1,0,2,37.5,0,0,0,-
2019-03-16,03,JTマーヴェラス,5,,柴田真果,0,nan,nan,nan,nan,nan,0,0,0,,,-,0,0,0,-,0,-,0,0,0,0,-,0,0,0,-
2019-03-16,03,JTマーヴェラス,6,,田中瑞稀,3,■,■,■,nan,nan,44,15,3,0.3409090909090909,0.2727272727272727,5.00,8,1,0,12.5,2,0.67,14,1,0,5,16.1,24,8,6,45.8
2019-03-16,03,JTマーヴェラス,7,,田中美咲,3,■,■,■,nan,nan,1,1,0,1.0,1.0,0.33,0,0,0,-,0,-,12,0,1,3,4.2,0,0,0,-
2019-03-16,03,JTマーヴェラス,8,,カムンタラーケオカラヤー,3,■,■,■,nan,nan,6,3,1,0.5,0.3333333333333333,1.00,0,0,0,-,1,0.33,6,0,0,2,8.3,0,0,0,-
2019-03-16,03,JTマーヴェラス,9,,ミハイロヴィッチブランキツァ,3,■,■,■,nan,nan,44,18,2,0.4090909090909091,0.36363636363636365,6.00,6,4,0,66.7,0,-,12,0,0,6,12.5,0,0,0,-
2019-03-16,03,JTマーヴェラス,10,,栗原恵,0,nan,nan,nan,nan,nan,0,0,0,,,-,0,0,0,-,0,-,0,0,0,0,-,0,0,0,-
2019-03-16,03,JTマーヴェラス,11,,目黒優佳,3,□,□,□,nan,nan,0,0,0,,,-,0,0,0,-,0,-,2,0,0,0,0.0,5,1,4,60.0
2019-03-16,03,JTマーヴェラス,14,,ヒックマンジャスティス,2,□,□,nan,nan,nan,0,0,0,,,-,0,0,0,-,0,-,0,0,0,0,-,3,0,2,33.3
2019-03-16,03,JTマーヴェラス,15,L,小幡真子,3,●,●,●,nan,nan,0,0,0,,,-,0,0,0,-,0,-,0,0,0,0,-,8,3,3,56.2
2019-03-16,03,JTマーヴェラス,16,,山本美沙,0,nan,nan,nan,nan,nan,0,0,0,,,-,0,0,0,-,0,-,0,0,0,0,-,0,0,0,-
2019-03-16,03,トヨタ車体クインシーズ,2,L,佐藤澪,3,〇,〇,〇,nan,nan,0,0,0,,,-,0,0,0,-,0,-,0,0,0,0,-,0,0,0,-
2019-03-16,03,トヨタ車体クインシーズ,3,,高橋沙織,0,nan,nan,nan,nan,nan,0,0,0,,,-,0,0,0,-,0,-,0,0,0,0,-,0,0,0,-
2019-03-16,03,トヨタ車体クインシーズ,4,,比金桃子,3,□,■,■,nan,nan,0,0,0,,,-,0,0,0,-,0,-,13,1,1,3,11.5,0,0,0,-
2019-03-16,03,トヨタ車体クインシーズ,5,,内瀬戸真実,3,■,■,■,nan,nan,28,7,1,0.25,0.21428571428571427,2.33,1,0,0,0.0,1,0.33,9,0,1,2,2.8,26,11,9,59.6
2019-03-16,03,トヨタ車体クインシーズ,6,,村永奈央,2,■,■,nan,nan,nan,12,2,1,0.16666666666666666,0.08333333333333333,1.00,0,0,0,-,0,-,2,0,0,0,0.0,20,3,10,40.0
2019-03-16,03,トヨタ車体クインシーズ,8,L,榊原美沙都,3,●,●,●,nan,nan,0,0,0,,,-,0,0,0,-,0,-,0,0,0,0,-,5,2,1,50.0
2019-03-16,03,トヨタ車体クインシーズ,10,,小田桃香,2,nan,□,■,nan,nan,12,3,0,0.25,0.25,1.50,0,0,0,-,0,-,7,0,0,2,7.1,20,4,9,42.5
2019-03-16,03,トヨタ車体クインシーズ,11,,荒木絵里香,3,■,■,■,nan,nan,15,5,0,0.3333333333333333,0.3333333333333333,1.67,0,0,0,-,2,0.67,14,0,1,4,5.4,0,0,0,-
2019-03-16,03,トヨタ車体クインシーズ,12,,渡邊彩,3,■,■,■,nan,nan,19,9,0,0.47368421052631576,0.47368421052631576,3.00,0,0,0,-,1,0.33,12,1,1,7,20.8,0,0,0,-
2019-03-16,03,トヨタ車体クインシーズ,13,,オズソイネリマン,3,■,■,■,nan,nan,46,17,8,0.3695652173913043,0.1956521739130435,5.67,13,4,5,30.8,0,-,9,0,0,1,2.8,0,0,0,-
2019-03-16,03,トヨタ車体クインシーズ,15,,杉郁香,0,nan,nan,nan,nan,nan,0,0,0,,,-,0,0,0,-,0,-,0,0,0,0,-,0,0,0,-
2019-03-16,03,トヨタ車体クインシーズ,17,,藪田美穂子,0,nan,nan,nan,nan,nan,0,0,0,,,-,0,0,0,-,0,-,0,0,0,0,-,0,0,0,-
2019-03-16,03,トヨタ車体クインシーズ,18,,山上有紀,1,■,nan,nan,nan,nan,0,0,0,,,-,0,0,0,-,0,-,2,1,1,0,37.5,0,0,0,-
2019-03-16,03,トヨタ車体クインシーズ,19,,安井由香子,0,nan,nan,nan,nan,nan,0,0,0,,,-,0,0,0,-,0,-,0,0,0,0,-,0,0,0,-
2019-03-17,03,NECレッドロケッツ,1,,島村春世,5,■,■,■,■,■,25,7,0,0.28,0.28,1.40,0,0,0,-,4,0.80,8,0,0,3,9.4,0,0,0,-
2019-03-17,03,NECレッドロケッツ,2,,古賀紗理那,5,■,■,■,■,■,35,14,1,0.4,0.37142857142857144,2.80,6,0,0,0.0,1,0.20,20,3,1,10,26.2,47,15,9,41.5
2019-03-17,03,NECレッドロケッツ,3,,塚田しおり,0,nan,nan,nan,nan,nan,0,0,0,,,-,0,0,0,-,0,-,0,0,0,0,-,0,0,0,-
2019-03-17,03,NECレッドロケッツ,4,,柳田光綺,5,■,■,■,■,■,27,11,1,0.4074074074074074,0.37037037037037035,2.20,3,1,0,33.3,3,0.60,20,1,3,7,10.0,10,1,2,20.0
2019-03-17,03,NECレッドロケッツ,5,,大野果奈,5,■,■,■,■,■,14,6,0,0.42857142857142855,0.42857142857142855,1.20,0,0,0,-,2,0.40,10,0,1,1,0.0,0,0,0,-
2019-03-17,03,NECレッドロケッツ,6,,上野香織,0,nan,nan,nan,nan,nan,0,0,0,,,-,0,0,0,-,0,-,0,0,0,0,-,0,0,0,-
2019-03-17,03,NECレッドロケッツ,7,,山口かなめ,5,■,■,■,■,■,2,2,0,1.0,1.0,0.40,0,0,0,-,1,0.20,22,2,0,6,15.9,1,0,0,0.0
2019-03-17,03,NECレッドロケッツ,9,,廣瀬七海,3,nan,nan,■,■,■,21,4,0,0.19047619047619047,0.19047619047619047,1.33,5,0,0,0.0,1,0.33,12,3,4,5,27.1,0,0,0,-
2019-03-17,03,NECレッドロケッツ,10,L,岩崎紗也加,5,●,●,●,●,●,0,0,0,,,-,0,0,0,-,0,-,0,0,0,0,-,9,4,1,50.0
2019-03-17,03,NECレッドロケッツ,11,,篠原沙耶香,3,□,□,□,nan,nan,0,0,0,,,-,0,0,0,-,0,-,3,0,0,0,0.0,0,0,0,-
2019-03-17,03,NECレッドロケッツ,14,,荒谷栞,2,■,■,nan,nan,nan,20,5,0,0.25,0.25,2.50,3,1,0,33.3,0,-,8,0,1,2,3.1,2,0,1,25.0
2019-03-17,03,NECレッドロケッツ,15,,アルハッサンラーマット,0,nan,nan,nan,nan,nan,0,0,0,,,-,0,0,0,-,0,-,0,0,0,0,-,0,0,0,-
2019-03-17,03,NECレッドロケッツ,16,,小島満菜美,2,□,□,nan,nan,nan,0,0,0,,,-,0,0,0,-,0,-,0,0,0,0,-,4,0,0,0.0
2019-03-17,03,NECレッドロケッツ,17,,峯村沙紀,2,□,nan,□,nan,nan,0,0,0,,,-,0,0,0,-,0,-,2,0,0,1,12.5,0,0,0,-
2019-03-17,03,日立リヴァーレ,1,,間橋香織,1,nan,nan,□,nan,nan,2,1,0,0.5,0.5,1.00,0,0,0,-,0,-,0,0,0,0,-,0,0,0,-
2019-03-17,03,日立リヴァーレ,2,,小野寺友香,5,■,■,■,■,■,2,0,0,0.0,0.0,-,0,0,0,-,0,-,11,0,2,5,6.8,0,0,0,-
2019-03-17,03,日立リヴァーレ,3,,堀井有蘭,1,nan,nan,□,nan,nan,0,0,0,,,-,0,0,0,-,0,-,1,0,0,0,0.0,0,0,0,-
2019-03-17,03,日立リヴァーレ,6,,芳賀舞波,5,■,■,■,■,■,18,6,0,0.3333333333333333,0.3333333333333333,1.20,0,0,0,-,1,0.20,12,0,4,3,-2.1,0,0,0,-
2019-03-17,03,日立リヴァーレ,7,L,齋藤加奈子,5,●,●,●,●,●,0,0,0,,,-,0,0,0,-,0,-,0,0,0,0,-,25,12,4,56.0
2019-03-17,03,日立リヴァーレ,9,,渡邊久惠,5,■,■,■,■,■,44,17,6,0.38636363636363635,0.25,3.40,7,1,2,14.3,0,-,21,3,1,15,31.0,0,0,0,-
2019-03-17,03,日立リヴァーレ,10,L,小池杏菜,5,〇,〇,〇,〇,〇,0,0,0,,,-,0,0,0,-,0,-,0,0,0,0,-,0,0,0,-
2019-03-17,03,日立リヴァーレ,12,,遠井萌仁,1,nan,nan,nan,□,nan,0,0,0,,,-,0,0,0,-,0,-,2,0,0,0,0.0,1,0,0,0.0
2019-03-17,03,日立リヴァーレ,13,,長内美和子,3,■,nan,□,□,nan,25,5,3,0.2,0.08,1.67,1,0,0,0.0,0,-,6,0,1,2,4.2,24,8,4,41.7
2019-03-17,03,日立リヴァーレ,15,,土井さくら,2,□,nan,nan,nan,□,0,0,0,,,-,0,0,0,-,0,-,3,0,0,1,8.3,0,0,0,-
2019-03-17,03,日立リヴァーレ,18,,上坂瑠子,5,□,■,■,■,■,31,11,5,0.3548387096774194,0.1935483870967742,2.20,3,2,0,66.7,2,0.40,6,0,1,2,4.2,20,6,8,50.0
2019-03-17,03,日立リヴァーレ,19,,窪田美侑,5,■,■,■,■,■,30,8,1,0.26666666666666666,0.23333333333333334,1.60,3,0,1,0.0,4,0.80,12,0,0,4,8.3,21,8,6,52.4
2019-03-17,03,日立リヴァーレ,20,,入澤まい,5,■,■,■,■,■,16,8,2,0.5,0.375,1.60,0,0,0,-,3,0.60,15,4,6,8,30.0,0,0,0,-
2019-03-17,03,日立リヴァーレ,21,,巻口明日香,0,nan,nan,nan,nan,nan,0,0,0,,,-,0,0,0,-,0,-,0,0,0,0,-,0,0,0,-
2019-03-17,03,久光製薬スプリングス,2,,古藤千鶴,3,■,■,■,nan,nan,0,0,0,,,-,0,0,0,-,0,-,19,1,0,7,14.5,0,0,0,-
2019-03-17,03,久光製薬スプリングス,3,,新鍋理沙,3,■,■,■,nan,nan,15,7,0,0.4666666666666667,0.4666666666666667,2.33,0,0,0,-,1,0.33,13,1,2,2,7.7,3,1,2,66.7
2019-03-17,03,久光製薬スプリングス,4,,岩坂名奈,3,■,■,■,nan,nan,10,3,0,0.3,0.3,1.00,0,0,0,-,5,1.67,6,0,0,1,4.2,0,0,0,-
2019-03-17,03,久光製薬スプリングス,6,,石井優希,3,■,■,■,nan,nan,40,13,4,0.325,0.225,4.33,4,2,2,50.0,0,-,19,1,1,4,9.2,31,14,8,58.1
2019-03-17,03,久光製薬スプリングス,8,,野本梨佳,3,■,■,■,nan,nan,40,13,1,0.325,0.3,4.33,1,1,0,100.0,0,-,7,0,0,1,3.6,7,2,0,28.6
2019-03-17,03,久光製薬スプリングス,10,L,座安琴希,0,nan,nan,nan,nan,nan,0,0,0,,,-,0,0,0,-,0,-,0,0,0,0,-,0,0,0,-
2019-03-17,03,久光製薬スプリングス,11,,栄絵里香,0,nan,nan,nan,nan,nan,0,0,0,,,-,0,0,0,-,0,-,0,0,0,0,-,0,0,0,-
2019-03-17,03,久光製薬スプリングス,12,,今村優香,0,nan,nan,nan,nan,nan,0,0,0,,,-,0,0,0,-,0,-,0,0,0,0,-,0,0,0,-
2019-03-17,03,久光製薬スプリングス,14,,森谷史佳,0,nan,nan,nan,nan,nan,0,0,0,,,-,0,0,0,-,0,-,0,0,0,0,-,0,0,0,-
2019-03-17,03,久光製薬スプリングス,16,,アキンラデウォフォルケ,3,■,■,■,nan,nan,16,7,1,0.4375,0.375,2.33,0,0,0,-,2,0.67,9,1,1,2,13.9,0,0,0,-
2019-03-17,03,久光製薬スプリングス,18,L,戸江真奈,3,●,●,●,nan,nan,0,0,0,,,-,0,0,0,-,0,-,0,0,0,0,-,9,3,3,50.0
2019-03-17,03,久光製薬スプリングス,20,,筒井さやか,1,nan,□,nan,nan,nan,0,0,0,,,-,0,0,0,-,0,-,0,0,0,0,-,3,0,1,16.7
2019-03-17,03,久光製薬スプリングス,22,,井上愛里沙,0,nan,nan,nan,nan,nan,0,0,0,,,-,0,0,0,-,0,-,0,0,0,0,-,0,0,0,-
2019-03-17,03,久光製薬スプリングス,25,,加藤光,1,nan,□,nan,nan,nan,0,0,0,,,-,0,0,0,-,0,-,1,0,0,1,25.0,0,0,0,-
2019-03-17,03,JTマーヴェラス,1,,芥川愛加,3,■,■,■,nan,nan,18,6,3,0.3333333333333333,0.16666666666666666,2.00,0,0,0,-,3,1.00,8,0,1,2,3.1,0,0,0,-
2019-03-17,03,JTマーヴェラス,2,,林琴奈,3,■,■,■,nan,nan,17,6,2,0.35294117647058826,0.23529411764705882,2.00,2,1,0,50.0,0,-,11,0,1,3,4.5,33,14,10,57.6
2019-03-17,03,JTマーヴェラス,3,,小川杏奈,0,nan,nan,nan,nan,nan,0,0,0,,,-,0,0,0,-,0,-,0,0,0,0,-,0,0,0,-
2019-03-17,03,JTマーヴェラス,4,,橘井友香,2,nan,□,□,nan,nan,0,0,0,,,-,0,0,0,-,0,-,3,1,0,2,50.0,0,0,0,-
2019-03-17,03,JTマーヴェラス,5,,柴田真果,1,nan,nan,□,nan,nan,0,0,0,,,-,0,0,0,-,0,-,1,0,0,0,0.0,0,0,0,-
2019-03-17,03,JTマーヴェラス,6,,田中瑞稀,3,■,■,■,nan,nan,42,8,5,0.19047619047619047,0.07142857142857142,2.67,5,0,3,0.0,1,0.33,11,0,0,3,6.8,17,6,6,52.9
2019-03-17,03,JTマーヴェラス,7,,田中美咲,3,■,■,■,nan,nan,0,0,0,,,-,0,0,0,-,2,0.67,8,0,0,4,12.5,0,0,0,-
2019-03-17,03,JTマーヴェラス,8,,カムンタラーケオカラヤー,3,■,■,■,nan,nan,10,1,1,0.1,0.0,0.33,0,0,0,-,0,-,6,1,0,2,25.0,0,0,0,-
2019-03-17,03,JTマーヴェラス,9,,ミハイロヴィッチブランキツァ,3,■,■,■,nan,nan,42,14,4,0.3333333333333333,0.23809523809523808,4.67,11,2,1,18.2,1,0.33,8,1,2,3,15.6,0,0,0,-
2019-03-17,03,JTマーヴェラス,10,,栗原恵,0,nan,nan,nan,nan,nan,0,0,0,,,-,0,0,0,-,0,-,0,0,0,0,-,0,0,0,-
2019-03-17,03,JTマーヴェラス,11,,目黒優佳,1,nan,□,nan,nan,nan,0,0,0,,,-,0,0,0,-,0,-,0,0,0,0,-,3,1,1,50.0
2019-03-17,03,JTマーヴェラス,12,,深萱知代,0,nan,nan,nan,nan,nan,0,0,0,,,-,0,0,0,-,0,-,0,0,0,0,-,0,0,0,-
2019-03-17,03,JTマーヴェラス,14,,ヒックマンジャスティス,3,□,□,□,nan,nan,0,0,0,,,-,0,0,0,-,0,-,1,0,0,0,0.0,6,4,0,66.7
2019-03-17,03,JTマーヴェラス,15,L,小幡真子,3,●,●,●,nan,nan,0,0,0,,,-,0,0,0,-,0,-,0,0,0,0,-,8,5,2,75.0
2019-03-17,03,デンソーエアリービーズ,1,,中元南,0,nan,nan,nan,nan,nan,0,0,0,,,-,0,0,0,-,0,-,0,0,0,0,-,0,0,0,-
2019-03-17,03,デンソーエアリービーズ,2,,積山春花,0,nan,nan,nan,nan,nan,0,0,0,,,-,0,0,0,-,0,-,0,0,0,0,-,0,0,0,-
2019-03-17,03,デンソーエアリービーズ,3,,朝日優衣,4,■,■,■,■,nan,44,14,1,0.3181818181818182,0.29545454545454547,3.50,1,0,0,0.0,0,-,12,0,1,2,2.1,38,14,16,57.9
2019-03-17,03,デンソーエアリービーズ,6,,鈴木裕子,1,nan,□,nan,nan,nan,0,0,0,,,-,0,0,0,-,0,-,1,0,0,0,0.0,0,0,0,-
2019-03-17,03,デンソーエアリービーズ,8,,田原愛里,4,■,■,■,■,nan,2,1,0,0.5,0.5,0.25,0,0,0,-,0,-,8,0,1,3,6.2,0,0,0,-
2019-03-17,03,デンソーエアリービーズ,9,L,小口樹葉,0,nan,nan,nan,nan,nan,0,0,0,,,-,0,0,0,-,0,-,0,0,0,0,-,0,0,0,-
2019-03-17,03,デンソーエアリービーズ,10,L,中川千世,4,●,●,●,●,nan,0,0,0,,,-,0,0,0,-,0,-,0,0,0,0,-,30,4,12,33.3
2019-03-17,03,デンソーエアリービーズ,11,,山田美花,1,nan,nan,□,nan,nan,0,0,0,,,-,0,0,0,-,0,-,0,0,0,0,-,0,0,0,-
2019-03-17,03,デンソーエアリービーズ,15,,鍋谷友理枝,4,■,■,■,■,nan,44,9,3,0.20454545454545456,0.13636363636363635,2.25,2,0,1,0.0,1,0.25,16,1,1,4,10.9,17,9,6,70.6
2019-03-17,03,デンソーエアリービーズ,17,,野村明日香,4,■,■,■,■,nan,16,3,0,0.1875,0.1875,0.75,1,0,0,0.0,0,-,19,3,2,5,19.7,2,0,0,0.0
2019-03-17,03,デンソーエアリービーズ,18,,シニアードジャック,4,■,■,■,■,nan,33,20,1,0.6060606060606061,0.5757575757575758,5.00,0,0,0,-,2,0.50,8,0,2,2,0.0,0,0,0,-
2019-03-17,03,デンソーエアリービーズ,21,,工藤嶺,1,nan,nan,nan,□,nan,3,1,0,0.3333333333333333,0.3333333333333333,1.00,0,0,0,-,0,-,0,0,0,0,-,3,1,1,50.0
2019-03-17,03,デンソーエアリービーズ,22,,石田瑞穂,4,■,■,■,■,nan,23,7,1,0.30434782608695654,0.2608695652173913,1.75,5,1,0,20.0,1,0.25,15,1,0,4,13.3,0,0,0,-
2019-03-17,03,デンソーエアリービーズ,24,,兵頭由希,3,□,nan,□,□,nan,0,0,0,,,-,0,0,0,-,0,-,4,1,0,2,37.5,0,0,0,-
2019-03-17,03,東レアローズ,1,,井上奈々朱,4,■,■,■,■,nan,21,10,1,0.47619047619047616,0.42857142857142855,2.50,1,0,0,0.0,1,0.25,9,1,2,2,11.1,0,0,0,-
2019-03-17,03,東レアローズ,2,,堀川真理,1,□,nan,nan,nan,nan,0,0,0,,,-,0,0,0,-,0,-,0,0,0,0,-,0,0,0,-
2019-03-17,03,東レアローズ,3,,大野果歩,3,■,■,■,nan,nan,12,4,0,0.3333333333333333,0.3333333333333333,1.33,1,0,0,0.0,0,-,4,0,0,1,6.2,0,0,0,-
2019-03-17,03,東レアローズ,4,,日高萌,1,□,nan,nan,nan,nan,0,0,0,,,-,0,0,0,-,0,-,2,0,0,0,0.0,0,0,0,-
2019-03-17,03,東レアローズ,6,,杉原若葉,1,nan,□,nan,nan,nan,0,0,0,,,-,0,0,0,-,0,-,1,0,0,0,0.0,0,0,0,-
2019-03-17,03,東レアローズ,7,,クランヤナ,4,■,■,■,■,nan,57,23,4,0.40350877192982454,0.3333333333333333,5.75,4,2,0,50.0,4,1.00,14,1,0,3,12.5,0,0,0,-
2019-03-17,03,東レアローズ,8,,白井美沙紀,4,□,□,□,□,nan,0,0,0,,,-,0,0,0,-,0,-,5,0,0,2,10.0,0,0,0,-
2019-03-17,03,東レアローズ,9,,中田紫乃,4,■,■,■,■,nan,15,4,0,0.26666666666666666,0.26666666666666666,1.00,1,0,0,0.0,1,0.25,20,0,2,5,3.8,48,15,16,47.9
2019-03-17,03,東レアローズ,10,,石川真奈,0,nan,nan,nan,nan,nan,0,0,0,,,-,0,0,0,-,0,-,0,0,0,0,-,0,0,0,-
2019-03-17,03,東レアローズ,11,L,中島未来,4,●,●,●,●,nan,0,0,0,,,-,0,0,0,-,0,-,0,0,0,0,-,0,0,0,-
2019-03-17,03,東レアローズ,12,,小川愛里奈,2,nan,nan,□,■,nan,9,4,0,0.4444444444444444,0.4444444444444444,2.00,0,0,0,-,0,-,5,0,0,2,10.0,0,0,0,-
2019-03-17,03,東レアローズ,13,,黒後愛,4,■,■,■,■,nan,47,18,2,0.3829787234042553,0.3404255319148936,4.50,5,0,1,0.0,1,0.25,16,2,2,2,12.5,19,8,8,63.2
2019-03-17,03,東レアローズ,14,,関菜々巳,4,■,■,■,■,nan,0,0,0,,,-,0,0,0,-,2,0.50,20,2,0,10,22.5,0,0,0,-
2019-03-17,03,東レアローズ,15,L,水杉玲奈,4,〇,〇,〇,〇,nan,0,0,0,,,-,0,0,0,-,0,-,0,0,0,0,-,8,4,2,62.5
2019-03-17,03,埼玉上尾メディックス,3,,サンティアゴアライジャダフニ,3,■,■,■,nan,nan,16,8,0,0.5,0.5,2.67,0,0,0,-,1,0.33,6,0,1,0,-4.2,2,0,1,25.0
2019-03-17,03,埼玉上尾メディックス,7,L,山岸あかね,3,●,●,●,nan,nan,0,0,0,,,-,0,0,0,-,0,-,0,0,0,0,-,11,4,1,40.9
2019-03-17,03,埼玉上尾メディックス,9,,三浦茉実,0,nan,nan,nan,nan,nan,0,0,0,,,-,0,0,0,-,0,-,0,0,0,0,-,0,0,0,-
2019-03-17,03,埼玉上尾メディックス,11,,青柳京古,3,■,■,■,nan,nan,9,2,0,0.2222222222222222,0.2222222222222222,0.67,0,0,0,-,0,-,8,0,0,1,3.1,0,0,0,-
2019-03-17,03,埼玉上尾メディックス,13,,井上美咲,3,■,■,■,nan,nan,3,3,0,1.0,1.0,1.00,0,0,0,-,0,-,17,0,1,6,7.4,0,0,0,-
2019-03-17,03,埼玉上尾メディックス,17,,シュシュニャルカタリナ,3,■,■,■,nan,nan,34,12,0,0.35294117647058826,0.35294117647058826,4.00,11,5,0,45.5,2,0.67,9,1,2,4,16.7,0,0,0,-
2019-03-17,03,埼玉上尾メディックス,20,,丸山裕子,1,nan,nan,□,nan,nan,2,2,0,1.0,1.0,2.00,0,0,0,-,0,-,1,0,1,0,-25.0,0,0,0,-
2019-03-17,03,埼玉上尾メディックス,22,,若松歩実,2,nan,□,■,nan,nan,17,5,2,0.29411764705882354,0.17647058823529413,2.50,0,0,0,-,1,0.50,1,0,1,0,-25.0,5,3,1,70.0
2019-03-17,03,埼玉上尾メディックス,23,,大室璃紗,1,nan,□,nan,nan,nan,0,0,0,,,-,0,0,0,-,0,-,1,0,0,0,0.0,3,1,0,33.3
2019-03-17,03,埼玉上尾メディックス,24,,山口珠李,2,□,■,nan,nan,nan,8,2,1,0.25,0.125,1.00,1,0,1,0.0,1,0.50,3,0,0,0,0.0,4,3,0,75.0
2019-03-17,03,埼玉上尾メディックス,25,,山崎のの花,1,□,nan,nan,nan,nan,0,0,0,,,-,0,0,0,-,0,-,2,0,0,1,12.5,0,0,0,-
2019-03-17,03,埼玉上尾メディックス,26,,堀江美志,2,■,nan,□,nan,nan,17,3,2,0.17647058823529413,0.058823529411764705,1.50,1,0,1,0.0,0,-,4,0,0,0,0.0,13,3,3,34.6
2019-03-17,03,埼玉上尾メディックス,28,,岩澤実育,3,□,□,□,nan,nan,0,0,0,,,-,0,0,0,-,0,-,1,0,0,1,25.0,7,2,1,35.7
2019-03-17,03,埼玉上尾メディックス,29,,吉野優理,3,■,■,■,nan,nan,18,5,1,0.2777777777777778,0.2222222222222222,1.67,0,0,0,-,0,-,9,0,1,2,2.8,25,10,10,60.0
2019-03-17,03,トヨタ車体クインシーズ,2,L,佐藤澪,3,〇,〇,〇,nan,nan,0,0,0,,,-,0,0,0,-,0,-,0,0,0,0,-,0,0,0,-
2019-03-17,03,トヨタ車体クインシーズ,3,,高橋沙織,1,nan,nan,□,nan,nan,0,0,0,,,-,0,0,0,-,0,-,0,0,0,0,-,0,0,0,-
2019-03-17,03,トヨタ車体クインシーズ,4,,比金桃子,1,nan,nan,□,nan,nan,0,0,0,,,-,0,0,0,-,0,-,1,0,0,0,0.0,0,0,0,-
2019-03-17,03,トヨタ車体クインシーズ,5,,内瀬戸真実,3,■,■,■,nan,nan,22,9,2,0.4090909090909091,0.3181818181818182,3.00,1,1,0,100.0,1,0.33,10,0,0,2,5.0,26,12,7,59.6
2019-03-17,03,トヨタ車体クインシーズ,6,,村永奈央,3,■,■,■,nan,nan,28,11,2,0.39285714285714285,0.32142857142857145,3.67,0,0,0,-,0,-,10,0,1,2,2.5,17,8,3,55.9
2019-03-17,03,トヨタ車体クインシーズ,8,L,榊原美沙都,3,●,●,●,nan,nan,0,0,0,,,-,0,0,0,-,0,-,0,0,0,0,-,9,6,2,77.8
2019-03-17,03,トヨタ車体クインシーズ,10,,小田桃香,0,nan,nan,nan,nan,nan,0,0,0,,,-,0,0,0,-,0,-,0,0,0,0,-,0,0,0,-
2019-03-17,03,トヨタ車体クインシーズ,11,,荒木絵里香,3,■,■,■,nan,nan,10,3,0,0.3,0.3,1.00,0,0,0,-,3,1.00,18,1,1,9,16.7,1,1,0,100.0
2019-03-17,03,トヨタ車体クインシーズ,12,,渡邊彩,3,■,■,■,nan,nan,14,5,0,0.35714285714285715,0.35714285714285715,1.67,0,0,0,-,4,1.33,7,0,0,4,14.3,1,1,0,100.0
2019-03-17,03,トヨタ車体クインシーズ,13,,オズソイネリマン,3,■,■,■,nan,nan,41,18,3,0.43902439024390244,0.36585365853658536,6.00,8,4,0,50.0,2,0.67,12,2,0,4,25.0,0,0,0,-
2019-03-17,03,トヨタ車体クインシーズ,15,,杉郁香,0,nan,nan,nan,nan,nan,0,0,0,,,-,0,0,0,-,0,-,0,0,0,0,-,0,0,0,-
2019-03-17,03,トヨタ車体クインシーズ,17,,藪田美穂子,0,nan,nan,nan,nan,nan,0,0,0,,,-,0,0,0,-,0,-,0,0,0,0,-,0,0,0,-
2019-03-17,03,トヨタ車体クインシーズ,18,,山上有紀,3,■,■,■,nan,nan,2,0,0,0.0,0.0,-,0,0,0,-,0,-,16,1,2,5,10.9,0,0,0,-
2019-03-17,03,トヨタ車体クインシーズ,19,,安井由香子,2,□,□,nan,nan,nan,0,0,0,,,-,0,0,0,-,0,-,2,0,1,1,0.0,1,0,0,0.0
2019-03-23,03,NECレッドロケッツ,1,,島村春世,0,nan,nan,nan,nan,nan,0,0,0,,,-,0,0,0,-,0,-,0,0,0,0,-,0,0,0,-
2019-03-23,03,NECレッドロケッツ,2,,古賀紗理那,3,■,■,■,nan,nan,21,4,0,0.19047619047619047,0.19047619047619047,1.33,0,0,0,-,0,-,14,0,3,6,5.4,23,9,10,60.9
2019-03-23,03,NECレッドロケッツ,3,,塚田しおり,0,nan,nan,nan,nan,nan,0,0,0,,,-,0,0,0,-,0,-,0,0,0,0,-,0,0,0,-
2019-03-23,03,NECレッドロケッツ,4,,柳田光綺,3,■,■,□,nan,nan,26,7,1,0.2692307692307692,0.23076923076923078,2.33,5,1,0,20.0,1,0.33,9,0,2,3,2.8,8,1,3,31.2
2019-03-23,03,NECレッドロケッツ,5,,大野果奈,3,■,■,■,nan,nan,11,5,0,0.45454545454545453,0.45454545454545453,1.67,0,0,0,-,1,0.33,8,0,0,3,9.4,1,1,0,100.0
2019-03-23,03,NECレッドロケッツ,6,,上野香織,0,nan,nan,nan,nan,nan,0,0,0,,,-,0,0,0,-,0,-,0,0,0,0,-,0,0,0,-
2019-03-23,03,NECレッドロケッツ,7,,山口かなめ,3,■,■,■,nan,nan,1,0,0,0.0,0.0,-,0,0,0,-,1,0.33,8,0,0,4,12.5,0,0,0,-
2019-03-23,03,NECレッドロケッツ,9,,廣瀬七海,3,■,■,■,nan,nan,28,9,3,0.32142857142857145,0.21428571428571427,3.00,9,4,1,44.4,2,0.67,8,0,0,2,6.2,1,1,0,100.0
2019-03-23,03,NECレッドロケッツ,10,L,岩崎紗也加,3,●,●,●,nan,nan,0,0,0,,,-,0,0,0,-,0,-,0,0,0,0,-,22,9,7,56.8
2019-03-23,03,NECレッドロケッツ,11,,篠原沙耶香,3,□,□,□,nan,nan,0,0,0,,,-,0,0,0,-,0,-,3,0,0,0,0.0,0,0,0,-
2019-03-23,03,NECレッドロケッツ,14,,荒谷栞,1,nan,nan,■,nan,nan,8,4,1,0.5,0.375,4.00,0,0,0,-,0,-,3,0,0,1,8.3,8,0,3,18.8
2019-03-23,03,NECレッドロケッツ,15,,アルハッサンラーマット,3,■,■,■,nan,nan,19,10,1,0.5263157894736842,0.47368421052631576,3.33,0,0,0,-,3,1.00,5,0,0,1,5.0,0,0,0,-
2019-03-23,03,NECレッドロケッツ,16,,小島満菜美,3,□,□,□,nan,nan,0,0,0,,,-,0,0,0,-,0,-,0,0,0,0,-,5,0,1,10.0
2019-03-23,03,NECレッドロケッツ,17,,峯村沙紀,2,□,□,nan,nan,nan,0,0,0,,,-,0,0,0,-,0,-,2,0,0,0,0.0,0,0,0,-
2019-03-23,03,埼玉上尾メディックス,3,,サンティアゴアライジャダフニ,3,■,■,■,nan,nan,12,5,2,0.4166666666666667,0.25,1.67,0,0,0,-,5,1.67,7,0,0,0,0.0,0,0,0,-
2019-03-23,03,埼玉上尾メディックス,7,L,山岸あかね,3,●,●,●,nan,nan,0,0,0,,,-,0,0,0,-,0,-,0,0,0,0,-,16,4,8,50.0
2019-03-23,03,埼玉上尾メディックス,9,,三浦茉実,3,■,■,■,nan,nan,6,1,0,0.16666666666666666,0.16666666666666666,0.33,0,0,0,-,0,-,13,2,0,4,23.1,0,0,0,-
2019-03-23,03,埼玉上尾メディックス,11,,青柳京古,0,nan,nan,nan,nan,nan,0,0,0,,,-,0,0,0,-,0,-,0,0,0,0,-,0,0,0,-
2019-03-23,03,埼玉上尾メディックス,13,,井上美咲,3,■,■,■,nan,nan,3,2,0,0.6666666666666666,0.6666666666666666,0.67,0,0,0,-,1,0.33,19,2,1,9,21.1,0,0,0,-
2019-03-23,03,埼玉上尾メディックス,17,,シュシュニャルカタリナ,3,■,■,■,nan,nan,45,20,2,0.4444444444444444,0.4,6.67,21,8,2,38.1,1,0.33,11,1,1,2,11.4,1,0,0,0.0
2019-03-23,03,埼玉上尾メディックス,19,,荒木夕貴,0,nan,nan,nan,nan,nan,0,0,0,,,-,0,0,0,-,0,-,0,0,0,0,-,0,0,0,-
2019-03-23,03,埼玉上尾メディックス,20,,丸山裕子,0,nan,nan,nan,nan,nan,0,0,0,,,-,0,0,0,-,0,-,0,0,0,0,-,0,0,0,-
2019-03-23,03,埼玉上尾メディックス,22,,若松歩実,0,nan,nan,nan,nan,nan,0,0,0,,,-,0,0,0,-,0,-,0,0,0,0,-,0,0,0,-
2019-03-23,03,埼玉上尾メディックス,23,,大室璃紗,3,□,□,□,nan,nan,0,0,0,,,-,0,0,0,-,0,-,0,0,0,0,-,3,0,1,16.7
2019-03-23,03,埼玉上尾メディックス,24,,山口珠李,0,nan,nan,nan,nan,nan,0,0,0,,,-,0,0,0,-,0,-,0,0,0,0,-,0,0,0,-
2019-03-23,03,埼玉上尾メディックス,25,,山崎のの花,0,nan,nan,nan,nan,nan,0,0,0,,,-,0,0,0,-,0,-,0,0,0,0,-,0,0,0,-
2019-03-23,03,埼玉上尾メディックス,26,,堀江美志,3,■,■,■,nan,nan,24,13,1,0.5416666666666666,0.5,4.33,1,0,0,0.0,0,-,11,1,1,6,20.5,30,11,7,48.3
2019-03-23,03,埼玉上尾メディックス,29,,吉野優理,3,■,■,■,nan,nan,31,7,2,0.22580645161290322,0.16129032258064516,2.33,2,0,0,0.0,1,0.33,12,1,0,2,12.5,5,2,2,60.0
2019-03-23,03,トヨタ車体クインシーズ,1,,鴫原ひなた,0,nan,nan,nan,nan,nan,0,0,0,,,-,0,0,0,-,0,-,0,0,0,0,-,0,0,0,-
2019-03-23,03,トヨタ車体クインシーズ,2,L,佐藤澪,4,〇,〇,〇,〇,nan,0,0,0,,,-,0,0,0,-,0,-,0,0,0,0,-,0,0,0,-
2019-03-23,03,トヨタ車体クインシーズ,3,,高橋沙織,2,□,nan,nan,□,nan,1,1,0,1.0,1.0,0.50,0,0,0,-,0,-,1,0,0,0,0.0,6,4,2,83.3
2019-03-23,03,トヨタ車体クインシーズ,4,,比金桃子,1,nan,nan,□,nan,nan,0,0,0,,,-,0,0,0,-,0,-,5,1,0,3,35.0,0,0,0,-
2019-03-23,03,トヨタ車体クインシーズ,5,,内瀬戸真実,4,■,■,■,■,nan,37,9,4,0.24324324324324326,0.13513513513513514,2.25,0,0,0,-,3,0.75,12,0,1,3,4.2,33,14,9,56.1
2019-03-23,03,トヨタ車体クインシーズ,6,,村永奈央,4,■,■,■,■,nan,19,4,3,0.21052631578947367,0.05263157894736842,1.00,1,0,0,0.0,1,0.25,11,0,0,4,9.1,41,9,15,40.2
2019-03-23,03,トヨタ車体クインシーズ,8,L,榊原美沙都,4,●,●,●,●,nan,0,0,0,,,-,0,0,0,-,0,-,0,0,0,0,-,9,4,1,50.0
2019-03-23,03,トヨタ車体クインシーズ,10,,小田桃香,0,nan,nan,nan,nan,nan,0,0,0,,,-,0,0,0,-,0,-,0,0,0,0,-,0,0,0,-
2019-03-23,03,トヨタ車体クインシーズ,11,,荒木絵里香,4,■,■,■,■,nan,15,9,0,0.6,0.6,2.25,1,0,0,0.0,3,0.75,17,0,0,3,4.4,0,0,0,-
2019-03-23,03,トヨタ車体クインシーズ,12,,渡邊彩,4,■,■,■,■,nan,25,14,0,0.56,0.56,3.50,0,0,0,-,1,0.25,10,0,3,0,-7.5,0,0,0,-
2019-03-23,03,トヨタ車体クインシーズ,13,,オズソイネリマン,4,■,■,■,■,nan,60,27,2,0.45,0.4166666666666667,6.75,20,6,1,30.0,0,-,14,1,0,4,14.3,0,0,0,-
2019-03-23,03,トヨタ車体クインシーズ,15,,杉郁香,0,nan,nan,nan,nan,nan,0,0,0,,,-,0,0,0,-,0,-,0,0,0,0,-,0,0,0,-
2019-03-23,03,トヨタ車体クインシーズ,17,,藪田美穂子,1,nan,nan,□,nan,nan,0,0,0,,,-,0,0,0,-,0,-,1,0,0,1,25.0,0,0,0,-
2019-03-23,03,トヨタ車体クインシーズ,18,,山上有紀,4,■,■,■,■,nan,0,0,0,,,-,0,0,0,-,0,-,13,0,0,2,3.8,0,0,0,-
2019-03-23,03,東レアローズ,1,,井上奈々朱,4,■,■,■,■,nan,19,11,0,0.5789473684210527,0.5789473684210527,2.75,0,0,0,-,2,0.50,9,0,1,3,5.6,0,0,0,-
2019-03-23,03,東レアローズ,2,,堀川真理,2,nan,□,nan,□,nan,0,0,0,,,-,0,0,0,-,0,-,0,0,0,0,-,0,0,0,-
2019-03-23,03,東レアローズ,3,,大野果歩,2,■,■,nan,nan,nan,5,0,0,0.0,0.0,-,0,0,0,-,0,-,1,0,0,0,0.0,0,0,0,-
2019-03-23,03,東レアローズ,4,,日高萌,3,□,nan,□,□,nan,0,0,0,,,-,0,0,0,-,0,-,5,0,0,2,10.0,0,0,0,-
2019-03-23,03,東レアローズ,6,,杉原若葉,0,nan,nan,nan,nan,nan,0,0,0,,,-,0,0,0,-,0,-,0,0,0,0,-,0,0,0,-
2019-03-23,03,東レアローズ,7,,クランヤナ,4,■,■,■,■,nan,63,23,2,0.36507936507936506,0.3333333333333333,5.75,11,4,1,36.4,0,-,12,1,0,5,18.8,0,0,0,-
2019-03-23,03,東レアローズ,8,,白井美沙紀,4,□,□,□,□,nan,0,0,0,,,-,0,0,0,-,0,-,5,1,0,1,25.0,0,0,0,-
2019-03-23,03,東レアローズ,9,,中田紫乃,4,■,■,■,■,nan,13,4,0,0.3076923076923077,0.3076923076923077,1.00,0,0,0,-,0,-,22,0,0,8,9.1,19,9,3,55.3
2019-03-23,03,東レアローズ,10,,石川真奈,0,nan,nan,nan,nan,nan,0,0,0,,,-,0,0,0,-,0,-,0,0,0,0,-,0,0,0,-
2019-03-23,03,東レアローズ,11,L,中島未来,4,●,●,●,●,nan,0,0,0,,,-,0,0,0,-,0,-,0,0,0,0,-,0,0,0,-
2019-03-23,03,東レアローズ,12,,小川愛里奈,3,nan,□,■,■,nan,11,7,0,0.6363636363636364,0.6363636363636364,2.33,0,0,0,-,1,0.33,9,2,1,3,27.8,0,0,0,-
2019-03-23,03,東レアローズ,13,,黒後愛,4,■,■,■,■,nan,50,23,2,0.46,0.42,5.75,1,1,0,100.0,1,0.25,16,1,0,5,14.1,54,28,13,63.9
2019-03-23,03,東レアローズ,14,,関菜々巳,4,■,■,■,■,nan,6,2,0,0.3333333333333333,0.3333333333333333,0.50,0,0,0,-,0,-,14,1,1,4,12.5,0,0,0,-
2019-03-23,03,東レアローズ,15,L,水杉玲奈,4,〇,〇,〇,〇,nan,0,0,0,,,-,0,0,0,-,0,-,0,0,0,0,-,6,3,3,75.0
2019-03-23,03,JTマーヴェラス,1,,芥川愛加,3,■,■,■,nan,nan,11,6,1,0.5454545454545454,0.45454545454545453,2.00,0,0,0,-,3,1.00,11,1,1,4,15.9,0,0,0,-
2019-03-23,03,JTマーヴェラス,2,,林琴奈,3,■,■,■,nan,nan,23,10,2,0.43478260869565216,0.34782608695652173,3.33,2,1,1,50.0,1,0.33,7,0,0,1,3.6,17,6,7,55.9
2019-03-23,03,JTマーヴェラス,3,,小川杏奈,0,nan,nan,nan,nan,nan,0,0,0,,,-,0,0,0,-,0,-,0,0,0,0,-,0,0,0,-
2019-03-23,03,JTマーヴェラス,4,,橘井友香,3,□,□,□,nan,nan,0,0,0,,,-,0,0,0,-,0,-,3,0,0,0,0.0,0,0,0,-
2019-03-23,03,JTマーヴェラス,5,,柴田真果,2,□,nan,□,nan,nan,0,0,0,,,-,0,0,0,-,0,-,1,0,0,0,0.0,0,0,0,-
2019-03-23,03,JTマーヴェラス,6,,田中瑞稀,3,■,■,■,nan,nan,29,6,0,0.20689655172413793,0.20689655172413793,2.00,3,0,0,0.0,1,0.33,9,0,1,2,2.8,25,5,6,32.0
2019-03-23,03,JTマーヴェラス,7,,田中美咲,3,■,■,■,nan,nan,4,2,0,0.5,0.5,0.67,0,0,0,-,0,-,11,0,1,4,6.8,2,0,2,50.0
2019-03-23,03,JTマーヴェラス,8,,カムンタラーケオカラヤー,3,■,■,■,nan,nan,7,2,1,0.2857142857142857,0.14285714285714285,0.67,0,0,0,-,4,1.33,4,0,0,0,0.0,0,0,0,-
2019-03-23,03,JTマーヴェラス,9,,ミハイロヴィッチブランキツァ,3,■,■,■,nan,nan,32,12,5,0.375,0.21875,4.00,6,3,1,50.0,0,-,13,0,1,5,7.7,1,0,0,0.0
2019-03-23,03,JTマーヴェラス,10,,栗原恵,0,nan,nan,nan,nan,nan,0,0,0,,,-,0,0,0,-,0,-,0,0,0,0,-,0,0,0,-
2019-03-23,03,JTマーヴェラス,11,,目黒優佳,2,□,nan,□,nan,nan,0,0,0,,,-,0,0,0,-,0,-,1,0,0,0,0.0,4,1,2,50.0
2019-03-23,03,JTマーヴェラス,14,,ヒックマンジャスティス,2,nan,□,□,nan,nan,1,0,0,0.0,0.0,-,0,0,0,-,0,-,3,0,0,0,0.0,3,0,2,33.3
2019-03-23,03,JTマーヴェラス,15,L,小幡真子,3,●,●,●,nan,nan,0,0,0,,,-,0,0,0,-,0,-,0,0,0,0,-,11,4,4,54.5
2019-03-23,03,JTマーヴェラス,16,,山本美沙,0,nan,nan,nan,nan,nan,0,0,0,,,-,0,0,0,-,0,-,0,0,0,0,-,0,0,0,-
2019-03-23,03,日立リヴァーレ,1,,間橋香織,0,nan,nan,nan,nan,nan,0,0,0,,,-,0,0,0,-,0,-,0,0,0,0,-,0,0,0,-
2019-03-23,03,日立リヴァーレ,2,,小野寺友香,3,■,■,■,nan,nan,0,0,0,,,-,0,0,0,-,2,0.67,9,0,1,6,13.9,0,0,0,-
2019-03-23,03,日立リヴァーレ,3,,堀井有蘭,0,nan,nan,nan,nan,nan,0,0,0,,,-,0,0,0,-,0,-,0,0,0,0,-,0,0,0,-
2019-03-23,03,日立リヴァーレ,6,,芳賀舞波,3,■,■,■,nan,nan,8,4,0,0.5,0.5,1.33,0,0,0,-,1,0.33,9,1,1,2,13.9,0,0,0,-
2019-03-23,03,日立リヴァーレ,7,L,齋藤加奈子,3,●,●,●,nan,nan,0,0,0,,,-,0,0,0,-,0,-,0,0,0,0,-,21,8,7,54.8
2019-03-23,03,日立リヴァーレ,8,,佐藤美弥,0,nan,nan,nan,nan,nan,0,0,0,,,-,0,0,0,-,0,-,0,0,0,0,-,0,0,0,-
2019-03-23,03,日立リヴァーレ,9,,渡邊久惠,3,■,■,■,nan,nan,38,14,0,0.3684210526315789,0.3684210526315789,4.67,3,0,0,0.0,0,-,15,0,1,6,8.3,0,0,0,-
2019-03-23,03,日立リヴァーレ,10,L,小池杏菜,3,〇,〇,〇,nan,nan,0,0,0,,,-,0,0,0,-,0,-,0,0,0,0,-,0,0,0,-
2019-03-23,03,日立リヴァーレ,12,,遠井萌仁,2,□,nan,□,nan,nan,0,0,0,,,-,0,0,0,-,0,-,0,0,0,0,-,0,0,0,-
2019-03-23,03,日立リヴァーレ,13,,長内美和子,0,nan,nan,nan,nan,nan,0,0,0,,,-,0,0,0,-,0,-,0,0,0,0,-,0,0,0,-
2019-03-23,03,日立リヴァーレ,15,,土井さくら,3,□,□,□,nan,nan,0,0,0,,,-,0,0,0,-,0,-,4,0,0,1,6.2,0,0,0,-
2019-03-23,03,日立リヴァーレ,18,,上坂瑠子,3,■,■,■,nan,nan,41,15,2,0.36585365853658536,0.3170731707317073,5.00,2,0,2,0.0,1,0.33,15,1,2,6,13.3,18,8,4,55.6
2019-03-23,03,日立リヴァーレ,19,,窪田美侑,3,■,■,■,nan,nan,12,6,1,0.5,0.4166666666666667,2.00,0,0,0,-,1,0.33,13,3,1,2,25.0,20,10,6,65.0
2019-03-23,03,日立リヴァーレ,20,,入澤まい,3,■,■,■,nan,nan,10,5,0,0.5,0.5,1.67,0,0,0,-,1,0.33,8,1,2,1,9.4,0,0,0,-
2019-03-24,03,NECレッドロケッツ,1,,島村春世,0,nan,nan,nan,nan,nan,0,0,0,,,-,0,0,0,-,0,-,0,0,0,0,-,0,0,0,-
2019-03-24,03,NECレッドロケッツ,2,,古賀紗理那,2,■,■,nan,nan,nan,13,4,0,0.3076923076923077,0.3076923076923077,2.00,1,0,0,0.0,0,-,6,0,0,3,12.5,4,1,2,50.0
2019-03-24,03,NECレッドロケッツ,3,,塚田しおり,0,nan,nan,nan,nan,nan,0,0,0,,,-,0,0,0,-,0,-,0,0,0,0,-,0,0,0,-
2019-03-24,03,NECレッドロケッツ,4,,柳田光綺,2,nan,□,■,nan,nan,8,1,0,0.125,0.125,0.50,3,1,0,33.3,0,-,4,0,0,1,6.2,5,1,3,50.0
2019-03-24,03,NECレッドロケッツ,5,,大野果奈,3,■,■,■,nan,nan,14,5,0,0.35714285714285715,0.35714285714285715,1.67,0,0,0,-,0,-,15,0,0,3,5.0,0,0,0,-
2019-03-24,03,NECレッドロケッツ,6,,上野香織,0,nan,nan,nan,nan,nan,0,0,0,,,-,0,0,0,-,0,-,0,0,0,0,-,0,0,0,-
2019-03-24,03,NECレッドロケッツ,7,,山口かなめ,3,■,■,■,nan,nan,1,0,1,0.0,-1.0,-,0,0,0,-,0,-,9,1,1,3,16.7,0,0,0,-
2019-03-24,03,NECレッドロケッツ,9,,廣瀬七海,3,■,■,■,nan,nan,46,17,4,0.3695652173913043,0.2826086956521739,5.67,13,3,2,23.1,1,0.33,8,1,3,3,12.5,0,0,0,-
2019-03-24,03,NECレッドロケッツ,10,L,岩崎紗也加,3,●,●,●,nan,nan,0,0,0,,,-,0,0,0,-,0,-,0,0,0,0,-,19,7,6,52.6
2019-03-24,03,NECレッドロケッツ,11,,篠原沙耶香,2,□,nan,□,nan,nan,0,0,0,,,-,0,0,0,-,0,-,2,0,1,0,-12.5,0,0,0,-
2019-03-24,03,NECレッドロケッツ,14,,荒谷栞,3,■,■,■,nan,nan,21,7,0,0.3333333333333333,0.3333333333333333,2.33,3,0,0,0.0,0,-,11,2,0,5,29.5,32,7,8,34.4
2019-03-24,03,NECレッドロケッツ,15,,アルハッサンラーマット,3,■,■,■,nan,nan,13,7,0,0.5384615384615384,0.5384615384615384,2.33,0,0,0,-,2,0.67,4,0,1,0,-6.2,0,0,0,-
2019-03-24,03,NECレッドロケッツ,16,,小島満菜美,3,□,□,□,nan,nan,0,0,0,,,-,0,0,0,-,0,-,0,0,0,0,-,3,0,2,33.3
2019-03-24,03,NECレッドロケッツ,17,,峯村沙紀,1,nan,nan,□,nan,nan,9,1,0,0.1111111111111111,0.1111111111111111,1.00,0,0,0,-,0,-,2,0,0,0,0.0,4,1,1,37.5
2019-03-24,03,久光製薬スプリングス,2,,古藤千鶴,3,■,■,■,nan,nan,0,0,0,,,-,0,0,0,-,1,0.33,9,0,1,4,8.3,0,0,0,-
2019-03-24,03,久光製薬スプリングス,3,,新鍋理沙,3,■,■,■,nan,nan,18,6,0,0.3333333333333333,0.3333333333333333,2.00,0,0,0,-,1,0.33,11,1,2,5,15.9,2,1,1,75.0
2019-03-24,03,久光製薬スプリングス,4,,岩坂名奈,3,■,■,■,nan,nan,17,5,1,0.29411764705882354,0.23529411764705882,1.67,0,0,0,-,5,1.67,6,0,1,1,0.0,0,0,0,-
2019-03-24,03,久光製薬スプリングス,6,,石井優希,3,■,■,■,nan,nan,39,15,1,0.38461538461538464,0.358974358974359,5.00,6,5,0,83.3,0,-,14,0,0,4,7.1,21,9,4,52.4
2019-03-24,03,久光製薬スプリングス,8,,野本梨佳,3,■,■,■,nan,nan,38,18,1,0.47368421052631576,0.4473684210526316,6.00,4,1,1,25.0,0,-,9,1,2,2,11.1,6,2,1,41.7
2019-03-24,03,久光製薬スプリングス,10,L,座安琴希,0,nan,nan,nan,nan,nan,0,0,0,,,-,0,0,0,-,0,-,0,0,0,0,-,0,0,0,-
2019-03-24,03,久光製薬スプリングス,11,,栄絵里香,0,nan,nan,nan,nan,nan,0,0,0,,,-,0,0,0,-,0,-,0,0,0,0,-,0,0,0,-
2019-03-24,03,久光製薬スプリングス,12,,今村優香,0,nan,nan,nan,nan,nan,0,0,0,,,-,0,0,0,-,0,-,0,0,0,0,-,0,0,0,-
2019-03-24,03,久光製薬スプリングス,14,,森谷史佳,0,nan,nan,nan,nan,nan,0,0,0,,,-,0,0,0,-,0,-,0,0,0,0,-,0,0,0,-
2019-03-24,03,久光製薬スプリングス,16,,アキンラデウォフォルケ,3,■,■,■,nan,nan,7,5,1,0.7142857142857143,0.5714285714285714,1.67,0,0,0,-,1,0.33,21,3,0,10,26.2,0,0,0,-
2019-03-24,03,久光製薬スプリングス,18,L,戸江真奈,3,●,●,●,nan,nan,0,0,0,,,-,0,0,0,-,0,-,0,0,0,0,-,22,8,8,54.5
2019-03-24,03,久光製薬スプリングス,20,,筒井さやか,3,□,□,□,nan,nan,0,0,0,,,-,0,0,0,-,0,-,0,0,0,0,-,3,2,0,66.7
2019-03-24,03,久光製薬スプリングス,22,,井上愛里沙,0,nan,nan,nan,nan,nan,0,0,0,,,-,0,0,0,-,0,-,0,0,0,0,-,0,0,0,-
2019-03-24,03,久光製薬スプリングス,25,,加藤光,3,□,□,□,nan,nan,0,0,0,,,-,0,0,0,-,0,-,4,0,0,2,12.5,0,0,0,-
2019-03-24,03,JTマーヴェラス,1,,芥川愛加,5,■,■,■,■,■,21,12,2,0.5714285714285714,0.47619047619047616,2.40,0,0,0,-,3,0.60,13,0,1,8,13.5,0,0,0,-
2019-03-24,03,JTマーヴェラス,2,,林琴奈,5,■,■,■,■,■,37,15,4,0.40540540540540543,0.2972972972972973,3.00,1,0,0,0.0,1,0.20,16,0,2,2,0.0,39,22,8,66.7
2019-03-24,03,JTマーヴェラス,3,,小川杏奈,0,nan,nan,nan,nan,nan,0,0,0,,,-,0,0,0,-,0,-,0,0,0,0,-,0,0,0,-
2019-03-24,03,JTマーヴェラス,4,,橘井友香,5,■,■,■,■,■,50,19,2,0.38,0.34,3.80,3,1,0,33.3,0,-,19,0,2,6,5.3,2,1,1,75.0
2019-03-24,03,JTマーヴェラス,5,,柴田真果,0,nan,nan,nan,nan,nan,0,0,0,,,-,0,0,0,-,0,-,0,0,0,0,-,0,0,0,-
2019-03-24,03,JTマーヴェラス,6,,田中瑞稀,5,■,■,■,■,■,80,23,2,0.2875,0.2625,4.60,6,2,0,33.3,0,-,15,1,1,5,13.3,29,16,4,62.1
2019-03-24,03,JTマーヴェラス,7,,田中美咲,5,■,■,■,■,■,14,7,4,0.5,0.21428571428571427,1.40,0,0,0,-,0,-,18,0,1,6,6.9,0,0,0,-
2019-03-24,03,JTマーヴェラス,8,,カムンタラーケオカラヤー,5,■,■,■,■,■,18,8,0,0.4444444444444444,0.4444444444444444,1.60,0,0,0,-,1,0.20,16,0,0,5,7.8,5,3,0,60.0
2019-03-24,03,JTマーヴェラス,10,,栗原恵,0,nan,nan,nan,nan,nan,0,0,0,,,-,0,0,0,-,0,-,0,0,0,0,-,0,0,0,-
2019-03-24,03,JTマーヴェラス,11,,目黒優佳,5,□,□,□,□,□,1,0,1,0.0,-1.0,-,1,0,1,0.0,0,-,5,1,0,1,25.0,4,3,0,75.0
2019-03-24,03,JTマーヴェラス,14,,ヒックマンジャスティス,4,□,nan,□,□,□,1,0,0,0.0,0.0,-,1,0,0,0.0,0,-,0,0,0,0,-,5,3,0,60.0
2019-03-24,03,JTマーヴェラス,15,L,小幡真子,5,●,●,●,●,●,0,0,0,,,-,0,0,0,-,0,-,0,0,0,0,-,18,10,2,61.1
2019-03-24,03,JTマーヴェラス,16,,山本美沙,5,□,□,□,□,□,0,0,0,,,-,0,0,0,-,0,-,8,1,0,3,21.9,0,0,0,-
2019-03-24,03,JTマーヴェラス,18,,橋本梨紗,0,nan,nan,nan,nan,nan,0,0,0,,,-,0,0,0,-,0,-,0,0,0,0,-,0,0,0,-
2019-03-24,03,東レアローズ,1,,井上奈々朱,5,■,■,■,■,■,15,5,1,0.3333333333333333,0.26666666666666666,1.00,0,0,0,-,0,-,13,1,1,5,15.4,0,0,0,-
2019-03-24,03,東レアローズ,2,,堀川真理,2,nan,nan,nan,□,□,0,0,0,,,-,0,0,0,-,0,-,0,0,0,0,-,0,0,0,-
2019-03-24,03,東レアローズ,4,,日高萌,0,nan,nan,nan,nan,nan,0,0,0,,,-,0,0,0,-,0,-,0,0,0,0,-,0,0,0,-
2019-03-24,03,東レアローズ,5,,伊藤望,0,nan,nan,nan,nan,nan,0,0,0,,,-,0,0,0,-,0,-,0,0,0,0,-,0,0,0,-
2019-03-24,03,東レアローズ,6,,杉原若葉,4,□,□,□,□,nan,0,0,0,,,-,0,0,0,-,0,-,8,0,0,2,6.2,0,0,0,-
2019-03-24,03,東レアローズ,7,,クランヤナ,5,■,■,■,■,■,77,34,3,0.44155844155844154,0.4025974025974026,6.80,11,8,1,72.7,6,1.20,21,1,1,7,11.9,0,0,0,-
2019-03-24,03,東レアローズ,8,,白井美沙紀,5,□,□,□,□,□,0,0,0,,,-,0,0,0,-,0,-,9,0,0,1,2.8,0,0,0,-
2019-03-24,03,東レアローズ,9,,中田紫乃,5,■,■,■,■,■,20,4,0,0.2,0.2,0.80,0,0,0,-,2,0.40,12,0,0,4,8.3,37,19,5,58.1
2019-03-24,03,東レアローズ,10,,石川真奈,1,nan,□,nan,nan,nan,0,0,0,,,-,0,0,0,-,1,1.00,2,0,0,0,0.0,5,2,0,40.0
2019-03-24,03,東レアローズ,11,L,中島未来,3,●,●,●,nan,nan,0,0,0,,,-,0,0,0,-,0,-,0,0,0,0,-,0,0,0,-
2019-03-24,03,東レアローズ,12,,小川愛里奈,5,■,■,■,■,■,29,5,0,0.1724137931034483,0.1724137931034483,1.00,0,0,0,-,2,0.40,12,1,2,3,10.4,2,0,0,0.0
2019-03-24,03,東レアローズ,13,,黒後愛,5,■,■,■,■,■,56,15,5,0.26785714285714285,0.17857142857142858,3.00,6,0,2,0.0,1,0.20,15,0,1,5,6.7,51,23,12,56.9
2019-03-24,03,東レアローズ,14,,関菜々巳,5,■,■,■,■,■,3,1,0,0.3333333333333333,0.3333333333333333,0.20,0,0,0,-,2,0.40,15,0,0,2,3.3,0,0,0,-
2019-03-24,03,東レアローズ,15,L,水杉玲奈,5,〇,〇,〇,●,●,0,0,0,,,-,0,0,0,-,0,-,0,0,0,0,-,8,4,2,62.5
2019-03-24,03,埼玉上尾メディックス,3,,サンティアゴアライジャダフニ,5,■,■,■,■,■,28,18,1,0.6428571428571429,0.6071428571428571,3.60,0,0,0,-,5,1.00,14,0,1,5,7.1,0,0,0,-
2019-03-24,03,埼玉上尾メディックス,8,,松本亜弥華,0,nan,nan,nan,nan,nan,0,0,0,,,-,0,0,0,-,0,-,0,0,0,0,-,0,0,0,-
2019-03-24,03,埼玉上尾メディックス,9,,三浦茉実,1,nan,nan,nan,nan,□,0,0,0,,,-,0,0,0,-,0,-,0,0,0,0,-,0,0,0,-
2019-03-24,03,埼玉上尾メディックス,11,,青柳京古,5,■,■,■,■,■,11,9,0,0.8181818181818182,0.8181818181818182,1.80,0,0,0,-,2,0.40,15,1,1,3,10.0,2,0,1,25.0
2019-03-24,03,埼玉上尾メディックス,13,,井上美咲,5,■,■,■,■,■,0,0,0,,,-,0,0,0,-,2,0.40,32,0,0,12,9.4,1,0,0,0.0
2019-03-24,03,埼玉上尾メディックス,17,,シュシュニャルカタリナ,5,■,■,■,■,■,58,25,4,0.43103448275862066,0.3620689655172414,5.00,14,8,1,57.1,4,0.80,12,0,5,1,-8.3,0,0,0,-
2019-03-24,03,埼玉上尾メディックス,19,,荒木夕貴,1,nan,nan,nan,□,nan,0,0,0,,,-,0,0,0,-,0,-,1,0,0,0,0.0,0,0,0,-
2019-03-24,03,埼玉上尾メディックス,20,,丸山裕子,0,nan,nan,nan,nan,nan,0,0,0,,,-,0,0,0,-,0,-,0,0,0,0,-,0,0,0,-
2019-03-24,03,埼玉上尾メディックス,23,L,大室璃紗,5,●,●,●,●,●,0,0,0,,,-,0,0,0,-,0,-,0,0,0,0,-,30,16,5,61.7
2019-03-24,03,埼玉上尾メディックス,24,,山口珠李,3,nan,□,□,□,nan,12,5,2,0.4166666666666667,0.25,1.67,0,0,0,-,1,0.33,1,0,0,0,0.0,0,0,0,-
2019-03-24,03,埼玉上尾メディックス,25,,山崎のの花,3,nan,nan,□,□,□,0,0,0,,,-,0,0,0,-,0,-,0,0,0,0,-,0,0,0,-
2019-03-24,03,埼玉上尾メディックス,26,,堀江美志,5,■,■,■,■,■,26,10,5,0.38461538461538464,0.19230769230769232,2.00,4,1,0,25.0,1,0.20,15,0,1,3,3.3,49,19,13,52.0
2019-03-24,03,埼玉上尾メディックス,28,,岩澤実育,3,□,□,□,nan,nan,0,0,0,,,-,0,0,0,-,0,-,0,0,0,0,-,3,1,0,33.3
2019-03-24,03,埼玉上尾メディックス,29,,吉野優理,5,■,■,■,■,■,32,10,0,0.3125,0.3125,2.00,1,0,0,0.0,3,0.60,19,1,1,7,13.2,16,6,5,53.1
2019-03-24,03,デンソーエアリービーズ,1,,中元南,2,■,nan,□,nan,nan,12,1,1,0.08333333333333333,0.0,0.50,0,0,0,-,0,-,4,0,0,1,6.2,0,0,0,-
2019-03-24,03,デンソーエアリービーズ,3,,朝日優衣,3,■,nan,nan,□,□,5,1,0,0.2,0.2,0.33,0,0,0,-,0,-,4,0,0,2,12.5,8,5,1,68.8
2019-03-24,03,デンソーエアリービーズ,5,,大竹里歩,0,nan,nan,nan,nan,nan,0,0,0,,,-,0,0,0,-,0,-,0,0,0,0,-,0,0,0,-
2019-03-24,03,デンソーエアリービーズ,7,,早坂梢依,2,□,nan,□,nan,nan,0,0,0,,,-,0,0,0,-,0,-,0,0,0,0,-,0,0,0,-
2019-03-24,03,デンソーエアリービーズ,8,,田原愛里,5,■,■,■,■,■,1,1,0,1.0,1.0,0.20,0,0,0,-,0,-,10,0,1,3,5.0,0,0,0,-
2019-03-24,03,デンソーエアリービーズ,9,,小口樹葉,1,nan,nan,nan,□,nan,0,0,0,,,-,0,0,0,-,0,-,0,0,0,0,-,1,0,1,50.0
2019-03-24,03,デンソーエアリービーズ,10,L,中川千世,5,●,●,●,●,●,0,0,0,,,-,0,0,0,-,0,-,0,0,0,0,-,66,26,19,53.8
2019-03-24,03,デンソーエアリービーズ,12,L,石橋桃子,3,〇,〇,〇,nan,nan,0,0,0,,,-,0,0,0,-,0,-,0,0,0,0,-,0,0,0,-
2019-03-24,03,デンソーエアリービーズ,15,,鍋谷友理枝,5,■,■,■,■,■,50,16,1,0.32,0.3,3.20,2,1,0,50.0,3,0.60,18,2,0,8,22.2,9,6,1,72.2
2019-03-24,03,デンソーエアリービーズ,17,,野村明日香,5,■,■,■,■,■,8,3,1,0.375,0.25,0.60,0,0,0,-,1,0.20,18,1,0,5,12.5,0,0,0,-
2019-03-24,03,デンソーエアリービーズ,18,,シニアードジャック,5,■,■,■,■,■,28,14,2,0.5,0.42857142857142855,2.80,0,0,0,-,7,1.40,9,1,0,5,25.0,0,0,0,-
2019-03-24,03,デンソーエアリービーズ,21,,工藤嶺,4,nan,■,■,■,■,47,17,0,0.3617021276595745,0.3617021276595745,4.25,6,1,0,16.7,0,-,16,2,1,5,18.8,15,4,5,43.3
2019-03-24,03,デンソーエアリービーズ,22,,石田瑞穂,5,□,■,■,■,■,28,8,1,0.2857142857142857,0.25,1.60,5,2,0,40.0,3,0.60,21,0,0,5,6.0,1,1,0,100.0
2019-03-24,03,デンソーエアリービーズ,24,,兵頭由希,3,nan,□,□,nan,□,0,0,0,,,-,0,0,0,-,0,-,5,0,0,1,5.0,0,0,0,-
