‡“ú,ƒ`[ƒ€,‘Šèƒ`[ƒ€,”w”Ô†,ƒŠƒxƒ,–¼‘O,oê”,1,2,3,4,5,ƒAƒ^ƒbƒN‘Å”,ƒAƒ^ƒbƒN“¾“_,ƒAƒ^ƒbƒN¸“_,ƒAƒ^ƒbƒNŒˆ’è—¦,ƒAƒ^ƒbƒNŒø‰Ê—¦,ƒAƒ^ƒbƒNƒZƒbƒg•½‹Ï,ƒoƒbƒNƒAƒ^ƒbƒN‘Å”,ƒoƒbƒNƒAƒ^ƒbƒN“¾“_,ƒoƒbƒNƒAƒ^ƒbƒN¸“_,ƒoƒbƒNƒAƒ^ƒbƒNŒˆ’è—¦,ƒuƒƒbƒN“¾“_,ƒuƒƒbƒNƒZƒbƒg•½‹Ï,ƒT[ƒu‘Å”,ƒT[ƒu“¾“_,ƒT[ƒu¸“_,ƒT[ƒuŒø‰Ê,ƒT[ƒuŒø‰Ê—¦,ó”,ƒT[ƒuƒŒƒV[ƒu¬Œ÷E—D,ƒT[ƒuƒŒƒV[ƒu¬Œ÷E—Ç,ƒT[ƒuƒŒƒV[ƒu¬Œ÷—¦,‘“¾“_
2020-10-17,äƒuƒŒƒCƒU[ƒY,VC’·–ìƒgƒ‰ƒCƒfƒ“ƒc,1,,¼–{Œc•F,2,¡,¡,nan,nan,nan,6,4,0,66.7,66.7,2.00,0,0,0,-,0,-,9,0,1,2,2.8,0,0,0,-,4
2020-10-17,äƒuƒŒƒCƒU[ƒY,VC’·–ìƒgƒ‰ƒCƒfƒ“ƒc,3,,‹{Œ´‹Ml,4, , ,¡, ,nan,10,3,1,30.0,20.0,0.75,5,1,1,20.0,0,-,4,1,1,1,25.0,0,0,0,-,4
2020-10-17,äƒuƒŒƒCƒU[ƒY,VC’·–ìƒgƒ‰ƒCƒfƒ“ƒc,4,,‚–ì’¼Æ,4,¡,¡,¡,¡,nan,21,11,1,52.4,47.6,2.75,5,2,0,40.0,1,0.25,19,1,2,10,15.8,38,13,17,56.6,13
2020-10-17,äƒuƒŒƒCƒU[ƒY,VC’·–ìƒgƒ‰ƒCƒfƒ“ƒc,6,,Rí•‹M–î,1, ,nan,nan,nan,nan,0,0,0,,,-,0,0,0,-,0,-,1,0,0,1,25.0,0,0,0,-,0
2020-10-17,äƒuƒŒƒCƒU[ƒY,VC’·–ìƒgƒ‰ƒCƒfƒ“ƒc,7,,oãÎ“cŒh,4,¡,¡,¡,¡,nan,13,7,1,53.8,46.2,1.75,0,0,0,-,5,1.25,11,0,2,3,2.3,0,0,0,-,12
2020-10-17,äƒuƒŒƒCƒU[ƒY,VC’·–ìƒgƒ‰ƒCƒfƒ“ƒc,8,,²ìãÄ,0,nan,nan,nan,nan,nan,0,0,0,,,-,0,0,0,-,0,-,0,0,0,0,-,0,0,0,-,0
2020-10-17,äƒuƒŒƒCƒU[ƒY,VC’·–ìƒgƒ‰ƒCƒfƒ“ƒc,10,,çX–Øx‰î,3,nan, , ,¡,nan,9,5,0,55.6,55.6,1.67,3,1,0,33.3,1,0.33,6,0,0,4,16.7,1,1,0,100.0,6
2020-10-17,äƒuƒŒƒCƒU[ƒY,VC’·–ìƒgƒ‰ƒCƒfƒ“ƒc,11,,ŠÖ“c½‘å,4,¡,¡,¡,¡,nan,1,1,0,100.0,100.0,0.25,0,0,0,-,0,-,11,0,1,3,4.5,0,0,0,-,1
2020-10-17,äƒuƒŒƒCƒU[ƒY,VC’·–ìƒgƒ‰ƒCƒfƒ“ƒc,12,,¬’r—E‹P,3,nan, , , ,nan,0,0,0,,,-,0,0,0,-,0,-,3,0,3,0,-25.0,0,0,0,-,0
2020-10-17,äƒuƒŒƒCƒU[ƒY,VC’·–ìƒgƒ‰ƒCƒfƒ“ƒc,14,,RŒûèñ•½,0,nan,nan,nan,nan,nan,0,0,0,,,-,0,0,0,-,0,-,0,0,0,0,-,0,0,0,-,0
2020-10-17,äƒuƒŒƒCƒU[ƒY,VC’·–ìƒgƒ‰ƒCƒfƒ“ƒc,20,L,R–{’q‘å,4,œ,œ,œ,œ,nan,0,0,0,,,-,0,0,0,-,0,-,0,0,0,0,-,19,8,9,65.8,0
2020-10-17,äƒuƒŒƒCƒU[ƒY,VC’·–ìƒgƒ‰ƒCƒfƒ“ƒc,21,,’|Œ³—T‘¾˜Y,3,nan, ,¡,¡,nan,8,3,0,37.5,37.5,1.00,0,0,0,-,0,-,9,0,0,0,0.0,0,0,0,-,3
2020-10-17,äƒuƒŒƒCƒU[ƒY,VC’·–ìƒgƒ‰ƒCƒfƒ“ƒc,23,,‰L–ìK–ç,3,¡,¡,¡,nan,nan,19,5,2,26.3,15.8,1.67,7,0,2,0.0,2,0.67,10,0,2,5,7.5,13,6,4,61.5,7
2020-10-17,äƒuƒŒƒCƒU[ƒY,VC’·–ìƒgƒ‰ƒCƒfƒ“ƒc,24,,ƒWƒ‡ƒ“ƒEƒFƒ“ƒg,4,¡,¡, ,¡,nan,36,16,5,44.4,30.6,4.00,11,6,3,54.5,1,0.25,15,2,3,2,11.7,1,0,1,50.0,19
2020-10-17,äƒuƒŒƒCƒU[ƒY,VC’·–ìƒgƒ‰ƒCƒfƒ“ƒc,ƒ`[ƒ€‡Œv,ƒ`[ƒ€‡Œv,ƒ`[ƒ€‡Œv,4,nan,nan,nan,nan,nan,123,55,10,44.7,36.6,13.75,31,10,6,32.3,10,2.50,98,4,15,31,8.2,72,28,31,60.4,69
2020-10-17,VC’·–ìƒgƒ‰ƒCƒfƒ“ƒc,äƒuƒŒƒCƒU[ƒY,4,,’†‘º—³•ã,4,¡,¡,¡,¡,nan,11,5,0,45.5,45.5,1.25,0,0,0,-,3,0.75,9,0,0,1,2.8,3,1,0,33.3,8
2020-10-17,VC’·–ìƒgƒ‰ƒCƒfƒ“ƒc,äƒuƒŒƒCƒU[ƒY,5,,Š}—˜^Œá,4,¡,¡,¡,¡,nan,21,6,2,28.6,19.0,1.50,6,1,1,16.7,1,0.25,13,0,4,3,-1.9,12,2,2,25.0,7
2020-10-17,VC’·–ìƒgƒ‰ƒCƒfƒ“ƒc,äƒuƒŒƒCƒU[ƒY,6,,ˆÉ“¡÷,0,nan,nan,nan,nan,nan,0,0,0,,,-,0,0,0,-,0,-,0,0,0,0,-,0,0,0,-,0
2020-10-17,VC’·–ìƒgƒ‰ƒCƒfƒ“ƒc,äƒuƒŒƒCƒU[ƒY,7,,ŒË›½“‘å,4,¡,¡,¡,¡,nan,39,15,4,38.5,28.2,3.75,10,6,1,60.0,0,-,13,0,3,2,-1.9,30,9,10,46.7,15
2020-10-17,VC’·–ìƒgƒ‰ƒCƒfƒ“ƒc,äƒuƒŒƒCƒU[ƒY,8,,‰Í“Œ—S‘å,4,¡,¡,¡,¡,nan,0,0,0,,,-,0,0,0,-,1,0.25,17,0,0,1,1.5,0,0,0,-,1
2020-10-17,VC’·–ìƒgƒ‰ƒCƒfƒ“ƒc,äƒuƒŒƒCƒU[ƒY,9,,’r“cK‘¾,4,¡,¡,¡,¡,nan,55,23,5,41.8,32.7,5.75,19,10,3,52.6,1,0.25,15,0,6,3,-5.0,17,5,5,44.1,24
2020-10-17,VC’·–ìƒgƒ‰ƒCƒfƒ“ƒc,äƒuƒŒƒCƒU[ƒY,12,L,R–{Œ›Œá,4,œ,œ,œ,œ,nan,0,0,0,,,-,0,0,0,-,0,-,0,0,0,0,-,5,2,0,40.0,0
2020-10-17,VC’·–ìƒgƒ‰ƒCƒfƒ“ƒc,äƒuƒŒƒCƒU[ƒY,13,,’Ö‰è‹v,4, , , , ,nan,0,0,0,,,-,0,0,0,-,0,-,1,0,0,0,0.0,0,0,0,-,0
2020-10-17,VC’·–ìƒgƒ‰ƒCƒfƒ“ƒc,äƒuƒŒƒCƒU[ƒY,14,,–îŠÑ—´”n,0,nan,nan,nan,nan,nan,0,0,0,,,-,0,0,0,-,0,-,0,0,0,0,-,0,0,0,-,0
2020-10-17,VC’·–ìƒgƒ‰ƒCƒfƒ“ƒc,äƒuƒŒƒCƒU[ƒY,15,,”g²ŠÔ‘×•½,0,nan,nan,nan,nan,nan,0,0,0,,,-,0,0,0,-,0,-,0,0,0,0,-,0,0,0,-,0
2020-10-17,VC’·–ìƒgƒ‰ƒCƒfƒ“ƒc,äƒuƒŒƒCƒU[ƒY,16,,XèŒ’j,4,¡,¡,¡,¡,nan,9,4,0,44.4,44.4,1.00,0,0,0,-,0,-,18,1,3,2,4.2,3,2,1,83.3,5
2020-10-17,VC’·–ìƒgƒ‰ƒCƒfƒ“ƒc,äƒuƒŒƒCƒU[ƒY,21,,‚àV˜a‹M,3, , ,nan, ,nan,0,0,0,,,-,0,0,0,-,0,-,3,0,1,0,-8.3,0,0,0,-,0
2020-10-17,VC’·–ìƒgƒ‰ƒCƒfƒ“ƒc,äƒuƒŒƒCƒU[ƒY,22,L,Šp‰ë–ç,3,nan,Z,Z,Z,nan,0,0,0,,,-,0,0,0,-,0,-,0,0,0,0,-,11,6,2,63.6,0
2020-10-17,VC’·–ìƒgƒ‰ƒCƒfƒ“ƒc,äƒuƒŒƒCƒU[ƒY,24,,’·“c—ƒ,0,nan,nan,nan,nan,nan,0,0,0,,,-,0,0,0,-,0,-,0,0,0,0,-,0,0,0,-,0
2020-10-17,VC’·–ìƒgƒ‰ƒCƒfƒ“ƒc,äƒuƒŒƒCƒU[ƒY,ƒ`[ƒ€‡Œv,ƒ`[ƒ€‡Œv,ƒ`[ƒ€‡Œv,4,nan,nan,nan,nan,nan,135,53,11,39.3,31.1,13.25,35,17,5,48.6,6,1.50,89,1,17,12,-0.3,81,27,20,45.7,60
2020-10-17,ƒTƒ“ƒgƒŠ[ƒTƒ“ƒo[ƒY,ƒEƒ‹ƒtƒhƒbƒOƒX–¼ŒÃ‰®,1,L,’ß“c‘å÷,4,œ,œ,œ,œ,nan,0,0,0,,,-,0,0,0,-,0,-,0,0,0,0,-,26,13,11,71.2,0
2020-10-17,ƒTƒ“ƒgƒŠ[ƒTƒ“ƒo[ƒY,ƒEƒ‹ƒtƒhƒbƒOƒX–¼ŒÃ‰®,3,,¬–ì—y‹P,4,¡,¡,¡,¡,nan,11,4,0,36.4,36.4,1.00,0,0,0,-,4,1.00,11,1,3,0,2.3,0,0,0,-,9
2020-10-17,ƒTƒ“ƒgƒŠ[ƒTƒ“ƒo[ƒY,ƒEƒ‹ƒtƒhƒbƒOƒX–¼ŒÃ‰®,4,,’¹”ˆŸ“l–²,0,nan,nan,nan,nan,nan,0,0,0,,,-,0,0,0,-,0,-,0,0,0,0,-,0,0,0,-,0
2020-10-17,ƒTƒ“ƒgƒŠ[ƒTƒ“ƒo[ƒY,ƒEƒ‹ƒtƒhƒbƒOƒX–¼ŒÃ‰®,5,,¼—ÑŒ›‘¾˜Y,0,nan,nan,nan,nan,nan,0,0,0,,,-,0,0,0,-,0,-,0,0,0,0,-,0,0,0,-,0
2020-10-17,ƒTƒ“ƒgƒŠ[ƒTƒ“ƒo[ƒY,ƒEƒ‹ƒtƒhƒbƒOƒX–¼ŒÃ‰®,8,,–ö“c«—m,4,¡,¡,¡,¡,nan,39,17,2,43.6,38.5,4.25,11,7,0,63.6,2,0.50,19,4,3,6,25.0,15,3,4,33.3,23
2020-10-17,ƒTƒ“ƒgƒŠ[ƒTƒ“ƒo[ƒY,ƒEƒ‹ƒtƒhƒbƒOƒX–¼ŒÃ‰®,9,,‘å‘î^÷,4,¡,¡,¡,¡,nan,2,1,0,50.0,50.0,0.25,0,0,0,-,1,0.25,21,0,6,5,-1.2,0,0,0,-,2
2020-10-17,ƒTƒ“ƒgƒŠ[ƒTƒ“ƒo[ƒY,ƒEƒ‹ƒtƒhƒbƒOƒX–¼ŒÃ‰®,10,,“¡’†Œª–ç,4,¡,¡,¡,¡,nan,24,10,3,41.7,29.2,2.50,5,4,0,80.0,1,0.25,15,0,1,0,-1.7,32,16,4,56.2,11
2020-10-17,ƒTƒ“ƒgƒŠ[ƒTƒ“ƒo[ƒY,ƒEƒ‹ƒtƒhƒbƒOƒX–¼ŒÃ‰®,11,,`k‰î,0,nan,nan,nan,nan,nan,0,0,0,,,-,0,0,0,-,0,-,0,0,0,0,-,0,0,0,-,0
2020-10-17,ƒTƒ“ƒgƒŠ[ƒTƒ“ƒo[ƒY,ƒEƒ‹ƒtƒhƒbƒOƒX–¼ŒÃ‰®,12,,‰–“c’B–ç,4,¡,¡,¡,¡,nan,9,5,0,55.6,55.6,1.25,0,0,0,-,1,0.25,13,0,3,2,-1.9,0,0,0,-,6
2020-10-17,ƒTƒ“ƒgƒŠ[ƒTƒ“ƒo[ƒY,ƒEƒ‹ƒtƒhƒbƒOƒX–¼ŒÃ‰®,14,,‰Á“¡‹v“T,0,nan,nan,nan,nan,nan,0,0,0,,,-,0,0,0,-,0,-,0,0,0,0,-,0,0,0,-,0
2020-10-17,ƒTƒ“ƒgƒŠ[ƒTƒ“ƒo[ƒY,ƒEƒ‹ƒtƒhƒbƒOƒX–¼ŒÃ‰®,15,,Šì“üË[,2,nan, ,nan, ,nan,0,0,0,,,-,0,0,0,-,0,-,4,1,0,0,25.0,0,0,0,-,1
2020-10-17,ƒTƒ“ƒgƒŠ[ƒTƒ“ƒo[ƒY,ƒEƒ‹ƒtƒhƒbƒOƒX–¼ŒÃ‰®,19,,ŒIR‰ëj,4,¡,¡,¡,¡,nan,43,22,3,51.2,44.2,5.50,18,13,1,72.2,1,0.25,20,1,1,1,5.0,0,0,0,-,24
2020-10-17,ƒTƒ“ƒgƒŠ[ƒTƒ“ƒo[ƒY,ƒEƒ‹ƒtƒhƒbƒOƒX–¼ŒÃ‰®,20,,¼“cŠ°Šî,3, , ,nan, ,nan,0,0,0,,,-,0,0,0,-,0,-,3,0,0,1,8.3,0,0,0,-,0
2020-10-17,ƒTƒ“ƒgƒŠ[ƒTƒ“ƒo[ƒY,ƒEƒ‹ƒtƒhƒbƒOƒX–¼ŒÃ‰®,21,,²“¡ŒªŸ,0,nan,nan,nan,nan,nan,0,0,0,,,-,0,0,0,-,0,-,0,0,0,0,-,0,0,0,-,0
2020-10-17,ƒTƒ“ƒgƒŠ[ƒTƒ“ƒo[ƒY,ƒEƒ‹ƒtƒhƒbƒOƒX–¼ŒÃ‰®,ƒ`[ƒ€‡Œv,ƒ`[ƒ€‡Œv,ƒ`[ƒ€‡Œv,4,nan,nan,nan,nan,nan,128,59,8,46.1,39.8,14.75,34,24,1,70.6,10,2.50,106,7,17,15,6.1,73,32,19,56.8,76
2020-10-17,ƒEƒ‹ƒtƒhƒbƒOƒX–¼ŒÃ‰®,ƒTƒ“ƒgƒŠ[ƒTƒ“ƒo[ƒY,1,,R“cãù‘¢,3,¡,¡,nan,¡,nan,11,3,2,27.3,9.1,1.00,4,1,2,25.0,0,-,6,0,2,1,-4.2,8,6,1,81.2,3
2020-10-17,ƒEƒ‹ƒtƒhƒbƒOƒX–¼ŒÃ‰®,ƒTƒ“ƒgƒŠ[ƒTƒ“ƒo[ƒY,2,,R‹ß“N,3,¡,¡,¡,nan,nan,3,2,0,66.7,66.7,0.67,0,0,0,-,2,0.67,8,0,0,0,0.0,0,0,0,-,4
2020-10-17,ƒEƒ‹ƒtƒhƒbƒOƒX–¼ŒÃ‰®,ƒTƒ“ƒgƒŠ[ƒTƒ“ƒo[ƒY,3,,ƒNƒŒƒNƒoƒ‹ƒgƒVƒ…,4, , ,¡,¡,nan,47,20,5,42.6,31.9,5.00,17,7,4,41.2,3,0.75,18,6,3,6,37.5,0,0,0,-,29
2020-10-17,ƒEƒ‹ƒtƒhƒbƒOƒX–¼ŒÃ‰®,ƒTƒ“ƒgƒŠ[ƒTƒ“ƒo[ƒY,5,,‘O“cˆê½,4,¡,¡,¡,¡,nan,0,0,0,,,-,0,0,0,-,2,0.50,14,0,0,3,5.4,1,0,0,0.0,2
2020-10-17,ƒEƒ‹ƒtƒhƒbƒOƒX–¼ŒÃ‰®,ƒTƒ“ƒgƒŠ[ƒTƒ“ƒo[ƒY,6,,‹ß—T’,4,¡,¡,¡,¡,nan,6,4,0,66.7,66.7,1.00,0,0,0,-,1,0.25,18,0,4,2,-2.8,1,1,0,100.0,5
2020-10-17,ƒEƒ‹ƒtƒhƒbƒOƒX–¼ŒÃ‰®,ƒTƒ“ƒgƒŠ[ƒTƒ“ƒo[ƒY,7,,”’Šâ’¼–ç,2,nan, ,¡,nan,nan,6,2,0,33.3,33.3,1.00,0,0,0,-,0,-,8,0,2,0,-6.2,8,3,3,56.2,2
2020-10-17,ƒEƒ‹ƒtƒhƒbƒOƒX–¼ŒÃ‰®,ƒTƒ“ƒgƒŠ[ƒTƒ“ƒo[ƒY,9,,ƒ†ƒ“ƒ{ƒ“ƒE,0,nan,nan,nan,nan,nan,0,0,0,,,-,0,0,0,-,0,-,0,0,0,0,-,0,0,0,-,0
2020-10-17,ƒEƒ‹ƒtƒhƒbƒOƒX–¼ŒÃ‰®,ƒTƒ“ƒgƒŠ[ƒTƒ“ƒo[ƒY,11,,™B“c—º‘¾,1,nan,nan,nan,¡,nan,3,1,0,33.3,33.3,1.00,0,0,0,-,0,-,3,0,2,0,-16.7,0,0,0,-,1
2020-10-17,ƒEƒ‹ƒtƒhƒbƒOƒX–¼ŒÃ‰®,ƒTƒ“ƒgƒŠ[ƒTƒ“ƒo[ƒY,14,,’ÖR—³‰î,1,nan, ,nan,nan,nan,0,0,0,,,-,0,0,0,-,0,-,1,0,1,0,-25.0,0,0,0,-,0
2020-10-17,ƒEƒ‹ƒtƒhƒbƒOƒX–¼ŒÃ‰®,ƒTƒ“ƒgƒŠ[ƒTƒ“ƒo[ƒY,20,,ìŒû‘¾ˆê,1, ,nan,nan,nan,nan,0,0,0,,,-,0,0,0,-,0,-,0,0,0,0,-,1,0,1,50.0,0
2020-10-17,ƒEƒ‹ƒtƒhƒbƒOƒX–¼ŒÃ‰®,ƒTƒ“ƒgƒŠ[ƒTƒ“ƒo[ƒY,21,,‰i˜IŒ³‹H,2, ,nan,nan, ,nan,0,0,0,,,-,0,0,0,-,0,-,2,0,1,0,-12.5,0,0,0,-,0
2020-10-17,ƒEƒ‹ƒtƒhƒbƒOƒX–¼ŒÃ‰®,ƒTƒ“ƒgƒŠ[ƒTƒ“ƒo[ƒY,22,,‚—œŒ’‘¾,4,¡,¡,¡,¡,nan,45,18,1,40.0,37.8,4.50,5,2,0,40.0,1,0.25,15,0,5,5,0.0,37,16,13,60.8,19
2020-10-17,ƒEƒ‹ƒtƒhƒbƒOƒX–¼ŒÃ‰®,ƒTƒ“ƒgƒŠ[ƒTƒ“ƒo[ƒY,24,L,¬ì’q‘å,4,œ,œ,œ,œ,nan,0,0,0,,,-,0,0,0,-,0,-,0,0,0,0,-,20,15,1,77.5,0
2020-10-17,ƒEƒ‹ƒtƒhƒbƒOƒX–¼ŒÃ‰®,ƒTƒ“ƒgƒŠ[ƒTƒ“ƒo[ƒY,26,,Rè²“s,2,¡,¡,nan,nan,nan,18,4,1,22.2,16.7,2.00,2,0,0,0.0,0,-,3,0,1,1,0.0,10,2,5,45.0,4
2020-10-17,ƒEƒ‹ƒtƒhƒbƒOƒX–¼ŒÃ‰®,ƒTƒ“ƒgƒŠ[ƒTƒ“ƒo[ƒY,ƒ`[ƒ€‡Œv,ƒ`[ƒ€‡Œv,ƒ`[ƒ€‡Œv,4,nan,nan,nan,nan,nan,139,54,9,38.8,32.4,13.50,28,10,6,35.7,9,2.25,96,6,21,18,5.5,86,43,24,64.0,69
2020-10-17,ƒWƒFƒCƒeƒNƒgSTINGS,“ŒƒŒƒAƒ[ƒY,1,,“¡’†—D“l,4,¡,¡,¡,¡,nan,16,4,0,25.0,25.0,1.00,0,0,0,-,6,1.50,8,0,0,0,0.0,18,9,4,61.1,10
2020-10-17,ƒWƒFƒCƒeƒNƒgSTINGS,“ŒƒŒƒAƒ[ƒY,2,,‹àŠÛW‘å,3,nan, , , ,nan,0,0,0,,,-,0,0,0,-,0,-,0,0,0,0,-,0,0,0,-,0
2020-10-17,ƒWƒFƒCƒeƒNƒgSTINGS,“ŒƒŒƒAƒ[ƒY,3,,•šŒ©‘å˜a,4,¡,¡,¡,¡,nan,12,4,1,33.3,25.0,1.00,0,0,0,-,2,0.50,11,0,2,1,-2.3,2,1,1,75.0,6
2020-10-17,ƒWƒFƒCƒeƒNƒgSTINGS,“ŒƒŒƒAƒ[ƒY,4,,•ŸR‘¿ˆê,4,¡,¡,¡,¡,nan,13,7,2,53.8,38.5,1.75,0,0,0,-,3,0.75,16,1,1,1,6.2,2,1,1,75.0,11
2020-10-17,ƒWƒFƒCƒeƒNƒgSTINGS,“ŒƒŒƒAƒ[ƒY,7,,–öàVL•½,3,nan,¡,¡,¡,nan,13,8,0,61.5,61.5,2.67,3,2,0,66.7,0,-,14,1,1,5,14.3,22,9,4,50.0,9
2020-10-17,ƒWƒFƒCƒeƒNƒgSTINGS,“ŒƒŒƒAƒ[ƒY,8,,ŒS_–ç,1,¡,nan,nan,nan,nan,7,3,0,42.9,42.9,3.00,1,0,0,0.0,0,-,2,0,1,0,-12.5,11,5,2,54.5,3
2020-10-17,ƒWƒFƒCƒeƒNƒgSTINGS,“ŒƒŒƒAƒ[ƒY,10,,¬—ÑŒõ‹P,0,nan,nan,nan,nan,nan,0,0,0,,,-,0,0,0,-,0,-,0,0,0,0,-,0,0,0,-,0
2020-10-17,ƒWƒFƒCƒeƒNƒgSTINGS,“ŒƒŒƒAƒ[ƒY,11,,ŒÑ’J—º‰î,3,nan, , , ,nan,0,0,0,,,-,0,0,0,-,0,-,4,0,0,2,12.5,0,0,0,-,0
2020-10-17,ƒWƒFƒCƒeƒNƒgSTINGS,“ŒƒŒƒAƒ[ƒY,12,L,‹»‘—º,0,nan,nan,nan,nan,nan,0,0,0,,,-,0,0,0,-,0,-,0,0,0,0,-,0,0,0,-,0
2020-10-17,ƒWƒFƒCƒeƒNƒgSTINGS,“ŒƒŒƒAƒ[ƒY,14,,¼“c—Lu,4,¡,¡,¡,¡,nan,59,34,4,57.6,50.8,8.50,33,17,4,51.5,2,0.50,18,3,3,9,25.0,0,0,0,-,39
2020-10-17,ƒWƒFƒCƒeƒNƒgSTINGS,“ŒƒŒƒAƒ[ƒY,16,,‹v•ÛR®,4,¡,¡,¡,¡,nan,1,1,0,100.0,100.0,0.25,0,0,0,-,0,-,16,0,0,1,1.6,0,0,0,-,1
2020-10-17,ƒWƒFƒCƒeƒNƒgSTINGS,“ŒƒŒƒAƒ[ƒY,17,L,–{ŠÔ—²‘¾,4,œ,œ,œ,œ,nan,0,0,0,,,-,0,0,0,-,0,-,0,0,0,0,-,22,11,7,65.9,0
2020-10-17,ƒWƒFƒCƒeƒNƒgSTINGS,“ŒƒŒƒAƒ[ƒY,19,,ó–ì”—º,4, , , , ,nan,0,0,0,,,-,0,0,0,-,0,-,0,0,0,0,-,6,2,1,41.7,0
2020-10-17,ƒWƒFƒCƒeƒNƒgSTINGS,“ŒƒŒƒAƒ[ƒY,ƒ`[ƒ€‡Œv,ƒ`[ƒ€‡Œv,ƒ`[ƒ€‡Œv,4,nan,nan,nan,nan,nan,121,61,7,50.4,44.6,15.25,37,19,4,51.4,13,3.25,89,5,8,19,8.7,83,38,20,57.8,79
2020-10-17,“ŒƒŒƒAƒ[ƒY,ƒWƒFƒCƒeƒNƒgSTINGS,1,,•x¼’²,4,¡,¡,¡,¡,nan,12,9,0,75.0,75.0,2.25,0,0,0,-,2,0.50,17,2,1,4,16.2,1,1,0,100.0,13
2020-10-17,“ŒƒŒƒAƒ[ƒY,ƒWƒFƒCƒeƒNƒgSTINGS,2,,‚‹´Œ’‘¾˜Y,1,nan,nan, ,nan,nan,0,0,0,,,-,0,0,0,-,0,-,0,0,0,0,-,0,0,0,-,0
2020-10-17,“ŒƒŒƒAƒ[ƒY,ƒWƒFƒCƒeƒNƒgSTINGS,3,L,RŒû‘ñŠC,4,œ,œ,œ,œ,nan,0,0,0,,,-,0,0,0,-,0,-,0,0,0,0,-,9,2,2,33.3,0
2020-10-17,“ŒƒŒƒAƒ[ƒY,ƒWƒFƒCƒeƒNƒgSTINGS,5,,•ÄR—T‘¾,2,nan,nan, ,¡,nan,9,1,0,11.1,11.1,0.50,1,0,0,0.0,1,0.50,6,0,0,0,0.0,11,5,1,50.0,2
2020-10-17,“ŒƒŒƒAƒ[ƒY,ƒWƒFƒCƒeƒNƒgSTINGS,6,,—‡ˆê‹M,0,nan,nan,nan,nan,nan,0,0,0,,,-,0,0,0,-,0,-,0,0,0,0,-,0,0,0,-,0
2020-10-17,“ŒƒŒƒAƒ[ƒY,ƒWƒFƒCƒeƒNƒgSTINGS,7,,•õ‘º—Y‘å,4, , , , ,nan,0,0,0,,,-,0,0,0,-,0,-,8,0,0,4,12.5,0,0,0,-,0
2020-10-17,“ŒƒŒƒAƒ[ƒY,ƒWƒFƒCƒeƒNƒgSTINGS,9,,•x“c«”n,4,¡,¡,¡,¡,nan,17,7,1,41.2,35.3,1.75,2,0,0,0.0,1,0.25,18,3,1,8,26.4,44,23,16,70.5,11
2020-10-17,“ŒƒŒƒAƒ[ƒY,ƒWƒFƒCƒeƒNƒgSTINGS,10,,¯–ìG’m,3,¡,¡,¡,nan,nan,23,8,0,34.8,34.8,2.67,1,0,0,0.0,1,0.33,4,0,1,0,-6.2,13,4,5,50.0,9
2020-10-17,“ŒƒŒƒAƒ[ƒY,ƒWƒFƒCƒeƒNƒgSTINGS,14,,ğˆäŒ[•ã,2, , ,nan,nan,nan,1,0,0,0.0,0.0,-,0,0,0,-,0,-,0,0,0,0,-,0,0,0,-,0
2020-10-17,“ŒƒŒƒAƒ[ƒY,ƒWƒFƒCƒeƒNƒgSTINGS,15,,—›”,4,¡,¡,¡,¡,nan,15,9,1,60.0,53.3,2.25,1,0,0,0.0,4,1.00,12,1,1,2,10.4,0,0,0,-,14
2020-10-17,“ŒƒŒƒAƒ[ƒY,ƒWƒFƒCƒeƒNƒgSTINGS,17,,¬àV’ˆ‹P,4,¡,¡,¡,¡,nan,44,21,2,47.7,43.2,5.25,20,8,2,40.0,0,-,16,1,2,6,12.5,0,0,0,-,22
2020-10-17,“ŒƒŒƒAƒ[ƒY,ƒWƒFƒCƒeƒNƒgSTINGS,18,,—é–Ø—I“ñ,2, , ,nan,nan,nan,0,0,0,,,-,0,0,0,-,0,-,2,0,0,0,0.0,0,0,0,-,0
2020-10-17,“ŒƒŒƒAƒ[ƒY,ƒWƒFƒCƒeƒNƒgSTINGS,19,,”~–ì‘,0,nan,nan,nan,nan,nan,0,0,0,,,-,0,0,0,-,0,-,0,0,0,0,-,0,0,0,-,0
2020-10-17,“ŒƒŒƒAƒ[ƒY,ƒWƒFƒCƒeƒNƒgSTINGS,21,,“¡ˆä’¼L,4,¡,¡,¡,¡,nan,0,0,0,,,-,0,0,0,-,1,0.25,8,0,0,1,3.1,0,0,0,-,1
2020-10-17,“ŒƒŒƒAƒ[ƒY,ƒWƒFƒCƒeƒNƒgSTINGS,ƒ`[ƒ€‡Œv,ƒ`[ƒ€‡Œv,ƒ`[ƒ€‡Œv,4,nan,nan,nan,nan,nan,121,55,4,45.5,42.1,13.75,25,8,2,32.0,10,2.50,91,7,6,25,12.9,78,35,24,60.3,72
2020-10-17,ƒpƒiƒ\ƒjƒbƒNƒpƒ“ƒT[ƒY,FC“Œ‹,1,,´…–ML,4,¡,¡,¡,¡,nan,30,16,4,53.3,40.0,4.00,10,3,2,30.0,1,0.25,12,2,2,4,20.8,0,0,0,-,19
2020-10-17,ƒpƒiƒ\ƒjƒbƒNƒpƒ“ƒT[ƒY,FC“Œ‹,2,,[’Ã‰pb,4,¡,¡,¡,¡,nan,0,0,0,,,-,0,0,0,-,1,0.25,19,0,1,4,3.9,0,0,0,-,1
2020-10-17,ƒpƒiƒ\ƒjƒbƒNƒpƒ“ƒT[ƒY,FC“Œ‹,4,,‘å’|ˆëÂ,4, , , , ,nan,10,5,0,50.0,50.0,1.25,1,1,0,100.0,0,-,3,1,1,0,25.0,0,0,0,-,6
2020-10-17,ƒpƒiƒ\ƒjƒbƒNƒpƒ“ƒT[ƒY,FC“Œ‹,5,,“n•Ó‘tŒá,0,nan,nan,nan,nan,nan,0,0,0,,,-,0,0,0,-,0,-,0,0,0,0,-,0,0,0,-,0
2020-10-17,ƒpƒiƒ\ƒjƒbƒNƒpƒ“ƒT[ƒY,FC“Œ‹,6,,”’àVŒ’™,3,¡,¡,¡,nan,nan,5,2,0,40.0,40.0,0.67,0,0,0,-,2,0.67,10,0,0,0,0.0,0,0,0,-,4
2020-10-17,ƒpƒiƒ\ƒjƒbƒNƒpƒ“ƒT[ƒY,FC“Œ‹,7,,‹vŒ´—ƒ,4,¡,¡,¡,¡,nan,28,16,0,57.1,57.1,4.00,2,2,0,100.0,2,0.50,15,0,1,4,5.0,27,14,1,53.7,18
2020-10-17,ƒpƒiƒ\ƒjƒbƒNƒpƒ“ƒT[ƒY,FC“Œ‹,9,,¡‘º‹M•F,1,nan,nan, ,nan,nan,0,0,0,,,-,0,0,0,-,0,-,1,0,0,0,0.0,0,0,0,-,0
2020-10-17,ƒpƒiƒ\ƒjƒbƒNƒpƒ“ƒT[ƒY,FC“Œ‹,10,,R“à»‘å,4,¡,¡,¡,¡,nan,10,5,0,50.0,50.0,1.25,0,0,0,-,1,0.25,10,0,0,3,7.5,0,0,0,-,6
2020-10-17,ƒpƒiƒ\ƒjƒbƒNƒpƒ“ƒT[ƒY,FC“Œ‹,13,,ƒNƒrƒAƒNƒ~ƒnƒE,4,¡,¡,¡,¡,nan,24,13,1,54.2,50.0,3.25,2,1,0,50.0,0,-,21,2,3,8,15.5,25,12,5,58.0,15
2020-10-17,ƒpƒiƒ\ƒjƒbƒNƒpƒ“ƒT[ƒY,FC“Œ‹,16,L,ˆÉ‰ê—º•½,4,œ,œ,œ,œ,nan,0,0,0,,,-,0,0,0,-,0,-,0,0,0,0,-,22,13,6,72.7,0
2020-10-17,ƒpƒiƒ\ƒjƒbƒNƒpƒ“ƒT[ƒY,FC“Œ‹,17,L,‰i–ìŒ’,0,nan,nan,nan,nan,nan,0,0,0,,,-,0,0,0,-,0,-,0,0,0,0,-,0,0,0,-,0
2020-10-17,ƒpƒiƒ\ƒjƒbƒNƒpƒ“ƒT[ƒY,FC“Œ‹,20,,V‹M—T,3, , , ,nan,nan,0,0,0,,,-,0,0,0,-,0,-,1,0,0,0,0.0,0,0,0,-,0
2020-10-17,ƒpƒiƒ\ƒjƒbƒNƒpƒ“ƒT[ƒY,FC“Œ‹,21,,™Z‹ÊN¬,1,nan,nan,nan, ,nan,0,0,0,,,-,0,0,0,-,2,2.00,2,1,0,0,50.0,0,0,0,-,3
2020-10-17,ƒpƒiƒ\ƒjƒbƒNƒpƒ“ƒT[ƒY,FC“Œ‹,22,,¬‹{—Yˆê˜Y,1,nan,nan,nan,¡,nan,1,1,0,100.0,100.0,1.00,0,0,0,-,1,1.00,5,0,0,0,0.0,0,0,0,-,2
2020-10-17,ƒpƒiƒ\ƒjƒbƒNƒpƒ“ƒT[ƒY,FC“Œ‹,ƒ`[ƒ€‡Œv,ƒ`[ƒ€‡Œv,ƒ`[ƒ€‡Œv,4,nan,nan,nan,nan,nan,108,58,5,53.7,49.1,14.50,15,7,2,46.7,10,2.50,99,6,8,23,9.8,74,39,12,60.8,74
2020-10-17,FC“Œ‹,ƒpƒiƒ\ƒjƒbƒNƒpƒ“ƒT[ƒY,1,,”—“cŠsu,4,¡,¡,¡,¡,nan,32,13,0,40.6,40.6,3.25,0,0,0,-,1,0.25,12,1,4,0,0.0,50,27,10,64.0,15
2020-10-17,FC“Œ‹,ƒpƒiƒ\ƒjƒbƒNƒpƒ“ƒT[ƒY,3,,‹k—T–ç,4, , , , ,nan,0,0,0,,,-,0,0,0,-,0,-,0,0,0,0,-,5,1,1,30.0,0
2020-10-17,FC“Œ‹,ƒpƒiƒ\ƒjƒbƒNƒpƒ“ƒT[ƒY,4,,R“c—v•½,2, ,nan, ,nan,nan,0,0,0,,,-,0,0,0,-,0,-,0,0,0,0,-,0,0,0,-,0
2020-10-17,FC“Œ‹,ƒpƒiƒ\ƒjƒbƒNƒpƒ“ƒT[ƒY,5,,ˆäãm,1,nan,nan,nan, ,nan,0,0,0,,,-,0,0,0,-,0,-,0,0,0,0,-,0,0,0,-,0
2020-10-17,FC“Œ‹,ƒpƒiƒ\ƒjƒbƒNƒpƒ“ƒT[ƒY,8,,ŒIR‰p”V,4,¡,¡,¡,¡,nan,17,13,1,76.5,70.6,3.25,0,0,0,-,0,-,20,0,2,5,3.8,0,0,0,-,13
2020-10-17,FC“Œ‹,ƒpƒiƒ\ƒjƒbƒNƒpƒ“ƒT[ƒY,9,,è’Ë‘å,0,nan,nan,nan,nan,nan,0,0,0,,,-,0,0,0,-,0,-,0,0,0,0,-,0,0,0,-,0
2020-10-17,FC“Œ‹,ƒpƒiƒ\ƒjƒbƒNƒpƒ“ƒT[ƒY,10,L,ŒÃ‰ê‘¾ˆê˜Y,4,œ,œ,œ,œ,nan,0,0,0,,,-,0,0,0,-,0,-,0,0,0,0,-,12,8,1,70.8,0
2020-10-17,FC“Œ‹,ƒpƒiƒ\ƒjƒbƒNƒpƒ“ƒT[ƒY,13,,–ö’¬ˆí‘¾,2, ,nan, ,nan,nan,1,0,0,0.0,0.0,-,0,0,0,-,0,-,2,0,1,1,0.0,0,0,0,-,0
2020-10-17,FC“Œ‹,ƒpƒiƒ\ƒjƒbƒNƒpƒ“ƒT[ƒY,14,,’·—F—D–,4,¡,¡,¡,¡,nan,32,15,3,46.9,37.5,3.75,17,9,2,52.9,1,0.25,13,0,2,4,3.8,0,0,0,-,16
2020-10-17,FC“Œ‹,ƒpƒiƒ\ƒjƒbƒNƒpƒ“ƒT[ƒY,16,,èŒ´a,4,¡,¡,¡,¡,nan,0,0,0,,,-,0,0,0,-,0,-,13,1,1,2,9.6,1,0,0,0.0,1
2020-10-17,FC“Œ‹,ƒpƒiƒ\ƒjƒbƒNƒpƒ“ƒT[ƒY,18,,•“¡“S–ç,4,¡,¡,¡,¡,nan,20,13,1,65.0,60.0,3.25,0,0,0,-,1,0.25,19,1,3,3,5.3,3,1,2,66.7,15
2020-10-17,FC“Œ‹,ƒpƒiƒ\ƒjƒbƒNƒpƒ“ƒT[ƒY,19,,²“¡–]À,4,¡,¡,¡,¡,nan,27,14,1,51.9,48.1,3.50,4,1,0,25.0,0,-,13,2,4,4,15.4,20,11,2,60.0,16
2020-10-17,FC“Œ‹,ƒpƒiƒ\ƒjƒbƒNƒpƒ“ƒT[ƒY,21,,•½“c—º‰î,0,nan,nan,nan,nan,nan,0,0,0,,,-,0,0,0,-,0,-,0,0,0,0,-,0,0,0,-,0
2020-10-17,FC“Œ‹,ƒpƒiƒ\ƒjƒbƒNƒpƒ“ƒT[ƒY,26,,•“c•V“l,0,nan,nan,nan,nan,nan,0,0,0,,,-,0,0,0,-,0,-,0,0,0,0,-,0,0,0,-,0
2020-10-17,FC“Œ‹,ƒpƒiƒ\ƒjƒbƒNƒpƒ“ƒT[ƒY,ƒ`[ƒ€‡Œv,ƒ`[ƒ€‡Œv,ƒ`[ƒ€‡Œv,4,nan,nan,nan,nan,nan,129,68,6,52.7,48.1,17.00,21,10,2,47.6,3,0.75,92,5,17,19,6.0,91,48,16,61.5,76
2020-10-17,‘å•ªODƒ”ƒ@ƒCƒZƒAƒhƒ‰[,JTƒTƒ“ƒ_[ƒYL“‡,4,,Ÿ«Æ,0,nan,nan,nan,nan,nan,0,0,0,,,-,0,0,0,-,0,-,0,0,0,0,-,0,0,0,-,0
2020-10-17,‘å•ªODƒ”ƒ@ƒCƒZƒAƒhƒ‰[,JTƒTƒ“ƒ_[ƒYL“‡,5,,‘å¼Šî”V,3,¡,¡,¡,nan,nan,9,3,2,33.3,11.1,1.00,0,0,0,-,1,0.33,4,0,0,0,0.0,0,0,0,-,4
2020-10-17,‘å•ªODƒ”ƒ@ƒCƒZƒAƒhƒ‰[,JTƒTƒ“ƒ_[ƒYL“‡,7,L,¼”öŒh‰î,3,œ,œ,œ,nan,nan,0,0,0,,,-,0,0,0,-,0,-,0,0,0,0,-,16,6,3,46.9,0
2020-10-17,‘å•ªODƒ”ƒ@ƒCƒZƒAƒhƒ‰[,JTƒTƒ“ƒ_[ƒYL“‡,8,,ìŒû‹ª,2, ,nan, ,nan,nan,0,0,0,,,-,0,0,0,-,0,-,2,0,0,0,0.0,0,0,0,-,0
2020-10-17,‘å•ªODƒ”ƒ@ƒCƒZƒAƒhƒ‰[,JTƒTƒ“ƒ_[ƒYL“‡,9,,—Ñˆêšæ,3,¡,¡,¡,nan,nan,9,5,1,55.6,44.4,1.67,0,0,0,-,1,0.33,7,0,2,0,-7.1,0,0,0,-,6
2020-10-17,‘å•ªODƒ”ƒ@ƒCƒZƒAƒhƒ‰[,JTƒTƒ“ƒ_[ƒYL“‡,10,,R“cŸä‘¾,3, , ,¡,nan,nan,13,7,0,53.8,53.8,2.33,4,2,0,50.0,0,-,3,0,1,1,0.0,11,7,1,68.2,7
2020-10-17,‘å•ªODƒ”ƒ@ƒCƒZƒAƒhƒ‰[,JTƒTƒ“ƒ_[ƒYL“‡,11,,ƒXƒgƒbƒNƒgƒ“ƒJ[ƒeƒBƒX,0,nan,nan,nan,nan,nan,0,0,0,,,-,0,0,0,-,0,-,0,0,0,0,-,0,0,0,-,0
2020-10-17,‘å•ªODƒ”ƒ@ƒCƒZƒAƒhƒ‰[,JTƒTƒ“ƒ_[ƒYL“‡,13,L,‹v•Û“c‰ël,0,nan,nan,nan,nan,nan,0,0,0,,,-,0,0,0,-,0,-,0,0,0,0,-,0,0,0,-,0
2020-10-17,‘å•ªODƒ”ƒ@ƒCƒZƒAƒhƒ‰[,JTƒTƒ“ƒ_[ƒYL“‡,15,,‚¼‘ì–î,3,¡,¡,¡,nan,nan,19,6,0,31.6,31.6,2.00,5,0,0,0.0,0,-,12,0,1,5,8.3,21,7,6,47.6,6
2020-10-17,‘å•ªODƒ”ƒ@ƒCƒZƒAƒhƒ‰[,JTƒTƒ“ƒ_[ƒYL“‡,16,,à_–{–L,3, , , ,nan,nan,0,0,0,,,-,0,0,0,-,0,-,3,0,0,0,0.0,0,0,0,-,0
2020-10-17,‘å•ªODƒ”ƒ@ƒCƒZƒAƒhƒ‰[,JTƒTƒ“ƒ_[ƒYL“‡,18,,ŒÃ‰êŒ’‘¾,3,¡,¡,¡,nan,nan,40,12,5,30.0,17.5,4.00,12,7,1,58.3,0,-,9,0,4,2,-5.6,0,0,0,-,12
2020-10-17,‘å•ªODƒ”ƒ@ƒCƒZƒAƒhƒ‰[,JTƒTƒ“ƒ_[ƒYL“‡,21,,ˆäŒû’¼‹I,3,¡,¡,¡,nan,nan,1,0,0,0.0,0.0,-,0,0,0,-,1,0.33,9,0,0,1,2.8,1,0,0,0.0,1
2020-10-17,‘å•ªODƒ”ƒ@ƒCƒZƒAƒhƒ‰[,JTƒTƒ“ƒ_[ƒYL“‡,22,,“¡‰ª—È”n,0,nan,nan,nan,nan,nan,0,0,0,,,-,0,0,0,-,0,-,0,0,0,0,-,0,0,0,-,0
2020-10-17,‘å•ªODƒ”ƒ@ƒCƒZƒAƒhƒ‰[,JTƒTƒ“ƒ_[ƒYL“‡,24,,•Ä“c˜jŠó,2,¡,¡,nan,nan,nan,15,5,0,33.3,33.3,2.50,5,3,0,60.0,0,-,4,1,2,0,12.5,16,6,3,46.9,6
2020-10-17,‘å•ªODƒ”ƒ@ƒCƒZƒAƒhƒ‰[,JTƒTƒ“ƒ_[ƒYL“‡,ƒ`[ƒ€‡Œv,ƒ`[ƒ€‡Œv,ƒ`[ƒ€‡Œv,3,nan,nan,nan,nan,nan,106,38,8,35.8,28.3,12.67,26,12,1,46.2,3,1.00,53,1,10,9,1.4,65,26,13,50.0,42
2020-10-17,JTƒTƒ“ƒ_[ƒYL“‡,‘å•ªODƒ”ƒ@ƒCƒZƒAƒhƒ‰[,2,,¬–ì›‘¾u,3,¡,¡,¡,nan,nan,13,9,0,69.2,69.2,3.00,0,0,0,-,6,2.00,7,0,1,5,14.3,1,1,0,100.0,15
2020-10-17,JTƒTƒ“ƒ_[ƒYL“‡,‘å•ªODƒ”ƒ@ƒCƒZƒAƒhƒ‰[,3,,[’Ãˆ®O,3,¡,¡,¡,nan,nan,2,1,0,50.0,50.0,0.33,0,0,0,-,0,-,19,0,0,7,9.2,0,0,0,-,1
2020-10-17,JTƒTƒ“ƒ_[ƒYL“‡,‘å•ªODƒ”ƒ@ƒCƒZƒAƒhƒ‰[,4,,’†“‡Œ’‘¾,1,nan,nan, ,nan,nan,0,0,0,,,-,0,0,0,-,0,-,0,0,0,0,-,0,0,0,-,0
2020-10-17,JTƒTƒ“ƒ_[ƒYL“‡,‘å•ªODƒ”ƒ@ƒCƒZƒAƒhƒ‰[,5,,ˆäãTˆê˜N,1,nan, ,nan,nan,nan,0,0,0,,,-,0,0,0,-,0,-,2,0,0,0,0.0,0,0,0,-,0
2020-10-17,JTƒTƒ“ƒ_[ƒYL“‡,‘å•ªODƒ”ƒ@ƒCƒZƒAƒhƒ‰[,6,,ƒGƒhƒK[ƒg[ƒ}ƒX,3,¡,¡,¡,nan,nan,19,9,0,47.4,47.4,3.00,7,3,0,42.9,4,1.33,15,3,3,3,20.0,0,0,0,-,16
2020-10-17,JTƒTƒ“ƒ_[ƒYL“‡,‘å•ªODƒ”ƒ@ƒCƒZƒAƒhƒ‰[,8,,•’qŸ©j,3,¡,¡,¡,nan,nan,12,5,1,41.7,33.3,1.67,2,1,1,50.0,2,0.67,6,0,2,2,0.0,16,10,3,71.9,7
2020-10-17,JTƒTƒ“ƒ_[ƒYL“‡,‘å•ªODƒ”ƒ@ƒCƒZƒAƒhƒ‰[,10,L,ˆäãq,0,nan,nan,nan,nan,nan,0,0,0,,,-,0,0,0,-,0,-,0,0,0,0,-,0,0,0,-,0
2020-10-17,JTƒTƒ“ƒ_[ƒYL“‡,‘å•ªODƒ”ƒ@ƒCƒZƒAƒhƒ‰[,11,,‹vŒ´‘å‹P,1,nan, ,nan,nan,nan,0,0,0,,,-,0,0,0,-,0,-,1,0,0,1,25.0,0,0,0,-,0
2020-10-17,JTƒTƒ“ƒ_[ƒYL“‡,‘å•ªODƒ”ƒ@ƒCƒZƒAƒhƒ‰[,14,,ŒF‘qˆò,1,nan,nan, ,nan,nan,3,0,0,0.0,0.0,-,1,0,0,0.0,0,-,2,0,1,1,0.0,0,0,0,-,0
2020-10-17,JTƒTƒ“ƒ_[ƒYL“‡,‘å•ªODƒ”ƒ@ƒCƒZƒAƒhƒ‰[,15,L,“‚ì‘åu,3,œ,œ,œ,nan,nan,0,0,0,,,-,0,0,0,-,0,-,0,0,0,0,-,12,9,0,75.0,0
2020-10-17,JTƒTƒ“ƒ_[ƒYL“‡,‘å•ªODƒ”ƒ@ƒCƒZƒAƒhƒ‰[,16,,¼’mš,3,¡,¡,¡,nan,nan,9,4,0,44.4,44.4,1.33,0,0,0,-,1,0.33,5,0,0,0,0.0,1,1,0,100.0,5
2020-10-17,JTƒTƒ“ƒ_[ƒYL“‡,‘å•ªODƒ”ƒ@ƒCƒZƒAƒhƒ‰[,17,,‹àq¹‹P,1,nan,nan, ,nan,nan,0,0,0,,,-,0,0,0,-,0,-,0,0,0,0,-,0,0,0,-,0
2020-10-17,JTƒTƒ“ƒ_[ƒYL“‡,‘å•ªODƒ”ƒ@ƒCƒZƒAƒhƒ‰[,18,,R–{«•½,0,nan,nan,nan,nan,nan,0,0,0,,,-,0,0,0,-,0,-,0,0,0,0,-,0,0,0,-,0
2020-10-17,JTƒTƒ“ƒ_[ƒYL“‡,‘å•ªODƒ”ƒ@ƒCƒZƒAƒhƒ‰[,19,,’ÂŒš’õ,3,¡,¡,¡,nan,nan,22,10,1,45.5,40.9,3.33,3,2,0,66.7,1,0.33,17,0,1,5,5.9,13,8,1,65.4,11
2020-10-17,JTƒTƒ“ƒ_[ƒYL“‡,‘å•ªODƒ”ƒ@ƒCƒZƒAƒhƒ‰[,ƒ`[ƒ€‡Œv,ƒ`[ƒ€‡Œv,ƒ`[ƒ€‡Œv,3,nan,nan,nan,nan,nan,80,38,2,47.5,45.0,12.67,13,6,1,46.2,14,4.67,74,3,8,24,9.5,43,29,4,72.1,55
2020-10-18,ƒWƒFƒCƒeƒNƒgSTINGS,“ŒƒŒƒAƒ[ƒY,1,,“¡’†—D“l,5,¡,¡,¡,¡,¡,17,9,0,52.9,52.9,1.80,2,1,0,50.0,1,0.20,19,0,0,3,3.9,31,18,7,69.4,10
2020-10-18,ƒWƒFƒCƒeƒNƒgSTINGS,“ŒƒŒƒAƒ[ƒY,2,,‹àŠÛW‘å,4, ,nan, , , ,0,0,0,,,-,0,0,0,-,0,-,0,0,0,0,-,0,0,0,-,0
2020-10-18,ƒWƒFƒCƒeƒNƒgSTINGS,“ŒƒŒƒAƒ[ƒY,3,,•šŒ©‘å˜a,5,¡,¡,¡,¡,¡,8,3,1,37.5,25.0,0.60,0,0,0,-,2,0.40,18,1,3,8,12.5,2,1,1,75.0,6
2020-10-18,ƒWƒFƒCƒeƒNƒgSTINGS,“ŒƒŒƒAƒ[ƒY,4,,•ŸR‘¿ˆê,5,¡,¡,¡,¡,¡,16,7,2,43.8,31.2,1.40,0,0,0,-,4,0.80,14,0,1,1,0.0,2,1,1,75.0,11
2020-10-18,ƒWƒFƒCƒeƒNƒgSTINGS,“ŒƒŒƒAƒ[ƒY,7,,–öàVL•½,5,¡,¡,¡,¡,¡,22,8,1,36.4,31.8,1.60,2,0,1,0.0,1,0.20,20,0,0,3,3.8,31,10,10,48.4,9
2020-10-18,ƒWƒFƒCƒeƒNƒgSTINGS,“ŒƒŒƒAƒ[ƒY,8,,ŒS_–ç,0,nan,nan,nan,nan,nan,0,0,0,,,-,0,0,0,-,0,-,0,0,0,0,-,0,0,0,-,0
2020-10-18,ƒWƒFƒCƒeƒNƒgSTINGS,“ŒƒŒƒAƒ[ƒY,10,,¬—ÑŒõ‹P,0,nan,nan,nan,nan,nan,0,0,0,,,-,0,0,0,-,0,-,0,0,0,0,-,0,0,0,-,0
2020-10-18,ƒWƒFƒCƒeƒNƒgSTINGS,“ŒƒŒƒAƒ[ƒY,11,,ŒÑ’J—º‰î,3, , , ,nan,nan,0,0,0,,,-,0,0,0,-,0,-,3,0,2,1,-8.3,0,0,0,-,0
2020-10-18,ƒWƒFƒCƒeƒNƒgSTINGS,“ŒƒŒƒAƒ[ƒY,12,L,‹»‘—º,0,nan,nan,nan,nan,nan,0,0,0,,,-,0,0,0,-,0,-,0,0,0,0,-,0,0,0,-,0
2020-10-18,ƒWƒFƒCƒeƒNƒgSTINGS,“ŒƒŒƒAƒ[ƒY,14,,¼“c—Lu,5,¡,¡,¡,¡,¡,57,34,4,59.6,52.6,6.80,25,17,2,68.0,5,1.00,17,3,7,7,17.6,0,0,0,-,42
2020-10-18,ƒWƒFƒCƒeƒNƒgSTINGS,“ŒƒŒƒAƒ[ƒY,16,,‹v•ÛR®,5,¡,¡,¡,¡,¡,1,1,0,100.0,100.0,0.20,0,0,0,-,2,0.40,15,0,0,1,1.7,0,0,0,-,3
2020-10-18,ƒWƒFƒCƒeƒNƒgSTINGS,“ŒƒŒƒAƒ[ƒY,17,L,–{ŠÔ—²‘¾,5,œ,œ,œ,œ,œ,0,0,0,,,-,0,0,0,-,0,-,0,0,0,0,-,12,5,3,54.2,0
2020-10-18,ƒWƒFƒCƒeƒNƒgSTINGS,“ŒƒŒƒAƒ[ƒY,19,,ó–ì”—º,4, , , , ,nan,0,0,0,,,-,0,0,0,-,0,-,0,0,0,0,-,3,2,0,66.7,0
2020-10-18,ƒWƒFƒCƒeƒNƒgSTINGS,“ŒƒŒƒAƒ[ƒY,ƒ`[ƒ€‡Œv,ƒ`[ƒ€‡Œv,ƒ`[ƒ€‡Œv,5,nan,nan,nan,nan,nan,121,62,8,51.2,44.6,12.40,29,18,3,62.1,15,3.00,106,4,13,24,6.4,81,37,22,59.3,81
2020-10-18,“ŒƒŒƒAƒ[ƒY,ƒWƒFƒCƒeƒNƒgSTINGS,1,,•x¼’²,2,¡,¡,nan,nan,nan,9,6,0,66.7,66.7,3.00,0,0,0,-,3,1.50,4,0,0,1,6.2,0,0,0,-,9
2020-10-18,“ŒƒŒƒAƒ[ƒY,ƒWƒFƒCƒeƒNƒgSTINGS,2,,‚‹´Œ’‘¾˜Y,3,nan,nan,¡,¡,¡,12,6,1,50.0,41.7,2.00,0,0,0,-,0,-,4,0,2,0,-12.5,2,1,1,75.0,6
2020-10-18,“ŒƒŒƒAƒ[ƒY,ƒWƒFƒCƒeƒNƒgSTINGS,3,L,RŒû‘ñŠC,5,œ,œ,œ,œ,œ,0,0,0,,,-,0,0,0,-,0,-,0,0,0,0,-,31,12,12,58.1,0
2020-10-18,“ŒƒŒƒAƒ[ƒY,ƒWƒFƒCƒeƒNƒgSTINGS,5,,•ÄR—T‘¾,0,nan,nan,nan,nan,nan,0,0,0,,,-,0,0,0,-,0,-,0,0,0,0,-,0,0,0,-,0
2020-10-18,“ŒƒŒƒAƒ[ƒY,ƒWƒFƒCƒeƒNƒgSTINGS,6,,—‡ˆê‹M,0,nan,nan,nan,nan,nan,0,0,0,,,-,0,0,0,-,0,-,0,0,0,0,-,0,0,0,-,0
2020-10-18,“ŒƒŒƒAƒ[ƒY,ƒWƒFƒCƒeƒNƒgSTINGS,7,,•õ‘º—Y‘å,5, , , , , ,0,0,0,,,-,0,0,0,-,0,-,7,0,1,1,0.0,5,3,2,80.0,0
2020-10-18,“ŒƒŒƒAƒ[ƒY,ƒWƒFƒCƒeƒNƒgSTINGS,9,,•x“c«”n,5,¡,¡,¡,¡,¡,34,17,2,50.0,44.1,3.40,2,0,1,0.0,3,0.60,17,1,4,3,4.4,36,17,8,58.3,21
2020-10-18,“ŒƒŒƒAƒ[ƒY,ƒWƒFƒCƒeƒNƒgSTINGS,10,,¯–ìG’m,5,¡,¡,¡,¡,¡,26,11,0,42.3,42.3,2.20,1,0,0,0.0,1,0.20,14,1,3,2,5.4,17,5,7,50.0,13
2020-10-18,“ŒƒŒƒAƒ[ƒY,ƒWƒFƒCƒeƒNƒgSTINGS,14,,ğˆäŒ[•ã,2, ,nan,nan,nan, ,0,0,0,,,-,0,0,0,-,0,-,0,0,0,0,-,0,0,0,-,0
2020-10-18,“ŒƒŒƒAƒ[ƒY,ƒWƒFƒCƒeƒNƒgSTINGS,15,,—›”,5,¡,¡,¡,¡,¡,13,10,0,76.9,76.9,2.00,0,0,0,-,0,-,19,1,4,2,2.6,1,0,0,0.0,11
2020-10-18,“ŒƒŒƒAƒ[ƒY,ƒWƒFƒCƒeƒNƒgSTINGS,17,,¬àV’ˆ‹P,5,¡,¡,¡,¡,¡,35,17,2,48.6,42.9,3.40,14,5,1,35.7,0,-,19,0,5,7,2.6,0,0,0,-,17
2020-10-18,“ŒƒŒƒAƒ[ƒY,ƒWƒFƒCƒeƒNƒgSTINGS,18,,—é–Ø—I“ñ,3, ,nan,nan, , ,0,0,0,,,-,0,0,0,-,0,-,4,0,1,1,0.0,0,0,0,-,0
2020-10-18,“ŒƒŒƒAƒ[ƒY,ƒWƒFƒCƒeƒNƒgSTINGS,19,,”~–ì‘,0,nan,nan,nan,nan,nan,0,0,0,,,-,0,0,0,-,0,-,0,0,0,0,-,0,0,0,-,0
2020-10-18,“ŒƒŒƒAƒ[ƒY,ƒWƒFƒCƒeƒNƒgSTINGS,21,,“¡ˆä’¼L,5,¡,¡,¡,¡,¡,0,0,0,,,-,0,0,0,-,1,0.20,15,2,0,5,21.7,0,0,0,-,3
2020-10-18,“ŒƒŒƒAƒ[ƒY,ƒWƒFƒCƒeƒNƒgSTINGS,ƒ`[ƒ€‡Œv,ƒ`[ƒ€‡Œv,ƒ`[ƒ€‡Œv,5,nan,nan,nan,nan,nan,129,67,5,51.9,48.1,13.40,17,5,2,29.4,8,1.60,103,5,20,22,5.3,92,38,30,57.6,80
2020-10-18,‘å•ªODƒ”ƒ@ƒCƒZƒAƒhƒ‰[,JTƒTƒ“ƒ_[ƒYL“‡,2,,“cKM‘¾˜Y,1,nan, ,nan,nan,nan,0,0,0,,,-,0,0,0,-,0,-,1,0,0,0,0.0,0,0,0,-,0
2020-10-18,‘å•ªODƒ”ƒ@ƒCƒZƒAƒhƒ‰[,JTƒTƒ“ƒ_[ƒYL“‡,4,,Ÿ«Æ,1,nan,nan,¡,nan,nan,6,3,1,50.0,33.3,3.00,0,0,0,-,0,-,2,0,1,0,-12.5,11,2,2,27.3,3
2020-10-18,‘å•ªODƒ”ƒ@ƒCƒZƒAƒhƒ‰[,JTƒTƒ“ƒ_[ƒYL“‡,5,,‘å¼Šî”V,1, ,nan,nan,nan,nan,0,0,0,,,-,0,0,0,-,0,-,0,0,0,0,-,0,0,0,-,0
2020-10-18,‘å•ªODƒ”ƒ@ƒCƒZƒAƒhƒ‰[,JTƒTƒ“ƒ_[ƒYL“‡,7,L,¼”öŒh‰î,2,œ,œ,nan,nan,nan,0,0,0,,,-,0,0,0,-,0,-,0,0,0,0,-,8,1,3,31.2,0
2020-10-18,‘å•ªODƒ”ƒ@ƒCƒZƒAƒhƒ‰[,JTƒTƒ“ƒ_[ƒYL“‡,8,,ìŒû‹ª,3,¡,¡,¡,nan,nan,5,3,0,60.0,60.0,1.00,0,0,0,-,0,-,10,0,3,4,2.5,0,0,0,-,3
2020-10-18,‘å•ªODƒ”ƒ@ƒCƒZƒAƒhƒ‰[,JTƒTƒ“ƒ_[ƒYL“‡,9,,—Ñˆêšæ,3,¡,¡,¡,nan,nan,6,3,0,50.0,50.0,1.00,0,0,0,-,0,-,3,0,0,0,0.0,0,0,0,-,3
2020-10-18,‘å•ªODƒ”ƒ@ƒCƒZƒAƒhƒ‰[,JTƒTƒ“ƒ_[ƒYL“‡,10,,R“cŸä‘¾,3,¡,¡, ,nan,nan,20,8,2,40.0,30.0,2.67,5,3,1,60.0,0,-,8,0,3,2,-3.1,21,12,6,71.4,8
2020-10-18,‘å•ªODƒ”ƒ@ƒCƒZƒAƒhƒ‰[,JTƒTƒ“ƒ_[ƒYL“‡,11,,ƒXƒgƒbƒNƒgƒ“ƒJ[ƒeƒBƒX,3,¡,¡,¡,nan,nan,31,7,3,22.6,12.9,2.33,13,4,2,30.8,1,0.33,10,1,2,2,10.0,0,0,0,-,9
2020-10-18,‘å•ªODƒ”ƒ@ƒCƒZƒAƒhƒ‰[,JTƒTƒ“ƒ_[ƒYL“‡,13,L,‹v•Û“c‰ël,2,nan,Z,œ,nan,nan,0,0,0,,,-,0,0,0,-,0,-,0,0,0,0,-,5,3,1,70.0,0
2020-10-18,‘å•ªODƒ”ƒ@ƒCƒZƒAƒhƒ‰[,JTƒTƒ“ƒ_[ƒYL“‡,15,,‚¼‘ì–î,3,¡,¡,¡,nan,nan,16,7,1,43.8,37.5,2.33,7,3,1,42.9,0,-,8,0,2,3,3.1,19,10,4,63.2,7
2020-10-18,‘å•ªODƒ”ƒ@ƒCƒZƒAƒhƒ‰[,JTƒTƒ“ƒ_[ƒYL“‡,16,,à_–{–L,2, ,nan, ,nan,nan,0,0,0,,,-,0,0,0,-,0,-,2,0,1,0,-12.5,0,0,0,-,0
2020-10-18,‘å•ªODƒ”ƒ@ƒCƒZƒAƒhƒ‰[,JTƒTƒ“ƒ_[ƒYL“‡,18,,ŒÃ‰êŒ’‘¾,1,nan,nan, ,nan,nan,0,0,0,,,-,0,0,0,-,0,-,0,0,0,0,-,0,0,0,-,0
2020-10-18,‘å•ªODƒ”ƒ@ƒCƒZƒAƒhƒ‰[,JTƒTƒ“ƒ_[ƒYL“‡,21,,ˆäŒû’¼‹I,2,¡,¡,nan,nan,nan,0,0,0,,,-,0,0,0,-,0,-,2,0,0,0,0.0,0,0,0,-,0
2020-10-18,‘å•ªODƒ”ƒ@ƒCƒZƒAƒhƒ‰[,JTƒTƒ“ƒ_[ƒYL“‡,22,,“¡‰ª—È”n,2,nan, ,¡,nan,nan,0,0,0,,,-,0,0,0,-,0,-,3,0,1,0,-8.3,0,0,0,-,0
2020-10-18,‘å•ªODƒ”ƒ@ƒCƒZƒAƒhƒ‰[,JTƒTƒ“ƒ_[ƒYL“‡,ƒ`[ƒ€‡Œv,ƒ`[ƒ€‡Œv,ƒ`[ƒ€‡Œv,3,nan,nan,nan,nan,nan,84,31,7,36.9,28.6,10.33,25,10,4,40.0,1,0.33,49,1,13,11,1.0,64,28,16,56.2,33
2020-10-18,JTƒTƒ“ƒ_[ƒYL“‡,‘å•ªODƒ”ƒ@ƒCƒZƒAƒhƒ‰[,2,,¬–ì›‘¾u,3,¡,¡,¡,nan,nan,9,4,1,44.4,33.3,1.33,0,0,0,-,6,2.00,10,1,0,2,15.0,0,0,0,-,11
2020-10-18,JTƒTƒ“ƒ_[ƒYL“‡,‘å•ªODƒ”ƒ@ƒCƒZƒAƒhƒ‰[,3,,[’Ãˆ®O,3,¡,¡,¡,nan,nan,1,1,0,100.0,100.0,0.33,0,0,0,-,1,0.33,16,0,1,5,6.2,1,0,0,0.0,2
2020-10-18,JTƒTƒ“ƒ_[ƒYL“‡,‘å•ªODƒ”ƒ@ƒCƒZƒAƒhƒ‰[,4,,’†“‡Œ’‘¾,2, ,nan, ,nan,nan,1,1,0,100.0,100.0,0.50,0,0,0,-,0,-,2,0,1,1,0.0,0,0,0,-,1
2020-10-18,JTƒTƒ“ƒ_[ƒYL“‡,‘å•ªODƒ”ƒ@ƒCƒZƒAƒhƒ‰[,5,,ˆäãTˆê˜N,3,¡,¡,¡,nan,nan,16,9,1,56.2,50.0,3.00,3,1,0,33.3,1,0.33,8,1,3,2,9.4,8,4,2,62.5,11
2020-10-18,JTƒTƒ“ƒ_[ƒYL“‡,‘å•ªODƒ”ƒ@ƒCƒZƒAƒhƒ‰[,6,,ƒGƒhƒK[ƒg[ƒ}ƒX,3,¡,¡,¡,nan,nan,20,11,0,55.0,55.0,3.67,5,3,0,60.0,0,-,8,1,2,1,9.4,0,0,0,-,12
2020-10-18,JTƒTƒ“ƒ_[ƒYL“‡,‘å•ªODƒ”ƒ@ƒCƒZƒAƒhƒ‰[,8,,•’qŸ©j,0,nan,nan,nan,nan,nan,0,0,0,,,-,0,0,0,-,0,-,0,0,0,0,-,0,0,0,-,0
2020-10-18,JTƒTƒ“ƒ_[ƒYL“‡,‘å•ªODƒ”ƒ@ƒCƒZƒAƒhƒ‰[,10,L,ˆäãq,1,nan,nan,Z,nan,nan,0,0,0,,,-,0,0,0,-,0,-,0,0,0,0,-,2,1,1,75.0,0
2020-10-18,JTƒTƒ“ƒ_[ƒYL“‡,‘å•ªODƒ”ƒ@ƒCƒZƒAƒhƒ‰[,12,,‡“cS•½,2, ,nan, ,nan,nan,0,0,0,,,-,0,0,0,-,0,-,3,0,0,1,8.3,0,0,0,-,0
2020-10-18,JTƒTƒ“ƒ_[ƒYL“‡,‘å•ªODƒ”ƒ@ƒCƒZƒAƒhƒ‰[,14,,ŒF‘qˆò,2,nan, , ,nan,nan,7,3,0,42.9,42.9,1.50,3,2,0,66.7,0,-,3,0,1,1,0.0,1,0,1,50.0,3
2020-10-18,JTƒTƒ“ƒ_[ƒYL“‡,‘å•ªODƒ”ƒ@ƒCƒZƒAƒhƒ‰[,15,L,“‚ì‘åu,3,œ,œ,œ,nan,nan,0,0,0,,,-,0,0,0,-,0,-,0,0,0,0,-,7,4,1,64.3,0
2020-10-18,JTƒTƒ“ƒ_[ƒYL“‡,‘å•ªODƒ”ƒ@ƒCƒZƒAƒhƒ‰[,16,,¼’mš,3,¡,¡,¡,nan,nan,5,4,0,80.0,80.0,1.33,0,0,0,-,0,-,12,1,1,1,8.3,1,1,0,100.0,5
2020-10-18,JTƒTƒ“ƒ_[ƒYL“‡,‘å•ªODƒ”ƒ@ƒCƒZƒAƒhƒ‰[,17,,‹àq¹‹P,1,nan, ,nan,nan,nan,0,0,0,,,-,0,0,0,-,0,-,0,0,0,0,-,0,0,0,-,0
2020-10-18,JTƒTƒ“ƒ_[ƒYL“‡,‘å•ªODƒ”ƒ@ƒCƒZƒAƒhƒ‰[,18,,R–{«•½,0,nan,nan,nan,nan,nan,0,0,0,,,-,0,0,0,-,0,-,0,0,0,0,-,0,0,0,-,0
2020-10-18,JTƒTƒ“ƒ_[ƒYL“‡,‘å•ªODƒ”ƒ@ƒCƒZƒAƒhƒ‰[,19,,’ÂŒš’õ,3,¡,¡,¡,nan,nan,13,4,2,30.8,15.4,1.33,2,0,1,0.0,1,0.33,12,0,1,3,4.2,15,6,3,50.0,5
2020-10-18,JTƒTƒ“ƒ_[ƒYL“‡,‘å•ªODƒ”ƒ@ƒCƒZƒAƒhƒ‰[,ƒ`[ƒ€‡Œv,ƒ`[ƒ€‡Œv,ƒ`[ƒ€‡Œv,3,nan,nan,nan,nan,nan,72,37,4,51.4,45.8,12.33,13,6,1,46.2,9,3.00,74,4,10,17,7.8,35,16,8,57.1,50
2020-10-18,äƒuƒŒƒCƒU[ƒY,VC’·–ìƒgƒ‰ƒCƒfƒ“ƒc,1,,¼–{Œc•F,3,¡,¡,¡,nan,nan,13,8,1,61.5,53.8,2.67,0,0,0,-,2,0.67,10,1,2,2,10.0,0,0,0,-,11
2020-10-18,äƒuƒŒƒCƒU[ƒY,VC’·–ìƒgƒ‰ƒCƒfƒ“ƒc,3,,‹{Œ´‹Ml,1,nan, ,nan,nan,nan,0,0,0,,,-,0,0,0,-,0,-,0,0,0,0,-,0,0,0,-,0
2020-10-18,äƒuƒŒƒCƒU[ƒY,VC’·–ìƒgƒ‰ƒCƒfƒ“ƒc,4,,‚–ì’¼Æ,3,¡,¡,¡,nan,nan,18,8,1,44.4,38.9,2.67,5,1,0,20.0,1,0.33,10,1,5,1,0.0,34,18,11,69.1,10
2020-10-18,äƒuƒŒƒCƒU[ƒY,VC’·–ìƒgƒ‰ƒCƒfƒ“ƒc,6,,Rí•‹M–î,2,nan, , ,nan,nan,0,0,0,,,-,0,0,0,-,0,-,5,0,1,3,10.0,0,0,0,-,0
2020-10-18,äƒuƒŒƒCƒU[ƒY,VC’·–ìƒgƒ‰ƒCƒfƒ“ƒc,7,,oãÎ“cŒh,3,¡,¡,¡,nan,nan,9,6,0,66.7,66.7,2.00,0,0,0,-,3,1.00,6,0,1,1,0.0,0,0,0,-,9
2020-10-18,äƒuƒŒƒCƒU[ƒY,VC’·–ìƒgƒ‰ƒCƒfƒ“ƒc,8,,²ìãÄ,1, ,nan,nan,nan,nan,0,0,0,,,-,0,0,0,-,0,-,0,0,0,0,-,0,0,0,-,0
2020-10-18,äƒuƒŒƒCƒU[ƒY,VC’·–ìƒgƒ‰ƒCƒfƒ“ƒc,10,,çX–Øx‰î,3, ,¡,¡,nan,nan,21,9,1,42.9,38.1,3.00,8,5,0,62.5,3,1.00,10,0,4,3,-2.5,11,3,3,40.9,12
2020-10-18,äƒuƒŒƒCƒU[ƒY,VC’·–ìƒgƒ‰ƒCƒfƒ“ƒc,11,,ŠÖ“c½‘å,3,¡,¡,¡,nan,nan,1,0,0,0.0,0.0,-,0,0,0,-,0,-,17,2,3,7,17.6,0,0,0,-,2
2020-10-18,äƒuƒŒƒCƒU[ƒY,VC’·–ìƒgƒ‰ƒCƒfƒ“ƒc,12,,¬’r—E‹P,1,nan,nan, ,nan,nan,0,0,0,,,-,0,0,0,-,0,-,1,0,0,1,25.0,1,0,0,0.0,0
2020-10-18,äƒuƒŒƒCƒU[ƒY,VC’·–ìƒgƒ‰ƒCƒfƒ“ƒc,14,,RŒûèñ•½,3, , , ,nan,nan,0,0,0,,,-,0,0,0,-,0,-,4,0,1,0,-6.2,0,0,0,-,0
2020-10-18,äƒuƒŒƒCƒU[ƒY,VC’·–ìƒgƒ‰ƒCƒfƒ“ƒc,20,L,R–{’q‘å,3,œ,œ,œ,nan,nan,0,0,0,,,-,0,0,0,-,0,-,0,0,0,0,-,14,8,3,67.9,0
2020-10-18,äƒuƒŒƒCƒU[ƒY,VC’·–ìƒgƒ‰ƒCƒfƒ“ƒc,21,,’|Œ³—T‘¾˜Y,0,nan,nan,nan,nan,nan,0,0,0,,,-,0,0,0,-,0,-,0,0,0,0,-,0,0,0,-,0
2020-10-18,äƒuƒŒƒCƒU[ƒY,VC’·–ìƒgƒ‰ƒCƒfƒ“ƒc,23,,‰L–ìK–ç,1,¡,nan,nan,nan,nan,3,0,0,0.0,0.0,-,1,0,0,0.0,0,-,0,0,0,0,-,1,1,0,100.0,0
2020-10-18,äƒuƒŒƒCƒU[ƒY,VC’·–ìƒgƒ‰ƒCƒfƒ“ƒc,24,,ƒWƒ‡ƒ“ƒEƒFƒ“ƒg,3,¡,¡,¡,nan,nan,28,12,0,42.9,42.9,4.00,8,4,0,50.0,2,0.67,10,0,2,2,0.0,0,0,0,-,14
2020-10-18,äƒuƒŒƒCƒU[ƒY,VC’·–ìƒgƒ‰ƒCƒfƒ“ƒc,ƒ`[ƒ€‡Œv,ƒ`[ƒ€‡Œv,ƒ`[ƒ€‡Œv,3,nan,nan,nan,nan,nan,93,43,3,46.2,43.0,14.33,22,10,0,45.5,11,3.67,73,4,19,20,5.8,61,30,17,63.1,58
2020-10-18,VC’·–ìƒgƒ‰ƒCƒfƒ“ƒc,äƒuƒŒƒCƒU[ƒY,4,,’†‘º—³•ã,3,¡,¡,¡,nan,nan,7,2,0,28.6,28.6,0.67,0,0,0,-,1,0.33,8,0,0,0,0.0,2,1,0,50.0,3
2020-10-18,VC’·–ìƒgƒ‰ƒCƒfƒ“ƒc,äƒuƒŒƒCƒU[ƒY,5,,Š}—˜^Œá,2,¡,¡,nan,nan,nan,11,3,1,27.3,18.2,1.50,0,0,0,-,0,-,3,0,0,0,0.0,4,2,0,50.0,3
2020-10-18,VC’·–ìƒgƒ‰ƒCƒfƒ“ƒc,äƒuƒŒƒCƒU[ƒY,6,,ˆÉ“¡÷,3, , ,¡,nan,nan,9,5,0,55.6,55.6,1.67,0,0,0,-,0,-,7,0,2,2,0.0,8,0,2,12.5,5
2020-10-18,VC’·–ìƒgƒ‰ƒCƒfƒ“ƒc,äƒuƒŒƒCƒU[ƒY,7,,ŒË›½“‘å,3,¡,¡,¡,nan,nan,26,11,1,42.3,38.5,3.67,5,2,1,40.0,2,0.67,12,1,1,3,12.5,23,8,6,47.8,14
2020-10-18,VC’·–ìƒgƒ‰ƒCƒfƒ“ƒc,äƒuƒŒƒCƒU[ƒY,8,,‰Í“Œ—S‘å,3,¡,¡,¡,nan,nan,1,1,0,100.0,100.0,0.33,0,0,0,-,0,-,11,0,0,2,4.5,0,0,0,-,1
2020-10-18,VC’·–ìƒgƒ‰ƒCƒfƒ“ƒc,äƒuƒŒƒCƒU[ƒY,9,,’r“cK‘¾,3,¡,¡,¡,nan,nan,37,15,6,40.5,24.3,5.00,13,5,4,38.5,0,-,12,1,2,2,8.3,4,2,0,50.0,16
2020-10-18,VC’·–ìƒgƒ‰ƒCƒfƒ“ƒc,äƒuƒŒƒCƒU[ƒY,12,L,R–{Œ›Œá,3,œ,œ,œ,nan,nan,0,0,0,,,-,0,0,0,-,0,-,0,0,0,0,-,11,5,4,63.6,0
2020-10-18,VC’·–ìƒgƒ‰ƒCƒfƒ“ƒc,äƒuƒŒƒCƒU[ƒY,13,,’Ö‰è‹v,1,nan, ,nan,nan,nan,0,0,0,,,-,0,0,0,-,0,-,1,0,1,0,-25.0,0,0,0,-,0
2020-10-18,VC’·–ìƒgƒ‰ƒCƒfƒ“ƒc,äƒuƒŒƒCƒU[ƒY,14,,–îŠÑ—´”n,2, ,nan, ,nan,nan,0,0,0,,,-,0,0,0,-,1,0.50,2,0,0,0,0.0,0,0,0,-,1
2020-10-18,VC’·–ìƒgƒ‰ƒCƒfƒ“ƒc,äƒuƒŒƒCƒU[ƒY,15,,”g²ŠÔ‘×•½,0,nan,nan,nan,nan,nan,0,0,0,,,-,0,0,0,-,0,-,0,0,0,0,-,0,0,0,-,0
2020-10-18,VC’·–ìƒgƒ‰ƒCƒfƒ“ƒc,äƒuƒŒƒCƒU[ƒY,16,,XèŒ’j,3,¡,¡,¡,nan,nan,2,1,0,50.0,50.0,0.33,0,0,0,-,0,-,12,0,0,4,8.3,1,0,0,0.0,1
2020-10-18,VC’·–ìƒgƒ‰ƒCƒfƒ“ƒc,äƒuƒŒƒCƒU[ƒY,21,,‚àV˜a‹M,0,nan,nan,nan,nan,nan,0,0,0,,,-,0,0,0,-,0,-,0,0,0,0,-,0,0,0,-,0
2020-10-18,VC’·–ìƒgƒ‰ƒCƒfƒ“ƒc,äƒuƒŒƒCƒU[ƒY,22,L,Šp‰ë–ç,1,nan,nan,Z,nan,nan,0,0,0,,,-,0,0,0,-,0,-,0,0,0,0,-,0,0,0,-,0
2020-10-18,VC’·–ìƒgƒ‰ƒCƒfƒ“ƒc,äƒuƒŒƒCƒU[ƒY,24,,’·“c—ƒ,0,nan,nan,nan,nan,nan,0,0,0,,,-,0,0,0,-,0,-,0,0,0,0,-,0,0,0,-,0
2020-10-18,VC’·–ìƒgƒ‰ƒCƒfƒ“ƒc,äƒuƒŒƒCƒU[ƒY,ƒ`[ƒ€‡Œv,ƒ`[ƒ€‡Œv,ƒ`[ƒ€‡Œv,3,nan,nan,nan,nan,nan,93,38,8,40.9,32.3,12.67,18,7,5,38.9,4,1.33,68,2,6,13,5.5,53,18,12,45.3,44
2020-10-18,ƒTƒ“ƒgƒŠ[ƒTƒ“ƒo[ƒY,ƒEƒ‹ƒtƒhƒbƒOƒX–¼ŒÃ‰®,1,L,’ß“c‘å÷,4,œ,œ,œ,œ,nan,0,0,0,,,-,0,0,0,-,0,-,0,0,0,0,-,15,8,5,70.0,0
2020-10-18,ƒTƒ“ƒgƒŠ[ƒTƒ“ƒo[ƒY,ƒEƒ‹ƒtƒhƒbƒOƒX–¼ŒÃ‰®,3,,¬–ì—y‹P,4,¡,¡,¡,¡,nan,8,5,0,62.5,62.5,1.25,0,0,0,-,2,0.50,8,2,2,1,21.9,0,0,0,-,9
2020-10-18,ƒTƒ“ƒgƒŠ[ƒTƒ“ƒo[ƒY,ƒEƒ‹ƒtƒhƒbƒOƒX–¼ŒÃ‰®,4,,’¹”ˆŸ“l–²,0,nan,nan,nan,nan,nan,0,0,0,,,-,0,0,0,-,0,-,0,0,0,0,-,0,0,0,-,0
2020-10-18,ƒTƒ“ƒgƒŠ[ƒTƒ“ƒo[ƒY,ƒEƒ‹ƒtƒhƒbƒOƒX–¼ŒÃ‰®,5,,¼—ÑŒ›‘¾˜Y,0,nan,nan,nan,nan,nan,0,0,0,,,-,0,0,0,-,0,-,0,0,0,0,-,0,0,0,-,0
2020-10-18,ƒTƒ“ƒgƒŠ[ƒTƒ“ƒo[ƒY,ƒEƒ‹ƒtƒhƒbƒOƒX–¼ŒÃ‰®,8,,–ö“c«—m,4,¡,¡,¡,¡,nan,24,14,2,58.3,50.0,3.50,8,5,0,62.5,0,-,19,2,3,10,19.7,20,7,5,47.5,16
2020-10-18,ƒTƒ“ƒgƒŠ[ƒTƒ“ƒo[ƒY,ƒEƒ‹ƒtƒhƒbƒOƒX–¼ŒÃ‰®,9,,‘å‘î^÷,4,¡,¡,¡,¡,nan,3,1,0,33.3,33.3,0.25,0,0,0,-,1,0.25,16,0,3,3,0.0,0,0,0,-,2
2020-10-18,ƒTƒ“ƒgƒŠ[ƒTƒ“ƒo[ƒY,ƒEƒ‹ƒtƒhƒbƒOƒX–¼ŒÃ‰®,10,,“¡’†Œª–ç,4,¡,¡,¡,¡,nan,36,15,1,41.7,38.9,3.75,2,1,0,50.0,0,-,16,0,2,3,1.6,24,8,8,50.0,15
2020-10-18,ƒTƒ“ƒgƒŠ[ƒTƒ“ƒo[ƒY,ƒEƒ‹ƒtƒhƒbƒOƒX–¼ŒÃ‰®,11,,`k‰î,0,nan,nan,nan,nan,nan,0,0,0,,,-,0,0,0,-,0,-,0,0,0,0,-,0,0,0,-,0
2020-10-18,ƒTƒ“ƒgƒŠ[ƒTƒ“ƒo[ƒY,ƒEƒ‹ƒtƒhƒbƒOƒX–¼ŒÃ‰®,12,,‰–“c’B–ç,4,¡,¡,¡,¡,nan,10,6,1,60.0,50.0,1.50,0,0,0,-,0,-,15,1,3,3,6.7,0,0,0,-,7
2020-10-18,ƒTƒ“ƒgƒŠ[ƒTƒ“ƒo[ƒY,ƒEƒ‹ƒtƒhƒbƒOƒX–¼ŒÃ‰®,14,,‰Á“¡‹v“T,1,nan, ,nan,nan,nan,0,0,0,,,-,0,0,0,-,0,-,0,0,0,0,-,0,0,0,-,0
2020-10-18,ƒTƒ“ƒgƒŠ[ƒTƒ“ƒo[ƒY,ƒEƒ‹ƒtƒhƒbƒOƒX–¼ŒÃ‰®,15,,Šì“üË[,4, , , , ,nan,0,0,0,,,-,0,0,0,-,0,-,5,0,1,2,5.0,0,0,0,-,0
2020-10-18,ƒTƒ“ƒgƒŠ[ƒTƒ“ƒo[ƒY,ƒEƒ‹ƒtƒhƒbƒOƒX–¼ŒÃ‰®,19,,ŒIR‰ëj,4,¡,¡,¡,¡,nan,24,10,1,41.7,37.5,2.50,8,2,0,25.0,2,0.50,12,2,2,4,20.8,0,0,0,-,14
2020-10-18,ƒTƒ“ƒgƒŠ[ƒTƒ“ƒo[ƒY,ƒEƒ‹ƒtƒhƒbƒOƒX–¼ŒÃ‰®,20,,¼“cŠ°Šî,2,nan, ,nan, ,nan,0,0,0,,,-,0,0,0,-,0,-,5,1,2,2,20.0,0,0,0,-,1
2020-10-18,ƒTƒ“ƒgƒŠ[ƒTƒ“ƒo[ƒY,ƒEƒ‹ƒtƒhƒbƒOƒX–¼ŒÃ‰®,21,,²“¡ŒªŸ,0,nan,nan,nan,nan,nan,0,0,0,,,-,0,0,0,-,0,-,0,0,0,0,-,0,0,0,-,0
2020-10-18,ƒTƒ“ƒgƒŠ[ƒTƒ“ƒo[ƒY,ƒEƒ‹ƒtƒhƒbƒOƒX–¼ŒÃ‰®,ƒ`[ƒ€‡Œv,ƒ`[ƒ€‡Œv,ƒ`[ƒ€‡Œv,4,nan,nan,nan,nan,nan,105,51,5,48.6,43.8,12.75,18,8,0,44.4,5,1.25,96,8,18,28,10.9,59,23,18,54.2,64
2020-10-18,ƒEƒ‹ƒtƒhƒbƒOƒX–¼ŒÃ‰®,ƒTƒ“ƒgƒŠ[ƒTƒ“ƒo[ƒY,1,,R“cãù‘¢,1,nan,nan,nan, ,nan,0,0,0,,,-,0,0,0,-,1,1.00,2,0,1,0,-12.5,1,0,0,0.0,1
2020-10-18,ƒEƒ‹ƒtƒhƒbƒOƒX–¼ŒÃ‰®,ƒTƒ“ƒgƒŠ[ƒTƒ“ƒo[ƒY,2,,R‹ß“N,0,nan,nan,nan,nan,nan,0,0,0,,,-,0,0,0,-,0,-,0,0,0,0,-,0,0,0,-,0
2020-10-18,ƒEƒ‹ƒtƒhƒbƒOƒX–¼ŒÃ‰®,ƒTƒ“ƒgƒŠ[ƒTƒ“ƒo[ƒY,3,,ƒNƒŒƒNƒoƒ‹ƒgƒVƒ…,4,¡,¡,¡,¡,nan,29,14,2,48.3,41.4,3.50,12,3,2,25.0,1,0.25,14,1,5,5,7.1,1,0,0,0.0,16
2020-10-18,ƒEƒ‹ƒtƒhƒbƒOƒX–¼ŒÃ‰®,ƒTƒ“ƒgƒŠ[ƒTƒ“ƒo[ƒY,5,,‘O“cˆê½,4,¡,¡,¡,¡,nan,2,0,0,0.0,0.0,-,0,0,0,-,0,-,14,1,1,2,8.9,1,0,0,0.0,1
2020-10-18,ƒEƒ‹ƒtƒhƒbƒOƒX–¼ŒÃ‰®,ƒTƒ“ƒgƒŠ[ƒTƒ“ƒo[ƒY,6,,‹ß—T’,2,¡,¡,nan,nan,nan,5,3,1,60.0,40.0,1.50,0,0,0,-,0,-,7,0,1,2,3.6,0,0,0,-,3
2020-10-18,ƒEƒ‹ƒtƒhƒbƒOƒX–¼ŒÃ‰®,ƒTƒ“ƒgƒŠ[ƒTƒ“ƒo[ƒY,7,,”’Šâ’¼–ç,0,nan,nan,nan,nan,nan,0,0,0,,,-,0,0,0,-,0,-,0,0,0,0,-,0,0,0,-,0
2020-10-18,ƒEƒ‹ƒtƒhƒbƒOƒX–¼ŒÃ‰®,ƒTƒ“ƒgƒŠ[ƒTƒ“ƒo[ƒY,9,,ƒ†ƒ“ƒ{ƒ“ƒE,2,nan,nan,¡,¡,nan,2,1,0,50.0,50.0,0.50,0,0,0,-,1,0.50,6,0,1,1,0.0,0,0,0,-,2
2020-10-18,ƒEƒ‹ƒtƒhƒbƒOƒX–¼ŒÃ‰®,ƒTƒ“ƒgƒŠ[ƒTƒ“ƒo[ƒY,11,,™B“c—º‘¾,4,¡,¡,¡,¡,nan,12,9,0,75.0,75.0,2.25,0,0,0,-,2,0.50,11,0,5,2,-6.8,1,1,0,100.0,11
2020-10-18,ƒEƒ‹ƒtƒhƒbƒOƒX–¼ŒÃ‰®,ƒTƒ“ƒgƒŠ[ƒTƒ“ƒo[ƒY,14,,’ÖR—³‰î,0,nan,nan,nan,nan,nan,0,0,0,,,-,0,0,0,-,0,-,0,0,0,0,-,0,0,0,-,0
2020-10-18,ƒEƒ‹ƒtƒhƒbƒOƒX–¼ŒÃ‰®,ƒTƒ“ƒgƒŠ[ƒTƒ“ƒo[ƒY,20,,ìŒû‘¾ˆê,3,nan, , , ,nan,0,0,0,,,-,0,0,0,-,0,-,0,0,0,0,-,1,1,0,100.0,0
2020-10-18,ƒEƒ‹ƒtƒhƒbƒOƒX–¼ŒÃ‰®,ƒTƒ“ƒgƒŠ[ƒTƒ“ƒo[ƒY,21,,‰i˜IŒ³‹H,2, ,nan,nan, ,nan,0,0,0,,,-,0,0,0,-,0,-,2,0,0,1,12.5,0,0,0,-,0
2020-10-18,ƒEƒ‹ƒtƒhƒbƒOƒX–¼ŒÃ‰®,ƒTƒ“ƒgƒŠ[ƒTƒ“ƒo[ƒY,22,,‚—œŒ’‘¾,4,¡,¡,¡,¡,nan,31,14,1,45.2,41.9,3.50,3,0,1,0.0,3,0.75,10,0,6,0,-15.0,21,9,4,52.4,17
2020-10-18,ƒEƒ‹ƒtƒhƒbƒOƒX–¼ŒÃ‰®,ƒTƒ“ƒgƒŠ[ƒTƒ“ƒo[ƒY,24,L,¬ì’q‘å,4,œ,œ,œ,œ,nan,0,0,0,,,-,0,0,0,-,0,-,0,0,0,0,-,26,18,2,73.1,0
2020-10-18,ƒEƒ‹ƒtƒhƒbƒOƒX–¼ŒÃ‰®,ƒTƒ“ƒgƒŠ[ƒTƒ“ƒo[ƒY,26,,Rè²“s,4,¡,¡,¡,¡,nan,19,5,2,26.3,15.8,1.25,2,1,0,50.0,0,-,18,1,4,5,6.9,24,9,3,43.8,6
2020-10-18,ƒEƒ‹ƒtƒhƒbƒOƒX–¼ŒÃ‰®,ƒTƒ“ƒgƒŠ[ƒTƒ“ƒo[ƒY,ƒ`[ƒ€‡Œv,ƒ`[ƒ€‡Œv,ƒ`[ƒ€‡Œv,4,nan,nan,nan,nan,nan,100,46,6,46.0,40.0,11.50,17,4,3,23.5,8,2.00,84,3,24,18,1.8,76,38,9,55.9,57
2020-10-18,ƒpƒiƒ\ƒjƒbƒNƒpƒ“ƒT[ƒY,FC“Œ‹,1,,´…–ML,4,¡,¡,¡,¡,nan,34,17,1,50.0,47.1,4.25,7,5,0,71.4,4,1.00,11,0,2,2,0.0,0,0,0,-,21
2020-10-18,ƒpƒiƒ\ƒjƒbƒNƒpƒ“ƒT[ƒY,FC“Œ‹,2,,[’Ã‰pb,4,¡,¡,¡,¡,nan,0,0,0,,,-,0,0,0,-,1,0.25,20,1,3,0,1.2,0,0,0,-,2
2020-10-18,ƒpƒiƒ\ƒjƒbƒNƒpƒ“ƒT[ƒY,FC“Œ‹,4,,‘å’|ˆëÂ,2,nan, ,nan, ,nan,6,2,1,33.3,16.7,1.00,0,0,0,-,0,-,0,0,0,0,-,0,0,0,-,2
2020-10-18,ƒpƒiƒ\ƒjƒbƒNƒpƒ“ƒT[ƒY,FC“Œ‹,5,,“n•Ó‘tŒá,0,nan,nan,nan,nan,nan,0,0,0,,,-,0,0,0,-,0,-,0,0,0,0,-,0,0,0,-,0
2020-10-18,ƒpƒiƒ\ƒjƒbƒNƒpƒ“ƒT[ƒY,FC“Œ‹,6,,”’àVŒ’™,0,nan,nan,nan,nan,nan,0,0,0,,,-,0,0,0,-,0,-,0,0,0,0,-,0,0,0,-,0
2020-10-18,ƒpƒiƒ\ƒjƒbƒNƒpƒ“ƒT[ƒY,FC“Œ‹,7,,‹vŒ´—ƒ,4,¡,¡,¡,¡,nan,21,10,1,47.6,42.9,2.50,1,1,0,100.0,2,0.50,15,1,2,1,5.0,24,8,12,58.3,13
2020-10-18,ƒpƒiƒ\ƒjƒbƒNƒpƒ“ƒT[ƒY,FC“Œ‹,9,,¡‘º‹M•F,3,nan, , , ,nan,0,0,0,,,-,0,0,0,-,0,-,3,0,0,1,8.3,0,0,0,-,0
2020-10-18,ƒpƒiƒ\ƒjƒbƒNƒpƒ“ƒT[ƒY,FC“Œ‹,10,,R“à»‘å,4,¡,¡,¡,¡,nan,7,4,0,57.1,57.1,1.00,0,0,0,-,0,-,14,1,1,1,7.1,0,0,0,-,5
2020-10-18,ƒpƒiƒ\ƒjƒbƒNƒpƒ“ƒT[ƒY,FC“Œ‹,13,,ƒNƒrƒAƒNƒ~ƒnƒE,4,¡,¡,¡,¡,nan,23,12,1,52.2,47.8,3.00,6,4,1,66.7,4,1.00,17,2,3,5,14.7,27,7,11,46.3,18
2020-10-18,ƒpƒiƒ\ƒjƒbƒNƒpƒ“ƒT[ƒY,FC“Œ‹,16,L,ˆÉ‰ê—º•½,4,œ,œ,œ,œ,nan,0,0,0,,,-,0,0,0,-,0,-,0,0,0,0,-,19,8,8,63.2,0
2020-10-18,ƒpƒiƒ\ƒjƒbƒNƒpƒ“ƒT[ƒY,FC“Œ‹,17,L,‰i–ìŒ’,0,nan,nan,nan,nan,nan,0,0,0,,,-,0,0,0,-,0,-,0,0,0,0,-,0,0,0,-,0
2020-10-18,ƒpƒiƒ\ƒjƒbƒNƒpƒ“ƒT[ƒY,FC“Œ‹,20,,V‹M—T,4, , , , ,nan,0,0,0,,,-,0,0,0,-,0,-,5,0,0,2,10.0,0,0,0,-,0
2020-10-18,ƒpƒiƒ\ƒjƒbƒNƒpƒ“ƒT[ƒY,FC“Œ‹,21,,™Z‹ÊN¬,0,nan,nan,nan,nan,nan,0,0,0,,,-,0,0,0,-,0,-,0,0,0,0,-,0,0,0,-,0
2020-10-18,ƒpƒiƒ\ƒjƒbƒNƒpƒ“ƒT[ƒY,FC“Œ‹,22,,¬‹{—Yˆê˜Y,4,¡,¡,¡,¡,nan,8,5,0,62.5,62.5,1.25,0,0,0,-,5,1.25,11,1,2,3,11.4,1,0,1,50.0,11
2020-10-18,ƒpƒiƒ\ƒjƒbƒNƒpƒ“ƒT[ƒY,FC“Œ‹,ƒ`[ƒ€‡Œv,ƒ`[ƒ€‡Œv,ƒ`[ƒ€‡Œv,4,nan,nan,nan,nan,nan,99,50,4,50.5,46.5,12.50,14,10,1,71.4,16,4.00,96,6,13,15,6.8,71,23,32,54.9,72
2020-10-18,FC“Œ‹,ƒpƒiƒ\ƒjƒbƒNƒpƒ“ƒT[ƒY,1,,”—“cŠsu,4,¡,¡,¡,¡,nan,21,6,1,28.6,23.8,1.50,0,0,0,-,2,0.50,21,0,2,6,4.8,32,13,11,57.8,8
2020-10-18,FC“Œ‹,ƒpƒiƒ\ƒjƒbƒNƒpƒ“ƒT[ƒY,2,,‹Ê‘îŒ’‘¾˜Y,2,nan, , ,nan,nan,0,0,0,,,-,0,0,0,-,0,-,4,0,1,1,0.0,0,0,0,-,0
2020-10-18,FC“Œ‹,ƒpƒiƒ\ƒjƒbƒNƒpƒ“ƒT[ƒY,3,,‹k—T–ç,1,nan,nan, ,nan,nan,0,0,0,,,-,0,0,0,-,0,-,2,0,0,0,0.0,0,0,0,-,0
2020-10-18,FC“Œ‹,ƒpƒiƒ\ƒjƒbƒNƒpƒ“ƒT[ƒY,4,,R“c—v•½,2, ,nan,nan, ,nan,1,1,0,100.0,100.0,0.50,0,0,0,-,0,-,2,0,1,0,-12.5,1,0,0,0.0,1
2020-10-18,FC“Œ‹,ƒpƒiƒ\ƒjƒbƒNƒpƒ“ƒT[ƒY,8,,ŒIR‰p”V,4,¡,¡,¡,¡,nan,18,11,1,61.1,55.6,2.75,0,0,0,-,0,-,7,0,0,2,7.1,1,0,1,50.0,11
2020-10-18,FC“Œ‹,ƒpƒiƒ\ƒjƒbƒNƒpƒ“ƒT[ƒY,9,,è’Ë‘å,1,nan,nan,nan, ,nan,2,1,1,50.0,0.0,1.00,0,0,0,-,1,1.00,1,0,0,0,0.0,3,0,1,16.7,2
2020-10-18,FC“Œ‹,ƒpƒiƒ\ƒjƒbƒNƒpƒ“ƒT[ƒY,10,L,ŒÃ‰ê‘¾ˆê˜Y,4,œ,œ,œ,œ,nan,0,0,0,,,-,0,0,0,-,0,-,0,0,0,0,-,29,15,9,67.2,0
2020-10-18,FC“Œ‹,ƒpƒiƒ\ƒjƒbƒNƒpƒ“ƒT[ƒY,13,,–ö’¬ˆí‘¾,1, ,nan,nan,nan,nan,0,0,0,,,-,0,0,0,-,0,-,0,0,0,0,-,0,0,0,-,0
2020-10-18,FC“Œ‹,ƒpƒiƒ\ƒjƒbƒNƒpƒ“ƒT[ƒY,14,,’·—F—D–,4,¡,¡,¡,¡,nan,41,23,5,56.1,43.9,5.75,19,12,2,63.2,0,-,13,0,2,2,0.0,0,0,0,-,23
2020-10-18,FC“Œ‹,ƒpƒiƒ\ƒjƒbƒNƒpƒ“ƒT[ƒY,16,,èŒ´a,4,¡,¡,¡,¡,nan,0,0,0,,,-,0,0,0,-,0,-,9,0,0,2,5.6,1,0,0,0.0,0
2020-10-18,FC“Œ‹,ƒpƒiƒ\ƒjƒbƒNƒpƒ“ƒT[ƒY,18,,•“¡“S–ç,4,¡,¡,¡,¡,nan,16,5,2,31.2,18.8,1.25,0,0,0,-,1,0.25,10,0,0,3,7.5,2,2,0,100.0,6
2020-10-18,FC“Œ‹,ƒpƒiƒ\ƒjƒbƒNƒpƒ“ƒT[ƒY,19,,²“¡–]À,4,¡,¡,¡,¡,nan,22,6,4,27.3,9.1,1.50,2,1,0,50.0,3,0.75,9,0,3,0,-8.3,13,8,2,69.2,9
2020-10-18,FC“Œ‹,ƒpƒiƒ\ƒjƒbƒNƒpƒ“ƒT[ƒY,21,,•½“c—º‰î,2, ,nan,nan, ,nan,1,1,0,100.0,100.0,0.50,0,0,0,-,0,-,3,0,1,0,-8.3,0,0,0,-,1
2020-10-18,FC“Œ‹,ƒpƒiƒ\ƒjƒbƒNƒpƒ“ƒT[ƒY,26,,•“c•V“l,0,nan,nan,nan,nan,nan,0,0,0,,,-,0,0,0,-,0,-,0,0,0,0,-,0,0,0,-,0
2020-10-18,FC“Œ‹,ƒpƒiƒ\ƒjƒbƒNƒpƒ“ƒT[ƒY,ƒ`[ƒ€‡Œv,ƒ`[ƒ€‡Œv,ƒ`[ƒ€‡Œv,4,nan,nan,nan,nan,nan,122,54,14,44.3,32.8,13.50,21,13,2,61.9,7,1.75,81,0,10,16,1.9,82,38,24,61.0,61
2020-10-23,VC’·–ìƒgƒ‰ƒCƒfƒ“ƒc,ƒWƒFƒCƒeƒNƒgSTINGS,4,,’†‘º—³•ã,5,¡,¡,¡,¡,¡,10,4,0,40.0,40.0,0.80,0,0,0,-,2,0.40,15,2,1,1,13.3,2,1,0,50.0,8
2020-10-23,VC’·–ìƒgƒ‰ƒCƒfƒ“ƒc,ƒWƒFƒCƒeƒNƒgSTINGS,5,,Š}—˜^Œá,0,nan,nan,nan,nan,nan,0,0,0,,,-,0,0,0,-,0,-,0,0,0,0,-,0,0,0,-,0
2020-10-23,VC’·–ìƒgƒ‰ƒCƒfƒ“ƒc,ƒWƒFƒCƒeƒNƒgSTINGS,6,,ˆÉ“¡÷,0,nan,nan,nan,nan,nan,0,0,0,,,-,0,0,0,-,0,-,0,0,0,0,-,0,0,0,-,0
2020-10-23,VC’·–ìƒgƒ‰ƒCƒfƒ“ƒc,ƒWƒFƒCƒeƒNƒgSTINGS,7,,ŒË›½“‘å,5,¡,¡,¡,¡,¡,42,18,1,42.9,40.5,3.60,7,2,1,28.6,1,0.20,17,0,5,4,-1.5,39,19,14,66.7,19
2020-10-23,VC’·–ìƒgƒ‰ƒCƒfƒ“ƒc,ƒWƒFƒCƒeƒNƒgSTINGS,8,,‰Í“Œ—S‘å,5,¡,¡,¡,¡,¡,2,0,0,0.0,0.0,-,0,0,0,-,0,-,18,0,0,2,2.8,0,0,0,-,0
2020-10-23,VC’·–ìƒgƒ‰ƒCƒfƒ“ƒc,ƒWƒFƒCƒeƒNƒgSTINGS,9,,’r“cK‘¾,5,¡,¡,¡,¡,¡,30,16,4,53.3,40.0,3.20,6,5,1,83.3,1,0.20,17,1,8,2,-2.9,30,16,8,66.7,18
2020-10-23,VC’·–ìƒgƒ‰ƒCƒfƒ“ƒc,ƒWƒFƒCƒeƒNƒgSTINGS,10,,ƒkƒ‹ƒ€ƒ‹ƒLƒŠƒ”ƒ@ƒ“,5,¡,¡,¡,¡,¡,48,20,3,41.7,35.4,4.00,28,12,2,42.9,2,0.40,21,2,5,4,8.3,0,0,0,-,24
2020-10-23,VC’·–ìƒgƒ‰ƒCƒfƒ“ƒc,ƒWƒFƒCƒeƒNƒgSTINGS,12,L,R–{Œ›Œá,5,œ,œ,œ,œ,œ,0,0,0,,,-,0,0,0,-,0,-,0,0,0,0,-,10,3,3,45.0,0
2020-10-23,VC’·–ìƒgƒ‰ƒCƒfƒ“ƒc,ƒWƒFƒCƒeƒNƒgSTINGS,13,,’Ö‰è‹v,2, , ,nan,nan,nan,1,0,0,0.0,0.0,-,0,0,0,-,0,-,1,0,0,0,0.0,0,0,0,-,0
2020-10-23,VC’·–ìƒgƒ‰ƒCƒfƒ“ƒc,ƒWƒFƒCƒeƒNƒgSTINGS,14,,–îŠÑ—´”n,0,nan,nan,nan,nan,nan,0,0,0,,,-,0,0,0,-,0,-,0,0,0,0,-,0,0,0,-,0
2020-10-23,VC’·–ìƒgƒ‰ƒCƒfƒ“ƒc,ƒWƒFƒCƒeƒNƒgSTINGS,16,,XèŒ’j,5,¡,¡,¡,¡,¡,11,6,0,54.5,54.5,1.20,0,0,0,-,0,-,18,1,5,1,0.0,5,2,1,50.0,7
2020-10-23,VC’·–ìƒgƒ‰ƒCƒfƒ“ƒc,ƒWƒFƒCƒeƒNƒgSTINGS,21,,‚àV˜a‹M,0,nan,nan,nan,nan,nan,0,0,0,,,-,0,0,0,-,0,-,0,0,0,0,-,0,0,0,-,0
2020-10-23,VC’·–ìƒgƒ‰ƒCƒfƒ“ƒc,ƒWƒFƒCƒeƒNƒgSTINGS,22,L,Šp‰ë–ç,5,Z,Z,Z,Z,Z,0,0,0,,,-,0,0,0,-,0,-,0,0,0,0,-,0,0,0,-,0
2020-10-23,VC’·–ìƒgƒ‰ƒCƒfƒ“ƒc,ƒWƒFƒCƒeƒNƒgSTINGS,24,,’·“c—ƒ,0,nan,nan,nan,nan,nan,0,0,0,,,-,0,0,0,-,0,-,0,0,0,0,-,0,0,0,-,0
2020-10-23,VC’·–ìƒgƒ‰ƒCƒfƒ“ƒc,ƒWƒFƒCƒeƒNƒgSTINGS,ƒ`[ƒ€‡Œv,ƒ`[ƒ€‡Œv,ƒ`[ƒ€‡Œv,5,nan,nan,nan,nan,nan,144,64,8,44.4,38.9,12.80,41,19,4,46.3,6,1.20,107,6,24,14,3.3,86,41,26,62.8,76
2020-10-23,ƒWƒFƒCƒeƒNƒgSTINGS,VC’·–ìƒgƒ‰ƒCƒfƒ“ƒc,1,,“¡’†—D“l,5,¡,¡,¡,¡,¡,23,11,3,47.8,34.8,2.20,0,0,0,-,1,0.20,18,0,3,3,0.0,29,17,9,74.1,12
2020-10-23,ƒWƒFƒCƒeƒNƒgSTINGS,VC’·–ìƒgƒ‰ƒCƒfƒ“ƒc,2,,‹àŠÛW‘å,3, ,nan, ,nan, ,0,0,0,,,-,0,0,0,-,0,-,0,0,0,0,-,0,0,0,-,0
2020-10-23,ƒWƒFƒCƒeƒNƒgSTINGS,VC’·–ìƒgƒ‰ƒCƒfƒ“ƒc,3,,•šŒ©‘å˜a,5,¡,¡,¡,¡,¡,11,5,0,45.5,45.5,1.00,0,0,0,-,2,0.40,17,0,4,3,-1.5,0,0,0,-,7
2020-10-23,ƒWƒFƒCƒeƒNƒgSTINGS,VC’·–ìƒgƒ‰ƒCƒfƒ“ƒc,4,,•ŸR‘¿ˆê,5,¡,¡,¡,¡,¡,9,5,0,55.6,55.6,1.00,0,0,0,-,3,0.60,24,0,1,2,1.0,1,1,0,100.0,8
2020-10-23,ƒWƒFƒCƒeƒNƒgSTINGS,VC’·–ìƒgƒ‰ƒCƒfƒ“ƒc,6,,ƒtƒHƒ“ƒeƒŒƒXƒtƒFƒŠƒy,3,nan,nan,¡,¡,¡,21,10,1,47.6,42.9,3.33,5,1,0,20.0,0,-,11,0,1,1,0.0,14,8,3,67.9,10
2020-10-23,ƒWƒFƒCƒeƒNƒgSTINGS,VC’·–ìƒgƒ‰ƒCƒfƒ“ƒc,7,,–öàVL•½,2,¡,¡,nan,nan,nan,15,7,0,46.7,46.7,3.50,1,0,0,0.0,0,-,5,0,0,0,0.0,3,2,0,66.7,7
2020-10-23,ƒWƒFƒCƒeƒNƒgSTINGS,VC’·–ìƒgƒ‰ƒCƒfƒ“ƒc,8,,ŒS_–ç,0,nan,nan,nan,nan,nan,0,0,0,,,-,0,0,0,-,0,-,0,0,0,0,-,0,0,0,-,0
2020-10-23,ƒWƒFƒCƒeƒNƒgSTINGS,VC’·–ìƒgƒ‰ƒCƒfƒ“ƒc,10,,¬—ÑŒõ‹P,2,nan, ,nan, ,nan,0,0,0,,,-,0,0,0,-,0,-,3,0,1,1,0.0,0,0,0,-,0
2020-10-23,ƒWƒFƒCƒeƒNƒgSTINGS,VC’·–ìƒgƒ‰ƒCƒfƒ“ƒc,12,L,‹»‘—º,0,nan,nan,nan,nan,nan,0,0,0,,,-,0,0,0,-,0,-,0,0,0,0,-,0,0,0,-,0
2020-10-23,ƒWƒFƒCƒeƒNƒgSTINGS,VC’·–ìƒgƒ‰ƒCƒfƒ“ƒc,14,,¼“c—Lu,5,¡,¡,¡,¡,¡,52,25,5,48.1,38.5,5.00,17,11,1,64.7,2,0.40,19,1,10,5,-1.3,0,0,0,-,28
2020-10-23,ƒWƒFƒCƒeƒNƒgSTINGS,VC’·–ìƒgƒ‰ƒCƒfƒ“ƒc,16,,‹v•ÛR®,5,¡,¡,¡,¡,¡,0,0,0,,,-,0,0,0,-,1,0.20,10,0,1,3,5.0,1,0,0,0.0,1
2020-10-23,ƒWƒFƒCƒeƒNƒgSTINGS,VC’·–ìƒgƒ‰ƒCƒfƒ“ƒc,17,L,–{ŠÔ—²‘¾,5,œ,œ,œ,œ,œ,0,0,0,,,-,0,0,0,-,0,-,0,0,0,0,-,30,10,12,53.3,0
2020-10-23,ƒWƒFƒCƒeƒNƒgSTINGS,VC’·–ìƒgƒ‰ƒCƒfƒ“ƒc,19,,ó–ì”—º,2, , ,nan,nan,nan,0,0,0,,,-,0,0,0,-,0,-,0,0,0,0,-,4,1,0,25.0,0
2020-10-23,ƒWƒFƒCƒeƒNƒgSTINGS,VC’·–ìƒgƒ‰ƒCƒfƒ“ƒc,ƒ`[ƒ€‡Œv,ƒ`[ƒ€‡Œv,ƒ`[ƒ€‡Œv,5,nan,nan,nan,nan,nan,131,63,9,48.1,41.2,12.60,23,12,1,52.2,9,1.80,107,1,21,18,0.2,82,39,24,62.2,73
2020-10-24,“ŒƒŒƒAƒ[ƒY,ƒEƒ‹ƒtƒhƒbƒOƒX–¼ŒÃ‰®,1,,•x¼’²,2,nan, ,¡,nan,nan,3,2,0,66.7,66.7,1.00,0,0,0,-,0,-,4,0,2,1,-6.2,0,0,0,-,2
2020-10-24,“ŒƒŒƒAƒ[ƒY,ƒEƒ‹ƒtƒhƒbƒOƒX–¼ŒÃ‰®,2,,‚‹´Œ’‘¾˜Y,2,¡,¡,nan,nan,nan,7,2,0,28.6,28.6,1.00,0,0,0,-,2,1.00,4,0,0,0,0.0,0,0,0,-,4
2020-10-24,“ŒƒŒƒAƒ[ƒY,ƒEƒ‹ƒtƒhƒbƒOƒX–¼ŒÃ‰®,3,L,RŒû‘ñŠC,3,œ,œ,œ,nan,nan,0,0,0,,,-,0,0,0,-,0,-,0,0,0,0,-,25,16,4,72.0,0
2020-10-24,“ŒƒŒƒAƒ[ƒY,ƒEƒ‹ƒtƒhƒbƒOƒX–¼ŒÃ‰®,4,,ƒpƒ_ƒ‹ƒNƒŠƒXƒeƒBƒAƒ“,3,¡,¡,¡,nan,nan,29,12,4,41.4,27.6,4.00,7,4,0,57.1,0,-,10,0,4,3,-2.5,0,0,0,-,12
2020-10-24,“ŒƒŒƒAƒ[ƒY,ƒEƒ‹ƒtƒhƒbƒOƒX–¼ŒÃ‰®,5,,•ÄR—T‘¾,0,nan,nan,nan,nan,nan,0,0,0,,,-,0,0,0,-,0,-,0,0,0,0,-,0,0,0,-,0
2020-10-24,“ŒƒŒƒAƒ[ƒY,ƒEƒ‹ƒtƒhƒbƒOƒX–¼ŒÃ‰®,6,,—‡ˆê‹M,0,nan,nan,nan,nan,nan,0,0,0,,,-,0,0,0,-,0,-,0,0,0,0,-,0,0,0,-,0
2020-10-24,“ŒƒŒƒAƒ[ƒY,ƒEƒ‹ƒtƒhƒbƒOƒX–¼ŒÃ‰®,7,,•õ‘º—Y‘å,2,nan, , ,nan,nan,1,0,0,0.0,0.0,-,0,0,0,-,0,-,2,0,0,1,12.5,3,2,0,66.7,0
2020-10-24,“ŒƒŒƒAƒ[ƒY,ƒEƒ‹ƒtƒhƒbƒOƒX–¼ŒÃ‰®,9,,•x“c«”n,3,¡,¡,¡,nan,nan,19,9,1,47.4,42.1,3.00,1,1,0,100.0,0,-,13,0,4,1,-5.8,21,17,2,85.7,9
2020-10-24,“ŒƒŒƒAƒ[ƒY,ƒEƒ‹ƒtƒhƒbƒOƒX–¼ŒÃ‰®,10,,¯–ìG’m,3,¡,¡,¡,nan,nan,20,5,1,25.0,20.0,1.67,0,0,0,-,1,0.33,6,0,1,1,0.0,14,6,4,57.1,6
2020-10-24,“ŒƒŒƒAƒ[ƒY,ƒEƒ‹ƒtƒhƒbƒOƒX–¼ŒÃ‰®,14,,ğˆäŒ[•ã,3, , , ,nan,nan,0,0,0,,,-,0,0,0,-,2,0.67,2,0,0,1,12.5,0,0,0,-,2
2020-10-24,“ŒƒŒƒAƒ[ƒY,ƒEƒ‹ƒtƒhƒbƒOƒX–¼ŒÃ‰®,15,,—›”,3,¡,¡,¡,nan,nan,9,4,0,44.4,44.4,1.33,0,0,0,-,1,0.33,7,0,0,0,0.0,2,2,0,100.0,5
2020-10-24,“ŒƒŒƒAƒ[ƒY,ƒEƒ‹ƒtƒhƒbƒOƒX–¼ŒÃ‰®,18,,—é–Ø—I“ñ,2, ,nan, ,nan,nan,0,0,0,,,-,0,0,0,-,0,-,5,1,0,2,30.0,0,0,0,-,1
2020-10-24,“ŒƒŒƒAƒ[ƒY,ƒEƒ‹ƒtƒhƒbƒOƒX–¼ŒÃ‰®,19,,”~–ì‘,0,nan,nan,nan,nan,nan,0,0,0,,,-,0,0,0,-,0,-,0,0,0,0,-,0,0,0,-,0
2020-10-24,“ŒƒŒƒAƒ[ƒY,ƒEƒ‹ƒtƒhƒbƒOƒX–¼ŒÃ‰®,21,,“¡ˆä’¼L,3,¡,¡,¡,nan,nan,0,0,0,,,-,0,0,0,-,0,-,4,0,0,0,0.0,0,0,0,-,0
2020-10-24,“ŒƒŒƒAƒ[ƒY,ƒEƒ‹ƒtƒhƒbƒOƒX–¼ŒÃ‰®,ƒ`[ƒ€‡Œv,ƒ`[ƒ€‡Œv,ƒ`[ƒ€‡Œv,3,nan,nan,nan,nan,nan,88,34,6,38.6,31.8,11.33,8,5,0,62.5,6,2.00,57,1,11,10,1.3,65,43,10,73.8,41
2020-10-24,ƒEƒ‹ƒtƒhƒbƒOƒX–¼ŒÃ‰®,“ŒƒŒƒAƒ[ƒY,1,,R“cãù‘¢,3,¡,¡,¡,nan,nan,15,5,0,33.3,33.3,1.67,0,0,0,-,1,0.33,12,0,1,2,2.1,14,4,5,46.4,6
2020-10-24,ƒEƒ‹ƒtƒhƒbƒOƒX–¼ŒÃ‰®,“ŒƒŒƒAƒ[ƒY,2,,R‹ß“N,0,nan,nan,nan,nan,nan,0,0,0,,,-,0,0,0,-,0,-,0,0,0,0,-,0,0,0,-,0
2020-10-24,ƒEƒ‹ƒtƒhƒbƒOƒX–¼ŒÃ‰®,“ŒƒŒƒAƒ[ƒY,3,,ƒNƒŒƒNƒoƒ‹ƒgƒVƒ…,3,¡,¡,¡,nan,nan,41,20,3,48.8,41.5,6.67,11,6,1,54.5,2,0.67,13,1,4,3,5.8,0,0,0,-,23
2020-10-24,ƒEƒ‹ƒtƒhƒbƒOƒX–¼ŒÃ‰®,“ŒƒŒƒAƒ[ƒY,5,,‘O“cˆê½,3,¡,¡,¡,nan,nan,2,1,0,50.0,50.0,0.33,0,0,0,-,2,0.67,18,0,0,2,2.8,0,0,0,-,3
2020-10-24,ƒEƒ‹ƒtƒhƒbƒOƒX–¼ŒÃ‰®,“ŒƒŒƒAƒ[ƒY,6,,‹ß—T’,3,¡,¡,¡,nan,nan,6,5,0,83.3,83.3,1.67,0,0,0,-,0,-,14,0,0,3,5.4,0,0,0,-,5
2020-10-24,ƒEƒ‹ƒtƒhƒbƒOƒX–¼ŒÃ‰®,“ŒƒŒƒAƒ[ƒY,7,,”’Šâ’¼–ç,0,nan,nan,nan,nan,nan,0,0,0,,,-,0,0,0,-,0,-,0,0,0,0,-,0,0,0,-,0
2020-10-24,ƒEƒ‹ƒtƒhƒbƒOƒX–¼ŒÃ‰®,“ŒƒŒƒAƒ[ƒY,9,,ƒ†ƒ“ƒ{ƒ“ƒE,0,nan,nan,nan,nan,nan,0,0,0,,,-,0,0,0,-,0,-,0,0,0,0,-,0,0,0,-,0
2020-10-24,ƒEƒ‹ƒtƒhƒbƒOƒX–¼ŒÃ‰®,“ŒƒŒƒAƒ[ƒY,11,,™B“c—º‘¾,3,¡,¡,¡,nan,nan,8,6,1,75.0,62.5,2.00,0,0,0,-,1,0.33,4,0,1,0,-6.2,0,0,0,-,7
2020-10-24,ƒEƒ‹ƒtƒhƒbƒOƒX–¼ŒÃ‰®,“ŒƒŒƒAƒ[ƒY,14,,’ÖR—³‰î,0,nan,nan,nan,nan,nan,0,0,0,,,-,0,0,0,-,0,-,0,0,0,0,-,0,0,0,-,0
2020-10-24,ƒEƒ‹ƒtƒhƒbƒOƒX–¼ŒÃ‰®,“ŒƒŒƒAƒ[ƒY,20,,ìŒû‘¾ˆê,2, ,nan, ,nan,nan,0,0,0,,,-,0,0,0,-,0,-,0,0,0,0,-,3,2,0,66.7,0
2020-10-24,ƒEƒ‹ƒtƒhƒbƒOƒX–¼ŒÃ‰®,“ŒƒŒƒAƒ[ƒY,21,,‰i˜IŒ³‹H,2, , ,nan,nan,nan,0,0,0,,,-,0,0,0,-,0,-,2,0,0,0,0.0,0,0,0,-,0
2020-10-24,ƒEƒ‹ƒtƒhƒbƒOƒX–¼ŒÃ‰®,“ŒƒŒƒAƒ[ƒY,22,,‚—œŒ’‘¾,3,¡,¡,¡,nan,nan,19,9,1,47.4,42.1,3.00,1,0,0,0.0,1,0.33,11,0,2,2,0.0,17,7,7,61.8,10
2020-10-24,ƒEƒ‹ƒtƒhƒbƒOƒX–¼ŒÃ‰®,“ŒƒŒƒAƒ[ƒY,24,L,¬ì’q‘å,3,œ,œ,œ,nan,nan,0,0,0,,,-,0,0,0,-,0,-,0,0,0,0,-,12,6,5,70.8,0
2020-10-24,ƒEƒ‹ƒtƒhƒbƒOƒX–¼ŒÃ‰®,“ŒƒŒƒAƒ[ƒY,26,,Rè²“s,0,nan,nan,nan,nan,nan,0,0,0,,,-,0,0,0,-,0,-,0,0,0,0,-,0,0,0,-,0
2020-10-24,ƒEƒ‹ƒtƒhƒbƒOƒX–¼ŒÃ‰®,“ŒƒŒƒAƒ[ƒY,ƒ`[ƒ€‡Œv,ƒ`[ƒ€‡Œv,ƒ`[ƒ€‡Œv,3,nan,nan,nan,nan,nan,91,46,5,50.5,45.1,15.33,12,6,1,50.0,7,2.33,74,1,8,12,2.7,46,19,17,59.8,54
2020-10-24,ƒTƒ“ƒgƒŠ[ƒTƒ“ƒo[ƒY,äƒuƒŒƒCƒU[ƒY,1,L,’ß“c‘å÷,4,œ,œ,œ,œ,nan,0,0,0,,,-,0,0,0,-,0,-,0,0,0,0,-,11,2,7,50.0,0
2020-10-24,ƒTƒ“ƒgƒŠ[ƒTƒ“ƒo[ƒY,äƒuƒŒƒCƒU[ƒY,3,,¬–ì—y‹P,4,¡,¡,¡,¡,nan,12,6,0,50.0,50.0,1.50,0,0,0,-,1,0.25,10,0,3,3,0.0,2,1,1,75.0,7
2020-10-24,ƒTƒ“ƒgƒŠ[ƒTƒ“ƒo[ƒY,äƒuƒŒƒCƒU[ƒY,4,,’¹”ˆŸ“l–²,0,nan,nan,nan,nan,nan,0,0,0,,,-,0,0,0,-,0,-,0,0,0,0,-,0,0,0,-,0
2020-10-24,ƒTƒ“ƒgƒŠ[ƒTƒ“ƒo[ƒY,äƒuƒŒƒCƒU[ƒY,5,,¼—ÑŒ›‘¾˜Y,0,nan,nan,nan,nan,nan,0,0,0,,,-,0,0,0,-,0,-,0,0,0,0,-,0,0,0,-,0
2020-10-24,ƒTƒ“ƒgƒŠ[ƒTƒ“ƒo[ƒY,äƒuƒŒƒCƒU[ƒY,8,,–ö“c«—m,4,¡,¡,¡,¡,nan,31,14,4,45.2,32.3,3.50,7,6,1,85.7,3,0.75,15,0,5,3,-3.3,18,1,1,8.3,17
2020-10-24,ƒTƒ“ƒgƒŠ[ƒTƒ“ƒo[ƒY,äƒuƒŒƒCƒU[ƒY,9,,‘å‘î^÷,4,¡,¡,¡,¡,nan,1,0,0,0.0,0.0,-,0,0,0,-,0,-,17,1,1,3,8.8,0,0,0,-,1
2020-10-24,ƒTƒ“ƒgƒŠ[ƒTƒ“ƒo[ƒY,äƒuƒŒƒCƒU[ƒY,10,,“¡’†Œª–ç,2,¡,¡,nan,nan,nan,9,1,2,11.1,-11.1,0.50,3,1,0,33.3,1,0.50,6,0,1,0,-4.2,13,4,4,46.2,2
2020-10-24,ƒTƒ“ƒgƒŠ[ƒTƒ“ƒo[ƒY,äƒuƒŒƒCƒU[ƒY,11,,`k‰î,3,nan, ,¡,¡,nan,15,7,0,46.7,46.7,2.33,3,2,0,66.7,0,-,8,0,1,2,3.1,17,7,4,52.9,7
2020-10-24,ƒTƒ“ƒgƒŠ[ƒTƒ“ƒo[ƒY,äƒuƒŒƒCƒU[ƒY,12,,‰–“c’B–ç,4,¡,¡,¡,¡,nan,4,2,0,50.0,50.0,0.50,0,0,0,-,1,0.25,9,0,3,0,-8.3,6,3,3,75.0,3
2020-10-24,ƒTƒ“ƒgƒŠ[ƒTƒ“ƒo[ƒY,äƒuƒŒƒCƒU[ƒY,14,,‰Á“¡‹v“T,0,nan,nan,nan,nan,nan,0,0,0,,,-,0,0,0,-,0,-,0,0,0,0,-,0,0,0,-,0
2020-10-24,ƒTƒ“ƒgƒŠ[ƒTƒ“ƒo[ƒY,äƒuƒŒƒCƒU[ƒY,15,,Šì“üË[,2, , ,nan,nan,nan,0,0,0,,,-,0,0,0,-,0,-,2,0,2,0,-25.0,0,0,0,-,0
2020-10-24,ƒTƒ“ƒgƒŠ[ƒTƒ“ƒo[ƒY,äƒuƒŒƒCƒU[ƒY,19,,ŒIR‰ëj,4,¡,¡,¡,¡,nan,29,13,1,44.8,41.4,3.25,12,6,1,50.0,3,0.75,16,1,1,5,12.5,0,0,0,-,17
2020-10-24,ƒTƒ“ƒgƒŠ[ƒTƒ“ƒo[ƒY,äƒuƒŒƒCƒU[ƒY,20,,¼“cŠ°Šî,3, , ,nan, ,nan,0,0,0,,,-,0,0,0,-,0,-,4,0,0,2,12.5,0,0,0,-,0
2020-10-24,ƒTƒ“ƒgƒŠ[ƒTƒ“ƒo[ƒY,äƒuƒŒƒCƒU[ƒY,21,,²“¡ŒªŸ,0,nan,nan,nan,nan,nan,0,0,0,,,-,0,0,0,-,0,-,0,0,0,0,-,0,0,0,-,0
2020-10-24,ƒTƒ“ƒgƒŠ[ƒTƒ“ƒo[ƒY,äƒuƒŒƒCƒU[ƒY,ƒ`[ƒ€‡Œv,ƒ`[ƒ€‡Œv,ƒ`[ƒ€‡Œv,4,nan,nan,nan,nan,nan,101,43,7,42.6,35.6,10.75,25,15,2,60.0,9,2.25,87,2,17,18,2.6,67,18,20,41.8,54
2020-10-24,äƒuƒŒƒCƒU[ƒY,ƒTƒ“ƒgƒŠ[ƒTƒ“ƒo[ƒY,1,,¼–{Œc•F,4,¡,¡,¡,¡,nan,19,13,0,68.4,68.4,3.25,0,0,0,-,1,0.25,12,0,2,1,-2.1,1,0,1,50.0,14
2020-10-24,äƒuƒŒƒCƒU[ƒY,ƒTƒ“ƒgƒŠ[ƒTƒ“ƒo[ƒY,2,,”óŒû—TŠó,4,¡,¡,¡,¡,nan,21,6,2,28.6,19.0,1.50,7,2,1,28.6,3,0.75,16,0,3,10,10.9,21,6,8,47.6,9
2020-10-24,äƒuƒŒƒCƒU[ƒY,ƒTƒ“ƒgƒŠ[ƒTƒ“ƒo[ƒY,3,,‹{Œ´‹Ml,2,nan,nan, , ,nan,2,1,0,50.0,50.0,0.50,0,0,0,-,0,-,0,0,0,0,-,0,0,0,-,1
2020-10-24,äƒuƒŒƒCƒU[ƒY,ƒTƒ“ƒgƒŠ[ƒTƒ“ƒo[ƒY,4,,‚–ì’¼Æ,4,¡,¡,¡,¡,nan,16,6,3,37.5,18.8,1.50,1,0,1,0.0,1,0.25,10,0,3,3,0.0,17,8,7,67.6,7
2020-10-24,äƒuƒŒƒCƒU[ƒY,ƒTƒ“ƒgƒŠ[ƒTƒ“ƒo[ƒY,6,,Rí•‹M–î,1,nan,nan,nan, ,nan,0,0,0,,,-,0,0,0,-,0,-,1,0,0,0,0.0,0,0,0,-,0
2020-10-24,äƒuƒŒƒCƒU[ƒY,ƒTƒ“ƒgƒŠ[ƒTƒ“ƒo[ƒY,7,,oãÎ“cŒh,4,¡,¡,¡,¡,nan,12,9,0,75.0,75.0,2.25,0,0,0,-,2,0.50,16,0,7,5,-3.1,0,0,0,-,11
2020-10-24,äƒuƒŒƒCƒU[ƒY,ƒTƒ“ƒgƒŠ[ƒTƒ“ƒo[ƒY,8,,²ìãÄ,1,nan,nan, ,nan,nan,0,0,0,,,-,0,0,0,-,0,-,1,0,0,0,0.0,0,0,0,-,0
2020-10-24,äƒuƒŒƒCƒU[ƒY,ƒTƒ“ƒgƒŠ[ƒTƒ“ƒo[ƒY,10,,çX–Øx‰î,4, , , , ,nan,2,2,0,100.0,100.0,0.50,1,1,0,100.0,1,0.25,6,1,0,2,25.0,1,1,0,100.0,4
2020-10-24,äƒuƒŒƒCƒU[ƒY,ƒTƒ“ƒgƒŠ[ƒTƒ“ƒo[ƒY,11,,ŠÖ“c½‘å,4,¡,¡,¡,¡,nan,2,1,0,50.0,50.0,0.25,0,0,0,-,1,0.25,15,0,3,3,0.0,0,0,0,-,2
2020-10-24,äƒuƒŒƒCƒU[ƒY,ƒTƒ“ƒgƒŠ[ƒTƒ“ƒo[ƒY,14,,RŒûèñ•½,2, , ,nan,nan,nan,0,0,0,,,-,0,0,0,-,0,-,2,0,0,0,0.0,0,0,0,-,0
2020-10-24,äƒuƒŒƒCƒU[ƒY,ƒTƒ“ƒgƒŠ[ƒTƒ“ƒo[ƒY,20,L,R–{’q‘å,4,œ,œ,œ,œ,nan,0,0,0,,,-,0,0,0,-,0,-,0,0,0,0,-,28,13,6,57.1,0
2020-10-24,äƒuƒŒƒCƒU[ƒY,ƒTƒ“ƒgƒŠ[ƒTƒ“ƒo[ƒY,21,,’|Œ³—T‘¾˜Y,0,nan,nan,nan,nan,nan,0,0,0,,,-,0,0,0,-,0,-,0,0,0,0,-,0,0,0,-,0
2020-10-24,äƒuƒŒƒCƒU[ƒY,ƒTƒ“ƒgƒŠ[ƒTƒ“ƒo[ƒY,23,,‰L–ìK–ç,0,nan,nan,nan,nan,nan,0,0,0,,,-,0,0,0,-,0,-,0,0,0,0,-,0,0,0,-,0
2020-10-24,äƒuƒŒƒCƒU[ƒY,ƒTƒ“ƒgƒŠ[ƒTƒ“ƒo[ƒY,24,,ƒWƒ‡ƒ“ƒEƒFƒ“ƒg,4,¡,¡,¡,¡,nan,27,14,3,51.9,40.7,3.50,6,2,1,33.3,3,0.75,12,1,5,5,8.3,0,0,0,-,18
2020-10-24,äƒuƒŒƒCƒU[ƒY,ƒTƒ“ƒgƒŠ[ƒTƒ“ƒo[ƒY,ƒ`[ƒ€‡Œv,ƒ`[ƒ€‡Œv,ƒ`[ƒ€‡Œv,4,nan,nan,nan,nan,nan,101,52,8,51.5,43.6,13.00,15,5,3,33.3,12,3.00,91,2,23,29,3.8,68,28,22,57.4,66
2020-10-24,JTƒTƒ“ƒ_[ƒYL“‡,FC“Œ‹,2,,¬–ì›‘¾u,3,¡,¡,¡,nan,nan,13,9,0,69.2,69.2,3.00,0,0,0,-,2,0.67,14,2,0,6,25.0,0,0,0,-,13
2020-10-24,JTƒTƒ“ƒ_[ƒYL“‡,FC“Œ‹,3,,[’Ãˆ®O,3,¡,¡,¡,nan,nan,2,2,0,100.0,100.0,0.67,0,0,0,-,1,0.33,13,1,1,3,11.5,0,0,0,-,4
2020-10-24,JTƒTƒ“ƒ_[ƒYL“‡,FC“Œ‹,4,,’†“‡Œ’‘¾,3,¡,¡,¡,nan,nan,8,6,0,75.0,75.0,2.00,0,0,0,-,0,-,9,1,1,5,22.2,4,2,0,50.0,7
2020-10-24,JTƒTƒ“ƒ_[ƒYL“‡,FC“Œ‹,6,,ƒGƒhƒK[ƒg[ƒ}ƒX,3,¡,¡,¡,nan,nan,38,17,2,44.7,39.5,5.67,12,7,1,58.3,1,0.33,10,0,2,2,0.0,0,0,0,-,18
2020-10-24,JTƒTƒ“ƒ_[ƒYL“‡,FC“Œ‹,8,,•’qŸ©j,3,¡,¡,¡,nan,nan,14,6,1,42.9,35.7,2.00,0,0,0,-,2,0.67,8,0,2,2,0.0,18,13,2,77.8,8
2020-10-24,JTƒTƒ“ƒ_[ƒYL“‡,FC“Œ‹,10,L,ˆäãq,0,nan,nan,nan,nan,nan,0,0,0,,,-,0,0,0,-,0,-,0,0,0,0,-,0,0,0,-,0
2020-10-24,JTƒTƒ“ƒ_[ƒYL“‡,FC“Œ‹,11,,‹vŒ´‘å‹P,1,nan,nan, ,nan,nan,0,0,0,,,-,0,0,0,-,0,-,1,0,0,1,25.0,0,0,0,-,0
2020-10-24,JTƒTƒ“ƒ_[ƒYL“‡,FC“Œ‹,12,,‡“cS•½,0,nan,nan,nan,nan,nan,0,0,0,,,-,0,0,0,-,0,-,0,0,0,0,-,0,0,0,-,0
2020-10-24,JTƒTƒ“ƒ_[ƒYL“‡,FC“Œ‹,14,,ŒF‘qˆò,2,nan, , ,nan,nan,0,0,0,,,-,0,0,0,-,0,-,0,0,0,0,-,0,0,0,-,0
2020-10-24,JTƒTƒ“ƒ_[ƒYL“‡,FC“Œ‹,15,L,“‚ì‘åu,3,œ,œ,œ,nan,nan,0,0,0,,,-,0,0,0,-,0,-,0,0,0,0,-,10,4,3,55.0,0
2020-10-24,JTƒTƒ“ƒ_[ƒYL“‡,FC“Œ‹,16,,¼’mš,0,nan,nan,nan,nan,nan,0,0,0,,,-,0,0,0,-,0,-,0,0,0,0,-,0,0,0,-,0
2020-10-24,JTƒTƒ“ƒ_[ƒYL“‡,FC“Œ‹,17,,‹àq¹‹P,0,nan,nan,nan,nan,nan,0,0,0,,,-,0,0,0,-,0,-,0,0,0,0,-,0,0,0,-,0
2020-10-24,JTƒTƒ“ƒ_[ƒYL“‡,FC“Œ‹,18,,R–{«•½,0,nan,nan,nan,nan,nan,0,0,0,,,-,0,0,0,-,0,-,0,0,0,0,-,0,0,0,-,0
2020-10-24,JTƒTƒ“ƒ_[ƒYL“‡,FC“Œ‹,19,,’ÂŒš’õ,3,¡,¡,¡,nan,nan,15,9,0,60.0,60.0,3.00,4,3,0,75.0,0,-,20,1,2,2,5.0,28,15,5,62.5,10
2020-10-24,JTƒTƒ“ƒ_[ƒYL“‡,FC“Œ‹,ƒ`[ƒ€‡Œv,ƒ`[ƒ€‡Œv,ƒ`[ƒ€‡Œv,3,nan,nan,nan,nan,nan,90,49,3,54.4,51.1,16.33,16,10,1,62.5,6,2.00,75,5,8,21,11.0,60,34,10,65.0,60
2020-10-24,FC“Œ‹,JTƒTƒ“ƒ_[ƒYL“‡,1,,”—“cŠsu,3,¡,¡,¡,nan,nan,22,12,4,54.5,36.4,4.00,1,0,1,0.0,0,-,14,2,4,3,12.5,28,15,5,62.5,14
2020-10-24,FC“Œ‹,JTƒTƒ“ƒ_[ƒYL“‡,2,,‹Ê‘îŒ’‘¾˜Y,3, , , ,nan,nan,0,0,0,,,-,0,0,0,-,0,-,3,0,1,0,-8.3,0,0,0,-,0
2020-10-24,FC“Œ‹,JTƒTƒ“ƒ_[ƒYL“‡,3,,‹k—T–ç,0,nan,nan,nan,nan,nan,0,0,0,,,-,0,0,0,-,0,-,0,0,0,0,-,0,0,0,-,0
2020-10-24,FC“Œ‹,JTƒTƒ“ƒ_[ƒYL“‡,5,,ˆäãm,0,nan,nan,nan,nan,nan,0,0,0,,,-,0,0,0,-,0,-,0,0,0,0,-,0,0,0,-,0
2020-10-24,FC“Œ‹,JTƒTƒ“ƒ_[ƒYL“‡,8,,ŒIR‰p”V,3,¡,¡,¡,nan,nan,20,12,1,60.0,55.0,4.00,0,0,0,-,1,0.33,6,0,0,0,0.0,1,0,0,0.0,13
2020-10-24,FC“Œ‹,JTƒTƒ“ƒ_[ƒYL“‡,9,,è’Ë‘å,0,nan,nan,nan,nan,nan,0,0,0,,,-,0,0,0,-,0,-,0,0,0,0,-,0,0,0,-,0
2020-10-24,FC“Œ‹,JTƒTƒ“ƒ_[ƒYL“‡,10,L,ŒÃ‰ê‘¾ˆê˜Y,3,œ,œ,œ,nan,nan,0,0,0,,,-,0,0,0,-,0,-,0,0,0,0,-,17,10,4,70.6,0
2020-10-24,FC“Œ‹,JTƒTƒ“ƒ_[ƒYL“‡,14,,’·—F—D–,3, ,¡,¡,nan,nan,23,11,0,47.8,47.8,3.67,9,5,0,55.6,1,0.33,10,0,2,3,2.5,0,0,0,-,12
2020-10-24,FC“Œ‹,JTƒTƒ“ƒ_[ƒYL“‡,15,,’JŒûÂ,0,nan,nan,nan,nan,nan,0,0,0,,,-,0,0,0,-,0,-,0,0,0,0,-,0,0,0,-,0
2020-10-24,FC“Œ‹,JTƒTƒ“ƒ_[ƒYL“‡,16,,èŒ´a,3,¡,¡,¡,nan,nan,1,0,0,0.0,0.0,-,1,0,0,0.0,2,0.67,9,1,0,2,16.7,1,0,0,0.0,3
2020-10-24,FC“Œ‹,JTƒTƒ“ƒ_[ƒYL“‡,18,,•“¡“S–ç,3,¡,¡,¡,nan,nan,9,6,0,66.7,66.7,2.00,0,0,0,-,1,0.33,9,0,0,1,2.8,1,0,0,0.0,7
2020-10-24,FC“Œ‹,JTƒTƒ“ƒ_[ƒYL“‡,19,,²“¡–]À,3,¡,¡,¡,nan,nan,17,4,0,23.5,23.5,1.33,0,0,0,-,2,0.67,12,1,1,3,12.5,17,4,7,44.1,7
2020-10-24,FC“Œ‹,JTƒTƒ“ƒ_[ƒYL“‡,20,,ƒvƒŒƒ‚ƒrƒbƒ`ƒs[ƒ^[,3,¡, , ,nan,nan,8,1,1,12.5,0.0,0.33,4,1,0,25.0,0,-,2,0,0,1,12.5,0,0,0,-,1
2020-10-24,FC“Œ‹,JTƒTƒ“ƒ_[ƒYL“‡,21,,•½“c—º‰î,3, , , ,nan,nan,0,0,0,,,-,0,0,0,-,0,-,5,1,1,3,30.0,0,0,0,-,1
2020-10-24,FC“Œ‹,JTƒTƒ“ƒ_[ƒYL“‡,ƒ`[ƒ€‡Œv,ƒ`[ƒ€‡Œv,ƒ`[ƒ€‡Œv,3,nan,nan,nan,nan,nan,100,46,6,46.0,40.0,15.33,15,6,1,40.0,7,2.33,70,5,9,16,9.6,65,29,16,56.9,58
2020-10-24,VC’·–ìƒgƒ‰ƒCƒfƒ“ƒc,ƒWƒFƒCƒeƒNƒgSTINGS,4,,’†‘º—³•ã,3,¡,¡,¡,nan,nan,4,4,0,100.0,100.0,1.33,0,0,0,-,1,0.33,10,0,1,0,-2.5,1,0,0,0.0,5
2020-10-24,VC’·–ìƒgƒ‰ƒCƒfƒ“ƒc,ƒWƒFƒCƒeƒNƒgSTINGS,5,,Š}—˜^Œá,0,nan,nan,nan,nan,nan,0,0,0,,,-,0,0,0,-,0,-,0,0,0,0,-,0,0,0,-,0
2020-10-24,VC’·–ìƒgƒ‰ƒCƒfƒ“ƒc,ƒWƒFƒCƒeƒNƒgSTINGS,6,,ˆÉ“¡÷,2,nan, , ,nan,nan,3,1,0,33.3,33.3,0.50,0,0,0,-,0,-,1,0,1,0,-25.0,3,1,0,33.3,1
2020-10-24,VC’·–ìƒgƒ‰ƒCƒfƒ“ƒc,ƒWƒFƒCƒeƒNƒgSTINGS,7,,ŒË›½“‘å,3,¡,¡,¡,nan,nan,19,5,1,26.3,21.1,1.67,4,2,1,50.0,1,0.33,7,0,1,2,3.6,28,16,2,60.7,6
2020-10-24,VC’·–ìƒgƒ‰ƒCƒfƒ“ƒc,ƒWƒFƒCƒeƒNƒgSTINGS,8,,‰Í“Œ—S‘å,3,¡, ,¡,nan,nan,1,0,0,0.0,0.0,-,0,0,0,-,0,-,8,0,0,2,6.2,0,0,0,-,0
2020-10-24,VC’·–ìƒgƒ‰ƒCƒfƒ“ƒc,ƒWƒFƒCƒeƒNƒgSTINGS,9,,’r“cK‘¾,3,¡,¡,¡,nan,nan,15,5,2,33.3,20.0,1.67,2,0,1,0.0,0,-,8,0,4,1,-9.4,21,7,8,52.4,5
2020-10-24,VC’·–ìƒgƒ‰ƒCƒfƒ“ƒc,ƒWƒFƒCƒeƒNƒgSTINGS,10,,ƒkƒ‹ƒ€ƒ‹ƒLƒŠƒ”ƒ@ƒ“,3,¡,¡,¡,nan,nan,38,13,3,34.2,26.3,4.33,13,5,2,38.5,1,0.33,12,1,3,5,12.5,0,0,0,-,15
2020-10-24,VC’·–ìƒgƒ‰ƒCƒfƒ“ƒc,ƒWƒFƒCƒeƒNƒgSTINGS,12,L,R–{Œ›Œá,3,œ,œ,œ,nan,nan,0,0,0,,,-,0,0,0,-,0,-,0,0,0,0,-,7,2,1,35.7,0
2020-10-24,VC’·–ìƒgƒ‰ƒCƒfƒ“ƒc,ƒWƒFƒCƒeƒNƒgSTINGS,13,,’Ö‰è‹v,3, ,¡, ,nan,nan,0,0,0,,,-,0,0,0,-,0,-,2,0,0,1,12.5,0,0,0,-,0
2020-10-24,VC’·–ìƒgƒ‰ƒCƒfƒ“ƒc,ƒWƒFƒCƒeƒNƒgSTINGS,14,,–îŠÑ—´”n,0,nan,nan,nan,nan,nan,0,0,0,,,-,0,0,0,-,0,-,0,0,0,0,-,0,0,0,-,0
2020-10-24,VC’·–ìƒgƒ‰ƒCƒfƒ“ƒc,ƒWƒFƒCƒeƒNƒgSTINGS,16,,XèŒ’j,3,¡,¡,¡,nan,nan,8,6,0,75.0,75.0,2.00,0,0,0,-,2,0.67,9,0,1,2,2.8,0,0,0,-,8
2020-10-24,VC’·–ìƒgƒ‰ƒCƒfƒ“ƒc,ƒWƒFƒCƒeƒNƒgSTINGS,21,,‚àV˜a‹M,3, , , ,nan,nan,0,0,0,,,-,0,0,0,-,0,-,2,0,0,1,12.5,3,3,0,100.0,0
2020-10-24,VC’·–ìƒgƒ‰ƒCƒfƒ“ƒc,ƒWƒFƒCƒeƒNƒgSTINGS,22,L,Šp‰ë–ç,2,nan,Z,Z,nan,nan,0,0,0,,,-,0,0,0,-,0,-,0,0,0,0,-,0,0,0,-,0
2020-10-24,VC’·–ìƒgƒ‰ƒCƒfƒ“ƒc,ƒWƒFƒCƒeƒNƒgSTINGS,24,,’·“c—ƒ,0,nan,nan,nan,nan,nan,0,0,0,,,-,0,0,0,-,0,-,0,0,0,0,-,0,0,0,-,0
2020-10-24,VC’·–ìƒgƒ‰ƒCƒfƒ“ƒc,ƒWƒFƒCƒeƒNƒgSTINGS,ƒ`[ƒ€‡Œv,ƒ`[ƒ€‡Œv,ƒ`[ƒ€‡Œv,3,nan,nan,nan,nan,nan,88,34,6,38.6,31.8,11.33,19,7,4,36.8,5,1.67,59,1,11,14,3.0,63,29,11,54.8,40
2020-10-24,ƒWƒFƒCƒeƒNƒgSTINGS,VC’·–ìƒgƒ‰ƒCƒfƒ“ƒc,1,,“¡’†—D“l,3,¡,¡,¡,nan,nan,12,6,0,50.0,50.0,2.00,1,0,0,0.0,3,1.00,10,0,0,4,10.0,12,6,3,62.5,9
2020-10-24,ƒWƒFƒCƒeƒNƒgSTINGS,VC’·–ìƒgƒ‰ƒCƒfƒ“ƒc,2,,‹àŠÛW‘å,3, , , ,nan,nan,0,0,0,,,-,0,0,0,-,0,-,0,0,0,0,-,0,0,0,-,0
2020-10-24,ƒWƒFƒCƒeƒNƒgSTINGS,VC’·–ìƒgƒ‰ƒCƒfƒ“ƒc,3,,•šŒ©‘å˜a,3,¡,¡,¡,nan,nan,11,5,0,45.5,45.5,1.67,0,0,0,-,1,0.33,15,0,1,2,1.7,0,0,0,-,6
2020-10-24,ƒWƒFƒCƒeƒNƒgSTINGS,VC’·–ìƒgƒ‰ƒCƒfƒ“ƒc,4,,•ŸR‘¿ˆê,3,¡,¡,¡,nan,nan,6,3,0,50.0,50.0,1.00,0,0,0,-,0,-,10,0,1,2,2.5,0,0,0,-,3
2020-10-24,ƒWƒFƒCƒeƒNƒgSTINGS,VC’·–ìƒgƒ‰ƒCƒfƒ“ƒc,6,,ƒtƒHƒ“ƒeƒŒƒXƒtƒFƒŠƒy,0,nan,nan,nan,nan,nan,0,0,0,,,-,0,0,0,-,0,-,0,0,0,0,-,0,0,0,-,0
2020-10-24,ƒWƒFƒCƒeƒNƒgSTINGS,VC’·–ìƒgƒ‰ƒCƒfƒ“ƒc,7,,–öàVL•½,3,¡,¡,¡,nan,nan,18,9,1,50.0,44.4,3.00,2,0,1,0.0,1,0.33,15,0,1,5,6.7,15,6,2,46.7,10
2020-10-24,ƒWƒFƒCƒeƒNƒgSTINGS,VC’·–ìƒgƒ‰ƒCƒfƒ“ƒc,8,,ŒS_–ç,0,nan,nan,nan,nan,nan,0,0,0,,,-,0,0,0,-,0,-,0,0,0,0,-,0,0,0,-,0
2020-10-24,ƒWƒFƒCƒeƒNƒgSTINGS,VC’·–ìƒgƒ‰ƒCƒfƒ“ƒc,10,,¬—ÑŒõ‹P,3,¡,¡,¡,nan,nan,1,0,0,0.0,0.0,-,0,0,0,-,1,0.33,10,0,2,4,5.0,0,0,0,-,1
2020-10-24,ƒWƒFƒCƒeƒNƒgSTINGS,VC’·–ìƒgƒ‰ƒCƒfƒ“ƒc,12,L,‹»‘—º,1,nan,Z,nan,nan,nan,0,0,0,,,-,0,0,0,-,0,-,0,0,0,0,-,1,0,0,0.0,0
2020-10-24,ƒWƒFƒCƒeƒNƒgSTINGS,VC’·–ìƒgƒ‰ƒCƒfƒ“ƒc,14,,¼“c—Lu,3,¡,¡,¡,nan,nan,34,23,3,67.6,58.8,7.67,16,12,2,75.0,3,1.00,12,1,5,6,10.4,0,0,0,-,27
2020-10-24,ƒWƒFƒCƒeƒNƒgSTINGS,VC’·–ìƒgƒ‰ƒCƒfƒ“ƒc,16,,‹v•ÛR®,1, ,nan,nan,nan,nan,0,0,0,,,-,0,0,0,-,0,-,1,0,0,0,0.0,0,0,0,-,0
2020-10-24,ƒWƒFƒCƒeƒNƒgSTINGS,VC’·–ìƒgƒ‰ƒCƒfƒ“ƒc,17,L,–{ŠÔ—²‘¾,3,œ,œ,œ,nan,nan,0,0,0,,,-,0,0,0,-,0,-,0,0,0,0,-,17,12,2,76.5,0
2020-10-24,ƒWƒFƒCƒeƒNƒgSTINGS,VC’·–ìƒgƒ‰ƒCƒfƒ“ƒc,19,,ó–ì”—º,1,nan, ,nan,nan,nan,0,0,0,,,-,0,0,0,-,0,-,0,0,0,0,-,2,2,0,100.0,0
2020-10-24,ƒWƒFƒCƒeƒNƒgSTINGS,VC’·–ìƒgƒ‰ƒCƒfƒ“ƒc,ƒ`[ƒ€‡Œv,ƒ`[ƒ€‡Œv,ƒ`[ƒ€‡Œv,3,nan,nan,nan,nan,nan,82,46,4,56.1,51.2,15.33,19,12,3,63.2,9,3.00,73,1,10,23,5.8,47,26,7,62.8,56
2020-10-24,ƒpƒiƒ\ƒjƒbƒNƒpƒ“ƒT[ƒY,‘å•ªODƒ”ƒ@ƒCƒZƒAƒhƒ‰[,1,,´…–ML,3,¡,¡,¡,nan,nan,18,11,0,61.1,61.1,3.67,6,5,0,83.3,1,0.33,12,1,2,6,16.7,0,0,0,-,13
2020-10-24,ƒpƒiƒ\ƒjƒbƒNƒpƒ“ƒT[ƒY,‘å•ªODƒ”ƒ@ƒCƒZƒAƒhƒ‰[,2,,[’Ã‰pb,3,¡,¡,¡,nan,nan,0,0,0,,,-,0,0,0,-,0,-,12,1,1,8,22.9,0,0,0,-,1
2020-10-24,ƒpƒiƒ\ƒjƒbƒNƒpƒ“ƒT[ƒY,‘å•ªODƒ”ƒ@ƒCƒZƒAƒhƒ‰[,5,,“n•Ó‘tŒá,0,nan,nan,nan,nan,nan,0,0,0,,,-,0,0,0,-,0,-,0,0,0,0,-,0,0,0,-,0
2020-10-24,ƒpƒiƒ\ƒjƒbƒNƒpƒ“ƒT[ƒY,‘å•ªODƒ”ƒ@ƒCƒZƒAƒhƒ‰[,6,,”’àVŒ’™,0,nan,nan,nan,nan,nan,0,0,0,,,-,0,0,0,-,0,-,0,0,0,0,-,0,0,0,-,0
2020-10-24,ƒpƒiƒ\ƒjƒbƒNƒpƒ“ƒT[ƒY,‘å•ªODƒ”ƒ@ƒCƒZƒAƒhƒ‰[,7,,‹vŒ´—ƒ,3,¡,¡,¡,nan,nan,22,13,1,59.1,54.5,4.33,3,1,0,33.3,2,0.67,18,1,0,6,13.9,10,3,1,35.0,16
2020-10-24,ƒpƒiƒ\ƒjƒbƒNƒpƒ“ƒT[ƒY,‘å•ªODƒ”ƒ@ƒCƒZƒAƒhƒ‰[,8,,’‡–{Œ«—D,0,nan,nan,nan,nan,nan,0,0,0,,,-,0,0,0,-,0,-,0,0,0,0,-,0,0,0,-,0
2020-10-24,ƒpƒiƒ\ƒjƒbƒNƒpƒ“ƒT[ƒY,‘å•ªODƒ”ƒ@ƒCƒZƒAƒhƒ‰[,9,,¡‘º‹M•F,1,nan,nan, ,nan,nan,2,2,0,100.0,100.0,2.00,0,0,0,-,0,-,0,0,0,0,-,0,0,0,-,2
2020-10-24,ƒpƒiƒ\ƒjƒbƒNƒpƒ“ƒT[ƒY,‘å•ªODƒ”ƒ@ƒCƒZƒAƒhƒ‰[,10,,R“à»‘å,3,¡,¡,¡,nan,nan,10,7,1,70.0,60.0,2.33,0,0,0,-,4,1.33,7,0,0,4,14.3,0,0,0,-,11
2020-10-24,ƒpƒiƒ\ƒjƒbƒNƒpƒ“ƒT[ƒY,‘å•ªODƒ”ƒ@ƒCƒZƒAƒhƒ‰[,13,,ƒNƒrƒAƒNƒ~ƒnƒE,3,¡,¡,¡,nan,nan,14,6,1,42.9,35.7,2.00,1,0,1,0.0,2,0.67,15,0,3,7,6.7,19,8,3,50.0,8
2020-10-24,ƒpƒiƒ\ƒjƒbƒNƒpƒ“ƒT[ƒY,‘å•ªODƒ”ƒ@ƒCƒZƒAƒhƒ‰[,16,L,ˆÉ‰ê—º•½,3,œ,œ,œ,nan,nan,0,0,0,,,-,0,0,0,-,0,-,0,0,0,0,-,19,11,3,65.8,0
2020-10-24,ƒpƒiƒ\ƒjƒbƒNƒpƒ“ƒT[ƒY,‘å•ªODƒ”ƒ@ƒCƒZƒAƒhƒ‰[,17,L,‰i–ìŒ’,0,nan,nan,nan,nan,nan,0,0,0,,,-,0,0,0,-,0,-,0,0,0,0,-,0,0,0,-,0
2020-10-24,ƒpƒiƒ\ƒjƒbƒNƒpƒ“ƒT[ƒY,‘å•ªODƒ”ƒ@ƒCƒZƒAƒhƒ‰[,20,,V‹M—T,3, , , ,nan,nan,0,0,0,,,-,0,0,0,-,0,-,3,0,1,0,-8.3,0,0,0,-,0
2020-10-24,ƒpƒiƒ\ƒjƒbƒNƒpƒ“ƒT[ƒY,‘å•ªODƒ”ƒ@ƒCƒZƒAƒhƒ‰[,21,,™Z‹ÊN¬,0,nan,nan,nan,nan,nan,0,0,0,,,-,0,0,0,-,0,-,0,0,0,0,-,0,0,0,-,0
2020-10-24,ƒpƒiƒ\ƒjƒbƒNƒpƒ“ƒT[ƒY,‘å•ªODƒ”ƒ@ƒCƒZƒAƒhƒ‰[,22,,¬‹{—Yˆê˜Y,3,¡,¡,¡,nan,nan,7,4,0,57.1,57.1,1.33,0,0,0,-,2,0.67,10,0,2,5,7.5,0,0,0,-,6
2020-10-24,ƒpƒiƒ\ƒjƒbƒNƒpƒ“ƒT[ƒY,‘å•ªODƒ”ƒ@ƒCƒZƒAƒhƒ‰[,ƒ`[ƒ€‡Œv,ƒ`[ƒ€‡Œv,ƒ`[ƒ€‡Œv,3,nan,nan,nan,nan,nan,73,43,3,58.9,54.8,14.33,10,6,1,60.0,11,3.67,77,3,9,36,12.7,48,22,7,53.1,57
2020-10-24,‘å•ªODƒ”ƒ@ƒCƒZƒAƒhƒ‰[,ƒpƒiƒ\ƒjƒbƒNƒpƒ“ƒT[ƒY,1,,ƒoƒOƒiƒXƒuƒ‰ƒCƒAƒ“,2,nan, ,¡,nan,nan,7,2,2,28.6,0.0,1.00,2,1,1,50.0,0,-,2,0,1,0,-12.5,11,0,3,13.6,2
2020-10-24,‘å•ªODƒ”ƒ@ƒCƒZƒAƒhƒ‰[,ƒpƒiƒ\ƒjƒbƒNƒpƒ“ƒT[ƒY,4,,Ÿ«Æ,0,nan,nan,nan,nan,nan,0,0,0,,,-,0,0,0,-,0,-,0,0,0,0,-,0,0,0,-,0
2020-10-24,‘å•ªODƒ”ƒ@ƒCƒZƒAƒhƒ‰[,ƒpƒiƒ\ƒjƒbƒNƒpƒ“ƒT[ƒY,5,,‘å¼Šî”V,3,¡,¡,¡,nan,nan,4,2,0,50.0,50.0,0.67,0,0,0,-,1,0.33,9,0,0,1,2.8,1,0,0,0.0,3
2020-10-24,‘å•ªODƒ”ƒ@ƒCƒZƒAƒhƒ‰[,ƒpƒiƒ\ƒjƒbƒNƒpƒ“ƒT[ƒY,8,,ìŒû‹ª,1,nan,nan, ,nan,nan,0,0,0,,,-,0,0,0,-,0,-,0,0,0,0,-,0,0,0,-,0
2020-10-24,‘å•ªODƒ”ƒ@ƒCƒZƒAƒhƒ‰[,ƒpƒiƒ\ƒjƒbƒNƒpƒ“ƒT[ƒY,9,,—Ñˆêšæ,3,¡,¡,¡,nan,nan,10,6,0,60.0,60.0,2.00,0,0,0,-,1,0.33,6,0,1,1,0.0,0,0,0,-,7
2020-10-24,‘å•ªODƒ”ƒ@ƒCƒZƒAƒhƒ‰[,ƒpƒiƒ\ƒjƒbƒNƒpƒ“ƒT[ƒY,10,,R“cŸä‘¾,3,¡,¡,¡,nan,nan,18,9,3,50.0,33.3,3.00,5,3,2,60.0,0,-,15,3,4,6,23.3,21,5,4,33.3,12
2020-10-24,‘å•ªODƒ”ƒ@ƒCƒZƒAƒhƒ‰[,ƒpƒiƒ\ƒjƒbƒNƒpƒ“ƒT[ƒY,11,,ƒXƒgƒbƒNƒgƒ“ƒJ[ƒeƒBƒX,3,¡,¡,¡,nan,nan,22,8,2,36.4,27.3,2.67,9,2,1,22.2,2,0.67,8,0,1,2,3.1,0,0,0,-,10
2020-10-24,‘å•ªODƒ”ƒ@ƒCƒZƒAƒhƒ‰[,ƒpƒiƒ\ƒjƒbƒNƒpƒ“ƒT[ƒY,13,L,‹v•Û“c‰ël,3,œ,œ,œ,nan,nan,0,0,0,,,-,0,0,0,-,0,-,0,0,0,0,-,23,11,2,52.2,0
2020-10-24,‘å•ªODƒ”ƒ@ƒCƒZƒAƒhƒ‰[,ƒpƒiƒ\ƒjƒbƒNƒpƒ“ƒT[ƒY,15,,‚¼‘ì–î,2,¡,¡,nan,nan,nan,9,4,0,44.4,44.4,2.00,1,1,0,100.0,0,-,7,0,2,3,3.6,10,4,1,45.0,4
2020-10-24,‘å•ªODƒ”ƒ@ƒCƒZƒAƒhƒ‰[,ƒpƒiƒ\ƒjƒbƒNƒpƒ“ƒT[ƒY,16,,à_–{–L,2, ,nan, ,nan,nan,0,0,0,,,-,0,0,0,-,0,-,2,0,1,1,0.0,0,0,0,-,0
2020-10-24,‘å•ªODƒ”ƒ@ƒCƒZƒAƒhƒ‰[,ƒpƒiƒ\ƒjƒbƒNƒpƒ“ƒT[ƒY,18,,ŒÃ‰êŒ’‘¾,3, , , ,nan,nan,14,6,3,42.9,21.4,2.00,4,1,3,25.0,0,-,3,0,0,1,8.3,0,0,0,-,6
2020-10-24,‘å•ªODƒ”ƒ@ƒCƒZƒAƒhƒ‰[,ƒpƒiƒ\ƒjƒbƒNƒpƒ“ƒT[ƒY,21,,ˆäŒû’¼‹I,3,¡,¡,¡,nan,nan,0,0,0,,,-,0,0,0,-,0,-,7,0,0,4,14.3,0,0,0,-,0
2020-10-24,‘å•ªODƒ”ƒ@ƒCƒZƒAƒhƒ‰[,ƒpƒiƒ\ƒjƒbƒNƒpƒ“ƒT[ƒY,22,,“¡‰ª—È”n,2, , ,nan,nan,nan,0,0,0,,,-,0,0,0,-,0,-,0,0,0,0,-,0,0,0,-,0
2020-10-24,‘å•ªODƒ”ƒ@ƒCƒZƒAƒhƒ‰[,ƒpƒiƒ\ƒjƒbƒNƒpƒ“ƒT[ƒY,24,,•Ä“c˜jŠó,0,nan,nan,nan,nan,nan,0,0,0,,,-,0,0,0,-,0,-,0,0,0,0,-,0,0,0,-,0
2020-10-24,‘å•ªODƒ”ƒ@ƒCƒZƒAƒhƒ‰[,ƒpƒiƒ\ƒjƒbƒNƒpƒ“ƒT[ƒY,ƒ`[ƒ€‡Œv,ƒ`[ƒ€‡Œv,ƒ`[ƒ€‡Œv,3,nan,nan,nan,nan,nan,84,37,10,44.0,32.1,12.33,21,8,7,38.1,4,1.33,59,3,10,19,8.9,66,20,10,37.9,44
2020-10-25,“ŒƒŒƒAƒ[ƒY,ƒEƒ‹ƒtƒhƒbƒOƒX–¼ŒÃ‰®,1,,•x¼’²,4,¡,¡,¡,¡,nan,3,1,1,33.3,0.0,0.25,0,0,0,-,4,1.00,12,0,0,0,0.0,1,0,1,50.0,5
2020-10-25,“ŒƒŒƒAƒ[ƒY,ƒEƒ‹ƒtƒhƒbƒOƒX–¼ŒÃ‰®,2,,‚‹´Œ’‘¾˜Y,4,¡,¡,¡,¡,nan,7,4,0,57.1,57.1,1.00,0,0,0,-,2,0.50,9,0,1,1,0.0,0,0,0,-,6
2020-10-25,“ŒƒŒƒAƒ[ƒY,ƒEƒ‹ƒtƒhƒbƒOƒX–¼ŒÃ‰®,3,L,RŒû‘ñŠC,4,œ,œ,œ,œ,nan,0,0,0,,,-,0,0,0,-,0,-,0,0,0,0,-,31,16,7,62.9,0
2020-10-25,“ŒƒŒƒAƒ[ƒY,ƒEƒ‹ƒtƒhƒbƒOƒX–¼ŒÃ‰®,4,,ƒpƒ_ƒ‹ƒNƒŠƒXƒeƒBƒAƒ“,4,¡,¡,¡,¡,nan,56,29,5,51.8,42.9,7.25,22,12,3,54.5,0,-,14,1,8,3,-1.8,0,0,0,-,30
2020-10-25,“ŒƒŒƒAƒ[ƒY,ƒEƒ‹ƒtƒhƒbƒOƒX–¼ŒÃ‰®,5,,•ÄR—T‘¾,2,nan, ,nan, ,nan,0,0,0,,,-,0,0,0,-,0,-,1,0,0,0,0.0,0,0,0,-,0
2020-10-25,“ŒƒŒƒAƒ[ƒY,ƒEƒ‹ƒtƒhƒbƒOƒX–¼ŒÃ‰®,6,,—‡ˆê‹M,0,nan,nan,nan,nan,nan,0,0,0,,,-,0,0,0,-,0,-,0,0,0,0,-,0,0,0,-,0
2020-10-25,“ŒƒŒƒAƒ[ƒY,ƒEƒ‹ƒtƒhƒbƒOƒX–¼ŒÃ‰®,7,,•õ‘º—Y‘å,4, , , , ,nan,0,0,0,,,-,0,0,0,-,0,-,4,0,0,3,18.8,1,0,1,50.0,0
2020-10-25,“ŒƒŒƒAƒ[ƒY,ƒEƒ‹ƒtƒhƒbƒOƒX–¼ŒÃ‰®,9,,•x“c«”n,4,¡,¡,¡,¡,nan,30,14,3,46.7,36.7,3.50,6,3,1,50.0,0,-,13,0,2,2,0.0,23,9,8,56.5,14
2020-10-25,“ŒƒŒƒAƒ[ƒY,ƒEƒ‹ƒtƒhƒbƒOƒX–¼ŒÃ‰®,10,,¯–ìG’m,4,¡,¡,¡,¡,nan,16,5,1,31.2,25.0,1.25,0,0,0,-,0,-,12,0,1,3,4.2,14,3,5,39.3,5
2020-10-25,“ŒƒŒƒAƒ[ƒY,ƒEƒ‹ƒtƒhƒbƒOƒX–¼ŒÃ‰®,14,,ğˆäŒ[•ã,4,¡,¡,¡,¡,nan,0,0,0,,,-,0,0,0,-,0,-,19,0,0,2,2.6,0,0,0,-,0
2020-10-25,“ŒƒŒƒAƒ[ƒY,ƒEƒ‹ƒtƒhƒbƒOƒX–¼ŒÃ‰®,15,,—›”,0,nan,nan,nan,nan,nan,0,0,0,,,-,0,0,0,-,0,-,0,0,0,0,-,0,0,0,-,0
2020-10-25,“ŒƒŒƒAƒ[ƒY,ƒEƒ‹ƒtƒhƒbƒOƒX–¼ŒÃ‰®,18,,—é–Ø—I“ñ,4, , , , ,nan,0,0,0,,,-,0,0,0,-,0,-,4,0,1,2,6.2,0,0,0,-,0
2020-10-25,“ŒƒŒƒAƒ[ƒY,ƒEƒ‹ƒtƒhƒbƒOƒX–¼ŒÃ‰®,19,,”~–ì‘,0,nan,nan,nan,nan,nan,0,0,0,,,-,0,0,0,-,0,-,0,0,0,0,-,0,0,0,-,0
2020-10-25,“ŒƒŒƒAƒ[ƒY,ƒEƒ‹ƒtƒhƒbƒOƒX–¼ŒÃ‰®,21,,“¡ˆä’¼L,0,nan,nan,nan,nan,nan,0,0,0,,,-,0,0,0,-,0,-,0,0,0,0,-,0,0,0,-,0
2020-10-25,“ŒƒŒƒAƒ[ƒY,ƒEƒ‹ƒtƒhƒbƒOƒX–¼ŒÃ‰®,ƒ`[ƒ€‡Œv,ƒ`[ƒ€‡Œv,ƒ`[ƒ€‡Œv,4,nan,nan,nan,nan,nan,112,53,10,47.3,38.4,13.25,28,15,4,53.6,6,1.50,88,1,13,16,2.0,70,28,22,55.7,60
2020-10-25,ƒEƒ‹ƒtƒhƒbƒOƒX–¼ŒÃ‰®,“ŒƒŒƒAƒ[ƒY,1,,R“cãù‘¢,4,¡,¡,¡,¡,nan,15,8,0,53.3,53.3,2.00,1,1,0,100.0,0,-,14,1,4,2,3.6,21,10,3,54.8,9
2020-10-25,ƒEƒ‹ƒtƒhƒbƒOƒX–¼ŒÃ‰®,“ŒƒŒƒAƒ[ƒY,2,,R‹ß“N,4,¡,¡,¡,¡,nan,7,3,0,42.9,42.9,0.75,0,0,0,-,2,0.50,10,0,1,1,0.0,4,4,0,100.0,5
2020-10-25,ƒEƒ‹ƒtƒhƒbƒOƒX–¼ŒÃ‰®,“ŒƒŒƒAƒ[ƒY,3,,ƒNƒŒƒNƒoƒ‹ƒgƒVƒ…,4,¡,¡,¡,¡,nan,61,33,3,54.1,49.2,8.25,22,14,1,63.6,1,0.25,21,3,7,8,15.5,1,0,0,0.0,37
2020-10-25,ƒEƒ‹ƒtƒhƒbƒOƒX–¼ŒÃ‰®,“ŒƒŒƒAƒ[ƒY,5,,‘O“cˆê½,4,¡,¡,¡,¡,nan,0,0,0,,,-,0,0,0,-,1,0.25,17,0,1,3,2.9,0,0,0,-,1
2020-10-25,ƒEƒ‹ƒtƒhƒbƒOƒX–¼ŒÃ‰®,“ŒƒŒƒAƒ[ƒY,7,,”’Šâ’¼–ç,0,nan,nan,nan,nan,nan,0,0,0,,,-,0,0,0,-,0,-,0,0,0,0,-,0,0,0,-,0
2020-10-25,ƒEƒ‹ƒtƒhƒbƒOƒX–¼ŒÃ‰®,“ŒƒŒƒAƒ[ƒY,8,,_’J—Y”ò,2, ,nan,nan, ,nan,0,0,0,,,-,0,0,0,-,0,-,2,0,0,0,0.0,0,0,0,-,0
2020-10-25,ƒEƒ‹ƒtƒhƒbƒOƒX–¼ŒÃ‰®,“ŒƒŒƒAƒ[ƒY,9,,ƒ†ƒ“ƒ{ƒ“ƒE,1,nan, ,nan,nan,nan,0,0,0,,,-,0,0,0,-,0,-,1,0,1,0,-25.0,0,0,0,-,0
2020-10-25,ƒEƒ‹ƒtƒhƒbƒOƒX–¼ŒÃ‰®,“ŒƒŒƒAƒ[ƒY,11,,™B“c—º‘¾,4,¡,¡,¡,¡,nan,7,4,1,57.1,42.9,1.00,0,0,0,-,4,1.00,10,0,1,1,0.0,1,1,0,100.0,8
2020-10-25,ƒEƒ‹ƒtƒhƒbƒOƒX–¼ŒÃ‰®,“ŒƒŒƒAƒ[ƒY,14,,’ÖR—³‰î,0,nan,nan,nan,nan,nan,0,0,0,,,-,0,0,0,-,0,-,0,0,0,0,-,0,0,0,-,0
2020-10-25,ƒEƒ‹ƒtƒhƒbƒOƒX–¼ŒÃ‰®,“ŒƒŒƒAƒ[ƒY,20,,ìŒû‘¾ˆê,3,nan, , , ,nan,0,0,0,,,-,0,0,0,-,0,-,0,0,0,0,-,3,0,1,16.7,0
2020-10-25,ƒEƒ‹ƒtƒhƒbƒOƒX–¼ŒÃ‰®,“ŒƒŒƒAƒ[ƒY,21,,‰i˜IŒ³‹H,2, ,nan,nan, ,nan,0,0,0,,,-,0,0,0,-,0,-,2,0,1,0,-12.5,0,0,0,-,0
2020-10-25,ƒEƒ‹ƒtƒhƒbƒOƒX–¼ŒÃ‰®,“ŒƒŒƒAƒ[ƒY,22,,‚—œŒ’‘¾,4,¡,¡,¡,¡,nan,28,7,2,25.0,17.9,1.75,3,0,1,0.0,1,0.25,15,0,4,2,-3.3,29,19,6,75.9,8
2020-10-25,ƒEƒ‹ƒtƒhƒbƒOƒX–¼ŒÃ‰®,“ŒƒŒƒAƒ[ƒY,24,L,¬ì’q‘å,4,œ,œ,œ,œ,nan,0,0,0,,,-,0,0,0,-,0,-,0,0,0,0,-,15,12,2,86.7,0
2020-10-25,ƒEƒ‹ƒtƒhƒbƒOƒX–¼ŒÃ‰®,“ŒƒŒƒAƒ[ƒY,26,,Rè²“s,0,nan,nan,nan,nan,nan,0,0,0,,,-,0,0,0,-,0,-,0,0,0,0,-,0,0,0,-,0
2020-10-25,ƒEƒ‹ƒtƒhƒbƒOƒX–¼ŒÃ‰®,“ŒƒŒƒAƒ[ƒY,ƒ`[ƒ€‡Œv,ƒ`[ƒ€‡Œv,ƒ`[ƒ€‡Œv,4,nan,nan,nan,nan,nan,118,55,6,46.6,41.5,13.75,26,15,2,57.7,9,2.25,92,4,20,17,3.5,74,46,12,70.3,68
2020-10-25,JTƒTƒ“ƒ_[ƒYL“‡,FC“Œ‹,1,,ˆÀ‰i‘ñ–í,0,nan,nan,nan,nan,nan,0,0,0,,,-,0,0,0,-,0,-,0,0,0,0,-,0,0,0,-,0
2020-10-25,JTƒTƒ“ƒ_[ƒYL“‡,FC“Œ‹,2,,¬–ì›‘¾u,3,¡,¡,¡,nan,nan,22,13,3,59.1,45.5,4.33,0,0,0,-,2,0.67,13,0,1,3,3.8,0,0,0,-,15
2020-10-25,JTƒTƒ“ƒ_[ƒYL“‡,FC“Œ‹,3,,[’Ãˆ®O,3,¡,¡,¡,nan,nan,1,1,0,100.0,100.0,0.33,0,0,0,-,1,0.33,14,1,2,3,8.9,1,0,0,0.0,3
2020-10-25,JTƒTƒ“ƒ_[ƒYL“‡,FC“Œ‹,4,,’†“‡Œ’‘¾,0,nan,nan,nan,nan,nan,0,0,0,,,-,0,0,0,-,0,-,0,0,0,0,-,0,0,0,-,0
2020-10-25,JTƒTƒ“ƒ_[ƒYL“‡,FC“Œ‹,6,,ƒGƒhƒK[ƒg[ƒ}ƒX,3,¡,¡,¡,nan,nan,25,11,0,44.0,44.0,3.67,11,3,0,27.3,1,0.33,11,0,2,1,-2.3,0,0,0,-,12
2020-10-25,JTƒTƒ“ƒ_[ƒYL“‡,FC“Œ‹,7,,”ªq‘å•ã,1, ,nan,nan,nan,nan,1,1,0,100.0,100.0,1.00,0,0,0,-,0,-,1,0,0,1,25.0,0,0,0,-,1
2020-10-25,JTƒTƒ“ƒ_[ƒYL“‡,FC“Œ‹,8,,•’qŸ©j,1,nan, ,nan,nan,nan,0,0,0,,,-,0,0,0,-,0,-,1,0,0,0,0.0,1,0,1,50.0,0
2020-10-25,JTƒTƒ“ƒ_[ƒYL“‡,FC“Œ‹,10,,ˆäãq,2, ,nan, ,nan,nan,0,0,0,,,-,0,0,0,-,0,-,0,0,0,0,-,2,1,1,75.0,0
2020-10-25,JTƒTƒ“ƒ_[ƒYL“‡,FC“Œ‹,12,,‡“cS•½,2, ,nan, ,nan,nan,0,0,0,,,-,0,0,0,-,0,-,1,0,0,0,0.0,0,0,0,-,0
2020-10-25,JTƒTƒ“ƒ_[ƒYL“‡,FC“Œ‹,15,L,“‚ì‘åu,3,œ,œ,œ,nan,nan,0,0,0,,,-,0,0,0,-,0,-,0,0,0,0,-,10,4,2,50.0,0
2020-10-25,JTƒTƒ“ƒ_[ƒYL“‡,FC“Œ‹,16,,¼’mš,3,¡,¡,¡,nan,nan,14,8,0,57.1,57.1,2.67,0,0,0,-,1,0.33,10,0,2,2,0.0,1,1,0,100.0,9
2020-10-25,JTƒTƒ“ƒ_[ƒYL“‡,FC“Œ‹,17,,‹àq¹‹P,0,nan,nan,nan,nan,nan,0,0,0,,,-,0,0,0,-,0,-,0,0,0,0,-,0,0,0,-,0
2020-10-25,JTƒTƒ“ƒ_[ƒYL“‡,FC“Œ‹,18,,R–{«•½,3,¡,¡,¡,nan,nan,17,7,0,41.2,41.2,2.33,0,0,0,-,2,0.67,8,0,3,1,-6.2,12,5,5,62.5,9
2020-10-25,JTƒTƒ“ƒ_[ƒYL“‡,FC“Œ‹,19,,’ÂŒš’õ,3,¡,¡,¡,nan,nan,11,5,2,45.5,27.3,1.67,1,1,0,100.0,0,-,16,0,1,5,6.2,26,14,6,65.4,5
2020-10-25,JTƒTƒ“ƒ_[ƒYL“‡,FC“Œ‹,ƒ`[ƒ€‡Œv,ƒ`[ƒ€‡Œv,ƒ`[ƒ€‡Œv,3,nan,nan,nan,nan,nan,91,46,5,50.5,45.1,15.33,12,4,0,33.3,7,2.33,75,1,11,16,3.0,53,25,15,61.3,54
2020-10-25,FC“Œ‹,JTƒTƒ“ƒ_[ƒYL“‡,1,,”—“cŠsu,3,¡,¡,¡,nan,nan,13,4,2,30.8,15.4,1.33,2,1,1,50.0,0,-,11,0,6,1,-11.4,23,11,7,63.0,4
2020-10-25,FC“Œ‹,JTƒTƒ“ƒ_[ƒYL“‡,3,,‹k—T–ç,0,nan,nan,nan,nan,nan,0,0,0,,,-,0,0,0,-,0,-,0,0,0,0,-,0,0,0,-,0
2020-10-25,FC“Œ‹,JTƒTƒ“ƒ_[ƒYL“‡,4,,R“c—v•½,0,nan,nan,nan,nan,nan,0,0,0,,,-,0,0,0,-,0,-,0,0,0,0,-,0,0,0,-,0
2020-10-25,FC“Œ‹,JTƒTƒ“ƒ_[ƒYL“‡,5,,ˆäãm,0,nan,nan,nan,nan,nan,0,0,0,,,-,0,0,0,-,0,-,0,0,0,0,-,0,0,0,-,0
2020-10-25,FC“Œ‹,JTƒTƒ“ƒ_[ƒYL“‡,8,,ŒIR‰p”V,3,¡,¡,¡,nan,nan,17,10,2,58.8,47.1,3.33,0,0,0,-,2,0.67,8,0,1,2,3.1,0,0,0,-,12
2020-10-25,FC“Œ‹,JTƒTƒ“ƒ_[ƒYL“‡,9,,è’Ë‘å,3, , , ,nan,nan,0,0,0,,,-,0,0,0,-,0,-,0,0,0,0,-,0,0,0,-,0
2020-10-25,FC“Œ‹,JTƒTƒ“ƒ_[ƒYL“‡,10,L,ŒÃ‰ê‘¾ˆê˜Y,3,œ,œ,œ,nan,nan,0,0,0,,,-,0,0,0,-,0,-,0,0,0,0,-,12,5,5,62.5,0
2020-10-25,FC“Œ‹,JTƒTƒ“ƒ_[ƒYL“‡,14,,’·—F—D–,3, , , ,nan,nan,0,0,0,,,-,0,0,0,-,0,-,3,0,1,0,-8.3,0,0,0,-,0
2020-10-25,FC“Œ‹,JTƒTƒ“ƒ_[ƒYL“‡,15,,’JŒûÂ,0,nan,nan,nan,nan,nan,0,0,0,,,-,0,0,0,-,0,-,0,0,0,0,-,0,0,0,-,0
2020-10-25,FC“Œ‹,JTƒTƒ“ƒ_[ƒYL“‡,16,,èŒ´a,3,¡,¡,¡,nan,nan,0,0,0,,,-,0,0,0,-,1,0.33,11,1,0,0,9.1,0,0,0,-,2
2020-10-25,FC“Œ‹,JTƒTƒ“ƒ_[ƒYL“‡,18,,•“¡“S–ç,3,¡,¡,¡,nan,nan,8,4,0,50.0,50.0,1.33,0,0,0,-,0,-,10,1,1,2,12.5,1,1,0,100.0,5
2020-10-25,FC“Œ‹,JTƒTƒ“ƒ_[ƒYL“‡,19,,²“¡–]À,3,¡,¡,¡,nan,nan,11,4,0,36.4,36.4,1.33,1,1,0,100.0,0,-,11,0,4,2,-4.5,28,9,10,50.0,4
2020-10-25,FC“Œ‹,JTƒTƒ“ƒ_[ƒYL“‡,20,,ƒvƒŒƒ‚ƒrƒbƒ`ƒs[ƒ^[,3,¡,¡,¡,nan,nan,40,21,1,52.5,50.0,7.00,19,13,1,68.4,3,1.00,12,0,2,4,4.2,0,0,0,-,24
2020-10-25,FC“Œ‹,JTƒTƒ“ƒ_[ƒYL“‡,21,,•½“c—º‰î,3, , , ,nan,nan,0,0,0,,,-,0,0,0,-,0,-,5,0,2,2,0.0,0,0,0,-,0
2020-10-25,FC“Œ‹,JTƒTƒ“ƒ_[ƒYL“‡,ƒ`[ƒ€‡Œv,ƒ`[ƒ€‡Œv,ƒ`[ƒ€‡Œv,3,nan,nan,nan,nan,nan,89,43,5,48.3,42.7,14.33,22,15,2,68.2,6,2.00,71,2,17,13,1.4,64,26,22,57.8,51
2020-10-25,ƒTƒ“ƒgƒŠ[ƒTƒ“ƒo[ƒY,äƒuƒŒƒCƒU[ƒY,1,L,’ß“c‘å÷,5,œ,œ,œ,œ,œ,0,0,0,,,-,0,0,0,-,0,-,0,0,0,0,-,18,8,5,58.3,0
2020-10-25,ƒTƒ“ƒgƒŠ[ƒTƒ“ƒo[ƒY,äƒuƒŒƒCƒU[ƒY,3,,¬–ì—y‹P,5,¡,¡,¡,¡,¡,17,5,1,29.4,23.5,1.00,0,0,0,-,0,-,21,3,4,9,20.2,0,0,0,-,8
2020-10-25,ƒTƒ“ƒgƒŠ[ƒTƒ“ƒo[ƒY,äƒuƒŒƒCƒU[ƒY,4,,’¹”ˆŸ“l–²,0,nan,nan,nan,nan,nan,0,0,0,,,-,0,0,0,-,0,-,0,0,0,0,-,0,0,0,-,0
2020-10-25,ƒTƒ“ƒgƒŠ[ƒTƒ“ƒo[ƒY,äƒuƒŒƒCƒU[ƒY,5,,¼—ÑŒ›‘¾˜Y,1,nan,nan,nan, ,nan,3,2,0,66.7,66.7,2.00,0,0,0,-,0,-,0,0,0,0,-,0,0,0,-,2
2020-10-25,ƒTƒ“ƒgƒŠ[ƒTƒ“ƒo[ƒY,äƒuƒŒƒCƒU[ƒY,8,,–ö“c«—m,5,¡,¡,¡,¡,¡,45,23,0,51.1,51.1,4.60,15,8,0,53.3,0,-,22,1,9,10,5.7,32,11,12,53.1,24
2020-10-25,ƒTƒ“ƒgƒŠ[ƒTƒ“ƒo[ƒY,äƒuƒŒƒCƒU[ƒY,9,,‘å‘î^÷,5,¡,¡,¡,¡,¡,1,1,0,100.0,100.0,0.20,0,0,0,-,3,0.60,18,1,5,4,4.2,0,0,0,-,5
2020-10-25,ƒTƒ“ƒgƒŠ[ƒTƒ“ƒo[ƒY,äƒuƒŒƒCƒU[ƒY,10,,“¡’†Œª–ç,5,¡,¡,¡,¡,¡,17,8,0,47.1,47.1,1.60,4,1,0,25.0,1,0.20,15,1,3,6,11.7,35,13,14,57.1,10
2020-10-25,ƒTƒ“ƒgƒŠ[ƒTƒ“ƒo[ƒY,äƒuƒŒƒCƒU[ƒY,11,,`k‰î,0,nan,nan,nan,nan,nan,0,0,0,,,-,0,0,0,-,0,-,0,0,0,0,-,0,0,0,-,0
2020-10-25,ƒTƒ“ƒgƒŠ[ƒTƒ“ƒo[ƒY,äƒuƒŒƒCƒU[ƒY,12,,‰–“c’B–ç,5,¡,¡,¡,¡,¡,13,5,0,38.5,38.5,1.00,0,0,0,-,0,-,12,0,4,5,2.1,3,0,0,0.0,5
2020-10-25,ƒTƒ“ƒgƒŠ[ƒTƒ“ƒo[ƒY,äƒuƒŒƒCƒU[ƒY,14,,‰Á“¡‹v“T,1, ,nan,nan,nan,nan,0,0,0,,,-,0,0,0,-,0,-,0,0,0,0,-,0,0,0,-,0
2020-10-25,ƒTƒ“ƒgƒŠ[ƒTƒ“ƒo[ƒY,äƒuƒŒƒCƒU[ƒY,15,,Šì“üË[,0,nan,nan,nan,nan,nan,0,0,0,,,-,0,0,0,-,0,-,0,0,0,0,-,0,0,0,-,0
2020-10-25,ƒTƒ“ƒgƒŠ[ƒTƒ“ƒo[ƒY,äƒuƒŒƒCƒU[ƒY,19,,ŒIR‰ëj,5,¡,¡,¡,¡,¡,45,25,1,55.6,53.3,5.00,21,11,0,52.4,1,0.20,15,0,4,3,-1.7,1,1,0,100.0,26
2020-10-25,ƒTƒ“ƒgƒŠ[ƒTƒ“ƒo[ƒY,äƒuƒŒƒCƒU[ƒY,20,,¼“cŠ°Šî,5, , , , , ,0,0,0,,,-,0,0,0,-,0,-,6,0,2,0,-8.3,0,0,0,-,0
2020-10-25,ƒTƒ“ƒgƒŠ[ƒTƒ“ƒo[ƒY,äƒuƒŒƒCƒU[ƒY,21,,²“¡ŒªŸ,1,nan,nan,nan,nan, ,0,0,0,,,-,0,0,0,-,0,-,2,0,0,1,12.5,0,0,0,-,0
2020-10-25,ƒTƒ“ƒgƒŠ[ƒTƒ“ƒo[ƒY,äƒuƒŒƒCƒU[ƒY,ƒ`[ƒ€‡Œv,ƒ`[ƒ€‡Œv,ƒ`[ƒ€‡Œv,5,nan,nan,nan,nan,nan,141,69,2,48.9,47.5,13.80,40,20,0,50.0,5,1.00,111,6,31,38,7.0,89,33,31,54.5,80
2020-10-25,äƒuƒŒƒCƒU[ƒY,ƒTƒ“ƒgƒŠ[ƒTƒ“ƒo[ƒY,1,,¼–{Œc•F,5,¡,¡,¡,¡,¡,13,6,0,46.2,46.2,1.20,0,0,0,-,5,1.00,13,0,1,1,0.0,0,0,0,-,11
2020-10-25,äƒuƒŒƒCƒU[ƒY,ƒTƒ“ƒgƒŠ[ƒTƒ“ƒo[ƒY,2,,”óŒû—TŠó,5,¡,¡,¡,¡,¡,27,10,0,37.0,37.0,2.00,3,2,0,66.7,1,0.20,17,0,3,6,4.4,34,10,7,39.7,11
2020-10-25,äƒuƒŒƒCƒU[ƒY,ƒTƒ“ƒgƒŠ[ƒTƒ“ƒo[ƒY,3,,‹{Œ´‹Ml,3,nan, , , ,nan,2,2,0,100.0,100.0,0.67,0,0,0,-,0,-,0,0,0,0,-,0,0,0,-,2
2020-10-25,äƒuƒŒƒCƒU[ƒY,ƒTƒ“ƒgƒŠ[ƒTƒ“ƒo[ƒY,4,,‚–ì’¼Æ,5,¡,¡, ,¡,¡,21,8,2,38.1,28.6,1.60,0,0,0,-,2,0.40,13,0,1,2,1.9,20,4,7,37.5,10
2020-10-25,äƒuƒŒƒCƒU[ƒY,ƒTƒ“ƒgƒŠ[ƒTƒ“ƒo[ƒY,6,,Rí•‹M–î,4, , , ,nan, ,0,0,0,,,-,0,0,0,-,0,-,4,0,1,2,6.2,0,0,0,-,0
2020-10-25,äƒuƒŒƒCƒU[ƒY,ƒTƒ“ƒgƒŠ[ƒTƒ“ƒo[ƒY,7,,oãÎ“cŒh,5,¡,¡,¡,¡,¡,14,5,2,35.7,21.4,1.00,0,0,0,-,5,1.00,16,1,4,5,7.8,0,0,0,-,11
2020-10-25,äƒuƒŒƒCƒU[ƒY,ƒTƒ“ƒgƒŠ[ƒTƒ“ƒo[ƒY,8,,²ìãÄ,1,nan,nan,nan, ,nan,0,0,0,,,-,0,0,0,-,0,-,1,0,0,0,0.0,0,0,0,-,0
2020-10-25,äƒuƒŒƒCƒU[ƒY,ƒTƒ“ƒgƒŠ[ƒTƒ“ƒo[ƒY,10,,çX–Øx‰î,4, , ,¡,nan, ,8,0,0,0.0,0.0,-,2,0,0,0.0,0,-,1,0,0,0,0.0,7,1,1,21.4,0
2020-10-25,äƒuƒŒƒCƒU[ƒY,ƒTƒ“ƒgƒŠ[ƒTƒ“ƒo[ƒY,11,,ŠÖ“c½‘å,5,¡,¡,¡,¡,¡,3,2,1,66.7,33.3,0.40,1,0,1,0.0,2,0.40,20,2,2,3,11.2,1,0,0,0.0,6
2020-10-25,äƒuƒŒƒCƒU[ƒY,ƒTƒ“ƒgƒŠ[ƒTƒ“ƒo[ƒY,14,,RŒûèñ•½,2, ,nan,nan,nan, ,0,0,0,,,-,0,0,0,-,0,-,4,1,0,1,31.2,0,0,0,-,1
2020-10-25,äƒuƒŒƒCƒU[ƒY,ƒTƒ“ƒgƒŠ[ƒTƒ“ƒo[ƒY,20,L,R–{’q‘å,5,œ,œ,œ,œ,œ,0,0,0,,,-,0,0,0,-,0,-,0,0,0,0,-,14,5,6,57.1,0
2020-10-25,äƒuƒŒƒCƒU[ƒY,ƒTƒ“ƒgƒŠ[ƒTƒ“ƒo[ƒY,21,,’|Œ³—T‘¾˜Y,0,nan,nan,nan,nan,nan,0,0,0,,,-,0,0,0,-,0,-,0,0,0,0,-,0,0,0,-,0
2020-10-25,äƒuƒŒƒCƒU[ƒY,ƒTƒ“ƒgƒŠ[ƒTƒ“ƒo[ƒY,23,,‰L–ìK–ç,1,nan,nan,nan, ,nan,4,1,0,25.0,25.0,1.00,1,1,0,100.0,0,-,2,0,2,0,-25.0,3,0,0,0.0,1
2020-10-25,äƒuƒŒƒCƒU[ƒY,ƒTƒ“ƒgƒŠ[ƒTƒ“ƒo[ƒY,24,,ƒWƒ‡ƒ“ƒEƒFƒ“ƒg,5,¡,¡,¡,¡,¡,40,17,7,42.5,25.0,3.40,20,6,3,30.0,2,0.40,17,0,3,5,2.9,0,0,0,-,19
2020-10-25,äƒuƒŒƒCƒU[ƒY,ƒTƒ“ƒgƒŠ[ƒTƒ“ƒo[ƒY,ƒ`[ƒ€‡Œv,ƒ`[ƒ€‡Œv,ƒ`[ƒ€‡Œv,5,nan,nan,nan,nan,nan,132,51,12,38.6,29.5,10.20,27,9,4,33.3,17,3.40,108,4,17,25,5.6,79,20,21,38.6,72
2020-10-25,ƒpƒiƒ\ƒjƒbƒNƒpƒ“ƒT[ƒY,‘å•ªODƒ”ƒ@ƒCƒZƒAƒhƒ‰[,1,,´…–ML,4,¡,¡,¡,¡,nan,30,17,2,56.7,50.0,4.25,9,4,0,44.4,1,0.25,9,0,2,3,2.8,1,0,0,0.0,18
2020-10-25,ƒpƒiƒ\ƒjƒbƒNƒpƒ“ƒT[ƒY,‘å•ªODƒ”ƒ@ƒCƒZƒAƒhƒ‰[,2,,[’Ã‰pb,4,¡,¡,¡,¡,nan,1,1,0,100.0,100.0,0.25,0,0,0,-,1,0.25,17,0,2,7,7.4,0,0,0,-,2
2020-10-25,ƒpƒiƒ\ƒjƒbƒNƒpƒ“ƒT[ƒY,‘å•ªODƒ”ƒ@ƒCƒZƒAƒhƒ‰[,5,,“n•Ó‘tŒá,2,nan,nan, ,¡,nan,6,3,0,50.0,50.0,1.50,0,0,0,-,0,-,3,0,2,0,-16.7,3,1,0,33.3,3
2020-10-25,ƒpƒiƒ\ƒjƒbƒNƒpƒ“ƒT[ƒY,‘å•ªODƒ”ƒ@ƒCƒZƒAƒhƒ‰[,6,,”’àVŒ’™,0,nan,nan,nan,nan,nan,0,0,0,,,-,0,0,0,-,0,-,0,0,0,0,-,0,0,0,-,0
2020-10-25,ƒpƒiƒ\ƒjƒbƒNƒpƒ“ƒT[ƒY,‘å•ªODƒ”ƒ@ƒCƒZƒAƒhƒ‰[,7,,‹vŒ´—ƒ,3,¡,¡,¡,nan,nan,13,7,0,53.8,53.8,2.33,0,0,0,-,0,-,12,0,0,2,4.2,7,1,3,35.7,7
2020-10-25,ƒpƒiƒ\ƒjƒbƒNƒpƒ“ƒT[ƒY,‘å•ªODƒ”ƒ@ƒCƒZƒAƒhƒ‰[,8,,’‡–{Œ«—D,0,nan,nan,nan,nan,nan,0,0,0,,,-,0,0,0,-,0,-,0,0,0,0,-,0,0,0,-,0
2020-10-25,ƒpƒiƒ\ƒjƒbƒNƒpƒ“ƒT[ƒY,‘å•ªODƒ”ƒ@ƒCƒZƒAƒhƒ‰[,9,,¡‘º‹M•F,1,nan, ,nan,nan,nan,4,2,1,50.0,25.0,2.00,0,0,0,-,0,-,0,0,0,0,-,0,0,0,-,2
2020-10-25,ƒpƒiƒ\ƒjƒbƒNƒpƒ“ƒT[ƒY,‘å•ªODƒ”ƒ@ƒCƒZƒAƒhƒ‰[,10,,R“à»‘å,2,¡,¡,nan,nan,nan,8,2,0,25.0,25.0,1.00,0,0,0,-,0,-,10,2,0,3,27.5,0,0,0,-,4
2020-10-25,ƒpƒiƒ\ƒjƒbƒNƒpƒ“ƒT[ƒY,‘å•ªODƒ”ƒ@ƒCƒZƒAƒhƒ‰[,13,,ƒNƒrƒAƒNƒ~ƒnƒE,4,¡,¡,¡,¡,nan,18,12,1,66.7,61.1,3.00,4,3,0,75.0,1,0.25,23,4,2,8,23.9,20,7,3,42.5,17
2020-10-25,ƒpƒiƒ\ƒjƒbƒNƒpƒ“ƒT[ƒY,‘å•ªODƒ”ƒ@ƒCƒZƒAƒhƒ‰[,16,L,ˆÉ‰ê—º•½,3,œ,œ,œ,nan,nan,0,0,0,,,-,0,0,0,-,0,-,0,0,0,0,-,16,6,6,56.2,0
2020-10-25,ƒpƒiƒ\ƒjƒbƒNƒpƒ“ƒT[ƒY,‘å•ªODƒ”ƒ@ƒCƒZƒAƒhƒ‰[,17,L,‰i–ìŒ’,2,nan,nan,Z,œ,nan,0,0,0,,,-,0,0,0,-,0,-,0,0,0,0,-,10,4,4,60.0,0
2020-10-25,ƒpƒiƒ\ƒjƒbƒNƒpƒ“ƒT[ƒY,‘å•ªODƒ”ƒ@ƒCƒZƒAƒhƒ‰[,20,,V‹M—T,3,nan, , , ,nan,0,0,0,,,-,0,0,0,-,0,-,5,2,0,1,45.0,0,0,0,-,2
2020-10-25,ƒpƒiƒ\ƒjƒbƒNƒpƒ“ƒT[ƒY,‘å•ªODƒ”ƒ@ƒCƒZƒAƒhƒ‰[,21,,™Z‹ÊN¬,2,nan,nan,¡,¡,nan,4,1,0,25.0,25.0,0.50,0,0,0,-,3,1.50,3,0,1,0,-8.3,0,0,0,-,4
2020-10-25,ƒpƒiƒ\ƒjƒbƒNƒpƒ“ƒT[ƒY,‘å•ªODƒ”ƒ@ƒCƒZƒAƒhƒ‰[,22,,¬‹{—Yˆê˜Y,4,¡,¡,¡,¡,nan,8,8,0,100.0,100.0,2.00,0,0,0,-,1,0.25,15,0,2,4,3.3,3,2,1,83.3,9
2020-10-25,ƒpƒiƒ\ƒjƒbƒNƒpƒ“ƒT[ƒY,‘å•ªODƒ”ƒ@ƒCƒZƒAƒhƒ‰[,ƒ`[ƒ€‡Œv,ƒ`[ƒ€‡Œv,ƒ`[ƒ€‡Œv,4,nan,nan,nan,nan,nan,92,53,4,57.6,53.3,13.25,13,7,0,53.8,7,1.75,97,8,11,28,12.6,60,21,17,49.2,68
2020-10-25,‘å•ªODƒ”ƒ@ƒCƒZƒAƒhƒ‰[,ƒpƒiƒ\ƒjƒbƒNƒpƒ“ƒT[ƒY,1,,ƒoƒOƒiƒXƒuƒ‰ƒCƒAƒ“,0,nan,nan,nan,nan,nan,0,0,0,,,-,0,0,0,-,0,-,0,0,0,0,-,0,0,0,-,0
2020-10-25,‘å•ªODƒ”ƒ@ƒCƒZƒAƒhƒ‰[,ƒpƒiƒ\ƒjƒbƒNƒpƒ“ƒT[ƒY,4,,Ÿ«Æ,0,nan,nan,nan,nan,nan,0,0,0,,,-,0,0,0,-,0,-,0,0,0,0,-,0,0,0,-,0
2020-10-25,‘å•ªODƒ”ƒ@ƒCƒZƒAƒhƒ‰[,ƒpƒiƒ\ƒjƒbƒNƒpƒ“ƒT[ƒY,5,,‘å¼Šî”V,0,nan,nan,nan,nan,nan,0,0,0,,,-,0,0,0,-,0,-,0,0,0,0,-,0,0,0,-,0
2020-10-25,‘å•ªODƒ”ƒ@ƒCƒZƒAƒhƒ‰[,ƒpƒiƒ\ƒjƒbƒNƒpƒ“ƒT[ƒY,8,,ìŒû‹ª,4,¡,¡,¡,¡,nan,10,5,0,50.0,50.0,1.25,0,0,0,-,2,0.50,12,0,2,3,2.1,1,0,1,50.0,7
2020-10-25,‘å•ªODƒ”ƒ@ƒCƒZƒAƒhƒ‰[,ƒpƒiƒ\ƒjƒbƒNƒpƒ“ƒT[ƒY,9,,—Ñˆêšæ,4,¡,¡,¡,¡,nan,14,8,1,57.1,50.0,2.00,0,0,0,-,3,0.75,10,0,1,3,5.0,1,0,0,0.0,11
2020-10-25,‘å•ªODƒ”ƒ@ƒCƒZƒAƒhƒ‰[,ƒpƒiƒ\ƒjƒbƒNƒpƒ“ƒT[ƒY,10,,R“cŸä‘¾,4,¡,¡,¡,¡,nan,23,8,2,34.8,26.1,2.00,5,3,0,60.0,1,0.25,14,1,5,3,3.6,18,2,7,30.6,10
2020-10-25,‘å•ªODƒ”ƒ@ƒCƒZƒAƒhƒ‰[,ƒpƒiƒ\ƒjƒbƒNƒpƒ“ƒT[ƒY,11,,ƒXƒgƒbƒNƒgƒ“ƒJ[ƒeƒBƒX,4,¡,¡,¡,¡,nan,39,18,7,46.2,28.2,4.50,20,9,5,45.0,0,-,18,1,2,7,12.5,0,0,0,-,19
2020-10-25,‘å•ªODƒ”ƒ@ƒCƒZƒAƒhƒ‰[,ƒpƒiƒ\ƒjƒbƒNƒpƒ“ƒT[ƒY,13,L,‹v•Û“c‰ël,4,œ,œ,œ,œ,nan,0,0,0,,,-,0,0,0,-,0,-,0,0,0,0,-,29,8,6,37.9,0
2020-10-25,‘å•ªODƒ”ƒ@ƒCƒZƒAƒhƒ‰[,ƒpƒiƒ\ƒjƒbƒNƒpƒ“ƒT[ƒY,15,,‚¼‘ì–î,4,¡,¡,¡,¡,nan,22,9,2,40.9,31.8,2.25,3,1,0,33.3,2,0.50,11,1,5,2,2.3,32,12,14,59.4,12
2020-10-25,‘å•ªODƒ”ƒ@ƒCƒZƒAƒhƒ‰[,ƒpƒiƒ\ƒjƒbƒNƒpƒ“ƒT[ƒY,16,,à_–{–L,3,nan, , , ,nan,0,0,0,,,-,0,0,0,-,0,-,3,0,1,2,8.3,0,0,0,-,0
2020-10-25,‘å•ªODƒ”ƒ@ƒCƒZƒAƒhƒ‰[,ƒpƒiƒ\ƒjƒbƒNƒpƒ“ƒT[ƒY,18,,ŒÃ‰êŒ’‘¾,4, , , , ,nan,0,0,0,,,-,0,0,0,-,1,0.25,0,0,0,0,-,0,0,0,-,1
2020-10-25,‘å•ªODƒ”ƒ@ƒCƒZƒAƒhƒ‰[,ƒpƒiƒ\ƒjƒbƒNƒpƒ“ƒT[ƒY,21,,ˆäŒû’¼‹I,4,¡,¡,¡,¡,nan,0,0,0,,,-,0,0,0,-,0,-,10,0,1,0,-2.5,0,0,0,-,0
2020-10-25,‘å•ªODƒ”ƒ@ƒCƒZƒAƒhƒ‰[,ƒpƒiƒ\ƒjƒbƒNƒpƒ“ƒT[ƒY,22,,“¡‰ª—È”n,0,nan,nan,nan,nan,nan,0,0,0,,,-,0,0,0,-,0,-,0,0,0,0,-,0,0,0,-,0
2020-10-25,‘å•ªODƒ”ƒ@ƒCƒZƒAƒhƒ‰[,ƒpƒiƒ\ƒjƒbƒNƒpƒ“ƒT[ƒY,24,,•Ä“c˜jŠó,1,nan,nan,nan, ,nan,0,0,0,,,-,0,0,0,-,0,-,0,0,0,0,-,0,0,0,-,0
2020-10-25,‘å•ªODƒ”ƒ@ƒCƒZƒAƒhƒ‰[,ƒpƒiƒ\ƒjƒbƒNƒpƒ“ƒT[ƒY,ƒ`[ƒ€‡Œv,ƒ`[ƒ€‡Œv,ƒ`[ƒ€‡Œv,4,nan,nan,nan,nan,nan,108,48,12,44.4,33.3,12.00,28,13,5,46.4,9,2.25,78,3,17,20,4.8,81,22,28,44.4,60
2020-10-31,FC“Œ‹,‘å•ªODƒ”ƒ@ƒCƒZƒAƒhƒ‰[,1,,”—“cŠsu,3,¡,¡,¡,nan,nan,22,8,0,36.4,36.4,2.67,1,0,0,0.0,1,0.33,5,0,2,1,-5.0,17,7,6,58.8,9
2020-10-31,FC“Œ‹,‘å•ªODƒ”ƒ@ƒCƒZƒAƒhƒ‰[,3,,‹k—T–ç,3, , , ,nan,nan,0,0,0,,,-,0,0,0,-,0,-,0,0,0,0,-,3,0,1,16.7,0
2020-10-31,FC“Œ‹,‘å•ªODƒ”ƒ@ƒCƒZƒAƒhƒ‰[,4,,R“c—v•½,0,nan,nan,nan,nan,nan,0,0,0,,,-,0,0,0,-,0,-,0,0,0,0,-,0,0,0,-,0
2020-10-31,FC“Œ‹,‘å•ªODƒ”ƒ@ƒCƒZƒAƒhƒ‰[,5,,ˆäãm,0,nan,nan,nan,nan,nan,0,0,0,,,-,0,0,0,-,0,-,0,0,0,0,-,0,0,0,-,0
2020-10-31,FC“Œ‹,‘å•ªODƒ”ƒ@ƒCƒZƒAƒhƒ‰[,8,,ŒIR‰p”V,3,¡,¡,¡,nan,nan,8,4,0,50.0,50.0,1.33,0,0,0,-,2,0.67,17,0,0,9,13.2,0,0,0,-,6
2020-10-31,FC“Œ‹,‘å•ªODƒ”ƒ@ƒCƒZƒAƒhƒ‰[,9,,è’Ë‘å,0,nan,nan,nan,nan,nan,0,0,0,,,-,0,0,0,-,0,-,0,0,0,0,-,0,0,0,-,0
2020-10-31,FC“Œ‹,‘å•ªODƒ”ƒ@ƒCƒZƒAƒhƒ‰[,10,L,ŒÃ‰ê‘¾ˆê˜Y,3,œ,œ,œ,nan,nan,0,0,0,,,-,0,0,0,-,0,-,0,0,0,0,-,16,10,4,75.0,0
2020-10-31,FC“Œ‹,‘å•ªODƒ”ƒ@ƒCƒZƒAƒhƒ‰[,14,,’·—F—D–,0,nan,nan,nan,nan,nan,0,0,0,,,-,0,0,0,-,0,-,0,0,0,0,-,0,0,0,-,0
2020-10-31,FC“Œ‹,‘å•ªODƒ”ƒ@ƒCƒZƒAƒhƒ‰[,16,,èŒ´a,3,¡,¡,¡,nan,nan,0,0,0,,,-,0,0,0,-,1,0.33,16,0,0,8,12.5,0,0,0,-,1
2020-10-31,FC“Œ‹,‘å•ªODƒ”ƒ@ƒCƒZƒAƒhƒ‰[,18,,•“¡“S–ç,3,¡,¡,¡,nan,nan,8,3,0,37.5,37.5,1.00,0,0,0,-,3,1.00,5,0,1,1,0.0,0,0,0,-,6
2020-10-31,FC“Œ‹,‘å•ªODƒ”ƒ@ƒCƒZƒAƒhƒ‰[,19,,²“¡–]À,3,¡,¡,¡,nan,nan,10,6,0,60.0,60.0,2.00,2,1,0,50.0,0,-,11,0,2,4,4.5,10,2,3,35.0,6
2020-10-31,FC“Œ‹,‘å•ªODƒ”ƒ@ƒCƒZƒAƒhƒ‰[,20,,ƒvƒŒƒ‚ƒrƒbƒ`ƒs[ƒ^[,3,¡,¡,¡,nan,nan,35,20,3,57.1,48.6,6.67,13,9,3,69.2,0,-,13,2,2,8,26.9,0,0,0,-,22
2020-10-31,FC“Œ‹,‘å•ªODƒ”ƒ@ƒCƒZƒAƒhƒ‰[,21,,•½“c—º‰î,1,nan, ,nan,nan,nan,0,0,0,,,-,0,0,0,-,0,-,1,0,1,0,-25.0,0,0,0,-,0
2020-10-31,FC“Œ‹,‘å•ªODƒ”ƒ@ƒCƒZƒAƒhƒ‰[,22,,‹{Œ´˜a‹P,3, , , ,nan,nan,0,0,0,,,-,0,0,0,-,0,-,5,0,0,2,10.0,1,0,1,50.0,0
2020-10-31,FC“Œ‹,‘å•ªODƒ”ƒ@ƒCƒZƒAƒhƒ‰[,ƒ`[ƒ€‡Œv,ƒ`[ƒ€‡Œv,ƒ`[ƒ€‡Œv,3,nan,nan,nan,nan,nan,83,41,3,49.4,45.8,13.67,16,10,3,62.5,7,2.33,73,2,8,33,11.3,47,19,15,56.4,50
2020-10-31,‘å•ªODƒ”ƒ@ƒCƒZƒAƒhƒ‰[,FC“Œ‹,1,,ƒoƒOƒiƒXƒuƒ‰ƒCƒAƒ“,0,nan,nan,nan,nan,nan,0,0,0,,,-,0,0,0,-,0,-,0,0,0,0,-,0,0,0,-,0
2020-10-31,‘å•ªODƒ”ƒ@ƒCƒZƒAƒhƒ‰[,FC“Œ‹,2,,“cKM‘¾˜Y,2,nan, , ,nan,nan,0,0,0,,,-,0,0,0,-,0,-,3,0,0,0,0.0,0,0,0,-,0
2020-10-31,‘å•ªODƒ”ƒ@ƒCƒZƒAƒhƒ‰[,FC“Œ‹,4,,Ÿ«Æ,1,nan, ,nan,nan,nan,0,0,0,,,-,0,0,0,-,0,-,1,0,0,0,0.0,2,0,0,0.0,0
2020-10-31,‘å•ªODƒ”ƒ@ƒCƒZƒAƒhƒ‰[,FC“Œ‹,5,,‘å¼Šî”V,0,nan,nan,nan,nan,nan,0,0,0,,,-,0,0,0,-,0,-,0,0,0,0,-,0,0,0,-,0
2020-10-31,‘å•ªODƒ”ƒ@ƒCƒZƒAƒhƒ‰[,FC“Œ‹,8,,ìŒû‹ª,3,¡,¡,¡,nan,nan,7,2,0,28.6,28.6,0.67,0,0,0,-,0,-,6,0,2,1,-4.2,3,0,3,50.0,2
2020-10-31,‘å•ªODƒ”ƒ@ƒCƒZƒAƒhƒ‰[,FC“Œ‹,9,,—Ñˆêšæ,3,¡,¡,¡,nan,nan,7,4,0,57.1,57.1,1.33,0,0,0,-,2,0.67,5,0,2,0,-10.0,1,0,0,0.0,6
2020-10-31,‘å•ªODƒ”ƒ@ƒCƒZƒAƒhƒ‰[,FC“Œ‹,10,,R“cŸä‘¾,3,¡,¡,¡,nan,nan,14,5,2,35.7,21.4,1.67,2,0,0,0.0,1,0.33,10,0,3,3,0.0,24,10,3,47.9,6
2020-10-31,‘å•ªODƒ”ƒ@ƒCƒZƒAƒhƒ‰[,FC“Œ‹,11,,ƒXƒgƒbƒNƒgƒ“ƒJ[ƒeƒBƒX,3,¡,¡,¡,nan,nan,38,14,5,36.8,23.7,4.67,21,6,4,28.6,1,0.33,8,0,1,3,6.2,0,0,0,-,15
2020-10-31,‘å•ªODƒ”ƒ@ƒCƒZƒAƒhƒ‰[,FC“Œ‹,13,L,‹v•Û“c‰ël,3,œ,œ,œ,nan,nan,0,0,0,,,-,0,0,0,-,0,-,0,0,0,0,-,24,11,1,47.9,0
2020-10-31,‘å•ªODƒ”ƒ@ƒCƒZƒAƒhƒ‰[,FC“Œ‹,15,,‚¼‘ì–î,3,¡,¡,¡,nan,nan,24,7,3,29.2,16.7,2.33,1,1,0,100.0,1,0.33,12,1,1,3,12.5,11,3,1,31.8,9
2020-10-31,‘å•ªODƒ”ƒ@ƒCƒZƒAƒhƒ‰[,FC“Œ‹,18,,ŒÃ‰êŒ’‘¾,2, ,nan, ,nan,nan,6,2,2,33.3,0.0,1.00,0,0,0,-,0,-,2,0,0,0,0.0,0,0,0,-,2
2020-10-31,‘å•ªODƒ”ƒ@ƒCƒZƒAƒhƒ‰[,FC“Œ‹,21,,ˆäŒû’¼‹I,3,¡,¡,¡,nan,nan,1,0,0,0.0,0.0,-,0,0,0,-,1,0.33,9,0,0,3,8.3,0,0,0,-,1
2020-10-31,‘å•ªODƒ”ƒ@ƒCƒZƒAƒhƒ‰[,FC“Œ‹,22,,“¡‰ª—È”n,2,nan, , ,nan,nan,0,0,0,,,-,0,0,0,-,0,-,0,0,0,0,-,0,0,0,-,0
2020-10-31,‘å•ªODƒ”ƒ@ƒCƒZƒAƒhƒ‰[,FC“Œ‹,24,,•Ä“c˜jŠó,0,nan,nan,nan,nan,nan,0,0,0,,,-,0,0,0,-,0,-,0,0,0,0,-,0,0,0,-,0
2020-10-31,‘å•ªODƒ”ƒ@ƒCƒZƒAƒhƒ‰[,FC“Œ‹,ƒ`[ƒ€‡Œv,ƒ`[ƒ€‡Œv,ƒ`[ƒ€‡Œv,3,nan,nan,nan,nan,nan,97,34,12,35.1,22.7,11.33,24,7,4,29.2,6,2.00,56,1,9,13,3.6,65,24,8,43.1,41
2020-10-31,ƒEƒ‹ƒtƒhƒbƒOƒX–¼ŒÃ‰®,äƒuƒŒƒCƒU[ƒY,1,,R“cãù‘¢,3,¡,¡,¡,nan,nan,11,3,1,27.3,18.2,1.00,1,1,0,100.0,2,0.67,9,1,2,1,8.3,19,8,7,60.5,6
2020-10-31,ƒEƒ‹ƒtƒhƒbƒOƒX–¼ŒÃ‰®,äƒuƒŒƒCƒU[ƒY,2,,R‹ß“N,3,¡,¡,¡,nan,nan,4,3,0,75.0,75.0,1.00,0,0,0,-,2,0.67,8,0,0,3,9.4,1,1,0,100.0,5
2020-10-31,ƒEƒ‹ƒtƒhƒbƒOƒX–¼ŒÃ‰®,äƒuƒŒƒCƒU[ƒY,3,,ƒNƒŒƒNƒoƒ‹ƒgƒVƒ…,3,¡,¡,¡,nan,nan,42,22,2,52.4,47.6,7.33,12,7,0,58.3,2,0.67,11,0,2,5,6.8,3,1,1,50.0,24
2020-10-31,ƒEƒ‹ƒtƒhƒbƒOƒX–¼ŒÃ‰®,äƒuƒŒƒCƒU[ƒY,5,,‘O“cˆê½,3,¡,¡,¡,nan,nan,2,1,0,50.0,50.0,0.33,0,0,0,-,2,0.67,14,0,2,4,3.6,1,0,0,0.0,3
2020-10-31,ƒEƒ‹ƒtƒhƒbƒOƒX–¼ŒÃ‰®,äƒuƒŒƒCƒU[ƒY,6,,‹ß—T’,2, , ,nan,nan,nan,0,0,0,,,-,0,0,0,-,0,-,3,0,0,2,16.7,0,0,0,-,0
2020-10-31,ƒEƒ‹ƒtƒhƒbƒOƒX–¼ŒÃ‰®,äƒuƒŒƒCƒU[ƒY,7,,”’Šâ’¼–ç,0,nan,nan,nan,nan,nan,0,0,0,,,-,0,0,0,-,0,-,0,0,0,0,-,0,0,0,-,0
2020-10-31,ƒEƒ‹ƒtƒhƒbƒOƒX–¼ŒÃ‰®,äƒuƒŒƒCƒU[ƒY,9,,ƒ†ƒ“ƒ{ƒ“ƒE,0,nan,nan,nan,nan,nan,0,0,0,,,-,0,0,0,-,0,-,0,0,0,0,-,0,0,0,-,0
2020-10-31,ƒEƒ‹ƒtƒhƒbƒOƒX–¼ŒÃ‰®,äƒuƒŒƒCƒU[ƒY,11,,™B“c—º‘¾,3,¡,¡,¡,nan,nan,8,5,0,62.5,62.5,1.67,0,0,0,-,0,-,12,1,0,2,12.5,0,0,0,-,6
2020-10-31,ƒEƒ‹ƒtƒhƒbƒOƒX–¼ŒÃ‰®,äƒuƒŒƒCƒU[ƒY,14,,’ÖR—³‰î,0,nan,nan,nan,nan,nan,0,0,0,,,-,0,0,0,-,0,-,0,0,0,0,-,0,0,0,-,0
2020-10-31,ƒEƒ‹ƒtƒhƒbƒOƒX–¼ŒÃ‰®,äƒuƒŒƒCƒU[ƒY,20,,ìŒû‘¾ˆê,3, , , ,nan,nan,0,0,0,,,-,0,0,0,-,0,-,0,0,0,0,-,3,0,1,16.7,0
2020-10-31,ƒEƒ‹ƒtƒhƒbƒOƒX–¼ŒÃ‰®,äƒuƒŒƒCƒU[ƒY,21,,‰i˜IŒ³‹H,1, ,nan,nan,nan,nan,0,0,0,,,-,0,0,0,-,0,-,3,1,0,1,41.7,0,0,0,-,1
2020-10-31,ƒEƒ‹ƒtƒhƒbƒOƒX–¼ŒÃ‰®,äƒuƒŒƒCƒU[ƒY,22,,‚—œŒ’‘¾,3,¡,¡,¡,nan,nan,19,8,1,42.1,36.8,2.67,5,4,0,80.0,0,-,15,1,0,10,23.3,14,8,1,60.7,9
2020-10-31,ƒEƒ‹ƒtƒhƒbƒOƒX–¼ŒÃ‰®,äƒuƒŒƒCƒU[ƒY,24,L,¬ì’q‘å,3,œ,œ,œ,nan,nan,0,0,0,,,-,0,0,0,-,0,-,0,0,0,0,-,11,8,3,86.4,0
2020-10-31,ƒEƒ‹ƒtƒhƒbƒOƒX–¼ŒÃ‰®,äƒuƒŒƒCƒU[ƒY,26,,Rè²“s,0,nan,nan,nan,nan,nan,0,0,0,,,-,0,0,0,-,0,-,0,0,0,0,-,0,0,0,-,0
2020-10-31,ƒEƒ‹ƒtƒhƒbƒOƒX–¼ŒÃ‰®,äƒuƒŒƒCƒU[ƒY,ƒ`[ƒ€‡Œv,ƒ`[ƒ€‡Œv,ƒ`[ƒ€‡Œv,3,nan,nan,nan,nan,nan,86,42,4,48.8,44.2,14.00,18,12,0,66.7,8,2.67,75,4,6,28,12.7,52,26,13,62.5,54
2020-10-31,äƒuƒŒƒCƒU[ƒY,ƒEƒ‹ƒtƒhƒbƒOƒX–¼ŒÃ‰®,1,,¼–{Œc•F,2,¡,¡,nan,nan,nan,4,3,0,75.0,75.0,1.50,0,0,0,-,0,-,7,0,1,0,-3.6,0,0,0,-,3
2020-10-31,äƒuƒŒƒCƒU[ƒY,ƒEƒ‹ƒtƒhƒbƒOƒX–¼ŒÃ‰®,2,,”óŒû—TŠó,3,¡,¡,¡,nan,nan,12,6,1,50.0,41.7,2.00,4,3,0,75.0,1,0.33,13,3,0,6,34.6,31,14,5,53.2,10
2020-10-31,äƒuƒŒƒCƒU[ƒY,ƒEƒ‹ƒtƒhƒbƒOƒX–¼ŒÃ‰®,3,,‹{Œ´‹Ml,1,nan,nan, ,nan,nan,1,1,0,100.0,100.0,1.00,0,0,0,-,0,-,0,0,0,0,-,0,0,0,-,1
2020-10-31,äƒuƒŒƒCƒU[ƒY,ƒEƒ‹ƒtƒhƒbƒOƒX–¼ŒÃ‰®,4,,‚–ì’¼Æ,2,¡,¡,nan,nan,nan,17,9,0,52.9,52.9,4.50,1,1,0,100.0,0,-,5,0,3,0,-15.0,17,5,2,35.3,9
2020-10-31,äƒuƒŒƒCƒU[ƒY,ƒEƒ‹ƒtƒhƒbƒOƒX–¼ŒÃ‰®,6,,Rí•‹M–î,1,nan, ,nan,nan,nan,0,0,0,,,-,0,0,0,-,0,-,1,0,0,0,0.0,0,0,0,-,0
2020-10-31,äƒuƒŒƒCƒU[ƒY,ƒEƒ‹ƒtƒhƒbƒOƒX–¼ŒÃ‰®,7,,oãÎ“cŒh,3,¡,¡,¡,nan,nan,12,8,0,66.7,66.7,2.67,0,0,0,-,0,-,7,0,4,1,-10.7,1,0,1,50.0,8
2020-10-31,äƒuƒŒƒCƒU[ƒY,ƒEƒ‹ƒtƒhƒbƒOƒX–¼ŒÃ‰®,8,,²ìãÄ,1,nan,nan, ,nan,nan,0,0,0,,,-,0,0,0,-,0,-,0,0,0,0,-,0,0,0,-,0
2020-10-31,äƒuƒŒƒCƒU[ƒY,ƒEƒ‹ƒtƒhƒbƒOƒX–¼ŒÃ‰®,10,,çX–Øx‰î,3, , ,¡,nan,nan,7,2,1,28.6,14.3,0.67,0,0,0,-,0,-,5,0,1,0,-5.0,9,2,0,22.2,2
2020-10-31,äƒuƒŒƒCƒU[ƒY,ƒEƒ‹ƒtƒhƒbƒOƒX–¼ŒÃ‰®,11,,ŠÖ“c½‘å,3,¡,¡,¡,nan,nan,1,0,0,0.0,0.0,-,0,0,0,-,3,1.00,11,0,1,1,0.0,0,0,0,-,3
2020-10-31,äƒuƒŒƒCƒU[ƒY,ƒEƒ‹ƒtƒhƒbƒOƒX–¼ŒÃ‰®,12,,¬’r—E‹P,2, ,nan, ,nan,nan,0,0,0,,,-,0,0,0,-,0,-,2,0,1,0,-12.5,0,0,0,-,0
2020-10-31,äƒuƒŒƒCƒU[ƒY,ƒEƒ‹ƒtƒhƒbƒOƒX–¼ŒÃ‰®,14,,RŒûèñ•½,2, , ,nan,nan,nan,0,0,0,,,-,0,0,0,-,0,-,3,0,0,0,0.0,0,0,0,-,0
2020-10-31,äƒuƒŒƒCƒU[ƒY,ƒEƒ‹ƒtƒhƒbƒOƒX–¼ŒÃ‰®,20,L,R–{’q‘å,3,œ,œ,œ,nan,nan,0,0,0,,,-,0,0,0,-,0,-,0,0,0,0,-,10,4,3,55.0,0
2020-10-31,äƒuƒŒƒCƒU[ƒY,ƒEƒ‹ƒtƒhƒbƒOƒX–¼ŒÃ‰®,21,,’|Œ³—T‘¾˜Y,1,nan,nan,¡,nan,nan,4,2,1,50.0,25.0,2.00,0,0,0,-,1,1.00,2,0,0,0,0.0,0,0,0,-,3
2020-10-31,äƒuƒŒƒCƒU[ƒY,ƒEƒ‹ƒtƒhƒbƒOƒX–¼ŒÃ‰®,24,,ƒWƒ‡ƒ“ƒEƒFƒ“ƒg,3,¡,¡,¡,nan,nan,32,11,3,34.4,25.0,3.67,8,2,0,25.0,1,0.33,11,0,3,3,0.0,1,0,1,50.0,12
2020-10-31,äƒuƒŒƒCƒU[ƒY,ƒEƒ‹ƒtƒhƒbƒOƒX–¼ŒÃ‰®,ƒ`[ƒ€‡Œv,ƒ`[ƒ€‡Œv,ƒ`[ƒ€‡Œv,3,nan,nan,nan,nan,nan,90,42,6,46.7,40.0,14.00,13,6,0,46.2,6,2.00,67,3,14,11,3.4,69,25,12,44.9,51
2020-10-31,VC’·–ìƒgƒ‰ƒCƒfƒ“ƒc,ƒTƒ“ƒgƒŠ[ƒTƒ“ƒo[ƒY,4,,’†‘º—³•ã,3,¡,¡,¡,nan,nan,6,1,0,16.7,16.7,0.33,0,0,0,-,1,0.33,10,1,2,0,5.0,1,0,0,0.0,3
2020-10-31,VC’·–ìƒgƒ‰ƒCƒfƒ“ƒc,ƒTƒ“ƒgƒŠ[ƒTƒ“ƒo[ƒY,5,,Š}—˜^Œá,0,nan,nan,nan,nan,nan,0,0,0,,,-,0,0,0,-,0,-,0,0,0,0,-,0,0,0,-,0
2020-10-31,VC’·–ìƒgƒ‰ƒCƒfƒ“ƒc,ƒTƒ“ƒgƒŠ[ƒTƒ“ƒo[ƒY,6,,ˆÉ“¡÷,0,nan,nan,nan,nan,nan,0,0,0,,,-,0,0,0,-,0,-,0,0,0,0,-,0,0,0,-,0
2020-10-31,VC’·–ìƒgƒ‰ƒCƒfƒ“ƒc,ƒTƒ“ƒgƒŠ[ƒTƒ“ƒo[ƒY,7,,ŒË›½“‘å,3,¡,¡,¡,nan,nan,17,7,2,41.2,29.4,2.33,4,2,1,50.0,0,-,10,0,4,4,0.0,23,12,7,67.4,7
2020-10-31,VC’·–ìƒgƒ‰ƒCƒfƒ“ƒc,ƒTƒ“ƒgƒŠ[ƒTƒ“ƒo[ƒY,8,,‰Í“Œ—S‘å,3,¡,¡,¡,nan,nan,0,0,0,,,-,0,0,0,-,0,-,7,0,0,0,0.0,0,0,0,-,0
2020-10-31,VC’·–ìƒgƒ‰ƒCƒfƒ“ƒc,ƒTƒ“ƒgƒŠ[ƒTƒ“ƒo[ƒY,9,,’r“cK‘¾,3,¡,¡,¡,nan,nan,15,5,3,33.3,13.3,1.67,2,0,0,0.0,0,-,8,0,2,2,0.0,18,6,5,47.2,5
2020-10-31,VC’·–ìƒgƒ‰ƒCƒfƒ“ƒc,ƒTƒ“ƒgƒŠ[ƒTƒ“ƒo[ƒY,10,,ƒkƒ‹ƒ€ƒ‹ƒLƒŠƒ”ƒ@ƒ“,3,¡,¡,¡,nan,nan,34,14,2,41.2,35.3,4.67,17,9,2,52.9,0,-,12,0,3,6,6.2,0,0,0,-,14
2020-10-31,VC’·–ìƒgƒ‰ƒCƒfƒ“ƒc,ƒTƒ“ƒgƒŠ[ƒTƒ“ƒo[ƒY,12,L,R–{Œ›Œá,3,œ,œ,œ,nan,nan,0,0,0,,,-,0,0,0,-,0,-,0,0,0,0,-,12,6,3,62.5,0
2020-10-31,VC’·–ìƒgƒ‰ƒCƒfƒ“ƒc,ƒTƒ“ƒgƒŠ[ƒTƒ“ƒo[ƒY,13,,’Ö‰è‹v,2, , ,nan,nan,nan,0,0,0,,,-,0,0,0,-,0,-,2,0,0,0,0.0,0,0,0,-,0
2020-10-31,VC’·–ìƒgƒ‰ƒCƒfƒ“ƒc,ƒTƒ“ƒgƒŠ[ƒTƒ“ƒo[ƒY,15,,”g²ŠÔ‘×•½,0,nan,nan,nan,nan,nan,0,0,0,,,-,0,0,0,-,0,-,0,0,0,0,-,0,0,0,-,0
2020-10-31,VC’·–ìƒgƒ‰ƒCƒfƒ“ƒc,ƒTƒ“ƒgƒŠ[ƒTƒ“ƒo[ƒY,16,,XèŒ’j,3,¡,¡,¡,nan,nan,7,5,0,71.4,71.4,1.67,0,0,0,-,0,-,10,1,2,2,10.0,1,0,0,0.0,6
2020-10-31,VC’·–ìƒgƒ‰ƒCƒfƒ“ƒc,ƒTƒ“ƒgƒŠ[ƒTƒ“ƒo[ƒY,21,,‚àV˜a‹M,2, ,nan, ,nan,nan,0,0,0,,,-,0,0,0,-,0,-,0,0,0,0,-,0,0,0,-,0
2020-10-31,VC’·–ìƒgƒ‰ƒCƒfƒ“ƒc,ƒTƒ“ƒgƒŠ[ƒTƒ“ƒo[ƒY,22,L,Šp‰ë–ç,2,nan,Z,Z,nan,nan,0,0,0,,,-,0,0,0,-,0,-,0,0,0,0,-,0,0,0,-,0
2020-10-31,VC’·–ìƒgƒ‰ƒCƒfƒ“ƒc,ƒTƒ“ƒgƒŠ[ƒTƒ“ƒo[ƒY,24,,’·“c—ƒ,0,nan,nan,nan,nan,nan,0,0,0,,,-,0,0,0,-,0,-,0,0,0,0,-,0,0,0,-,0
2020-10-31,VC’·–ìƒgƒ‰ƒCƒfƒ“ƒc,ƒTƒ“ƒgƒŠ[ƒTƒ“ƒo[ƒY,ƒ`[ƒ€‡Œv,ƒ`[ƒ€‡Œv,ƒ`[ƒ€‡Œv,3,nan,nan,nan,nan,nan,79,32,7,40.5,31.6,10.67,23,11,3,47.8,1,0.33,59,2,13,14,3.8,55,24,15,57.3,35
2020-10-31,ƒTƒ“ƒgƒŠ[ƒTƒ“ƒo[ƒY,VC’·–ìƒgƒ‰ƒCƒfƒ“ƒc,1,L,’ß“c‘å÷,3,œ,œ,œ,nan,nan,0,0,0,,,-,0,0,0,-,0,-,0,0,0,0,-,8,4,1,56.2,0
2020-10-31,ƒTƒ“ƒgƒŠ[ƒTƒ“ƒo[ƒY,VC’·–ìƒgƒ‰ƒCƒfƒ“ƒc,3,,¬–ì—y‹P,3,¡,¡,¡,nan,nan,10,5,1,50.0,40.0,1.67,0,0,0,-,1,0.33,10,2,5,3,15.0,0,0,0,-,8
2020-10-31,ƒTƒ“ƒgƒŠ[ƒTƒ“ƒo[ƒY,VC’·–ìƒgƒ‰ƒCƒfƒ“ƒc,5,,¼—ÑŒ›‘¾˜Y,0,nan,nan,nan,nan,nan,0,0,0,,,-,0,0,0,-,0,-,0,0,0,0,-,0,0,0,-,0
2020-10-31,ƒTƒ“ƒgƒŠ[ƒTƒ“ƒo[ƒY,VC’·–ìƒgƒ‰ƒCƒfƒ“ƒc,8,,–ö“c«—m,3,¡,¡,¡,nan,nan,16,11,0,68.8,68.8,3.67,4,4,0,100.0,0,-,14,1,2,2,7.1,10,3,2,40.0,12
2020-10-31,ƒTƒ“ƒgƒŠ[ƒTƒ“ƒo[ƒY,VC’·–ìƒgƒ‰ƒCƒfƒ“ƒc,9,,‘å‘î^÷,3,¡,¡,¡,nan,nan,1,0,0,0.0,0.0,-,0,0,0,-,0,-,14,0,4,3,-1.8,0,0,0,-,0
2020-10-31,ƒTƒ“ƒgƒŠ[ƒTƒ“ƒo[ƒY,VC’·–ìƒgƒ‰ƒCƒfƒ“ƒc,10,,“¡’†Œª–ç,3,¡,¡,¡,nan,nan,7,6,0,85.7,85.7,2.00,2,2,0,100.0,0,-,11,0,1,2,2.3,25,12,8,64.0,6
2020-10-31,ƒTƒ“ƒgƒŠ[ƒTƒ“ƒo[ƒY,VC’·–ìƒgƒ‰ƒCƒfƒ“ƒc,11,,`k‰î,0,nan,nan,nan,nan,nan,0,0,0,,,-,0,0,0,-,0,-,0,0,0,0,-,0,0,0,-,0
2020-10-31,ƒTƒ“ƒgƒŠ[ƒTƒ“ƒo[ƒY,VC’·–ìƒgƒ‰ƒCƒfƒ“ƒc,12,,‰–“c’B–ç,2,¡,¡,nan,nan,nan,4,3,0,75.0,75.0,1.50,0,0,0,-,1,0.50,3,0,1,0,-8.3,0,0,0,-,4
2020-10-31,ƒTƒ“ƒgƒŠ[ƒTƒ“ƒo[ƒY,VC’·–ìƒgƒ‰ƒCƒfƒ“ƒc,13,,ƒ€ƒZƒ‹ƒXƒL[ƒhƒ~ƒgƒŠ[,3,¡,¡,¡,nan,nan,32,22,3,68.8,59.4,7.33,9,7,1,77.8,1,0.33,6,0,4,2,-8.3,1,0,0,0.0,23
2020-10-31,ƒTƒ“ƒgƒŠ[ƒTƒ“ƒo[ƒY,VC’·–ìƒgƒ‰ƒCƒfƒ“ƒc,14,,‰Á“¡‹v“T,2,nan, ,¡,nan,nan,3,1,0,33.3,33.3,0.50,0,0,0,-,0,-,7,0,0,2,7.1,0,0,0,-,1
2020-10-31,ƒTƒ“ƒgƒŠ[ƒTƒ“ƒo[ƒY,VC’·–ìƒgƒ‰ƒCƒfƒ“ƒc,15,,Šì“üË[,0,nan,nan,nan,nan,nan,0,0,0,,,-,0,0,0,-,0,-,0,0,0,0,-,0,0,0,-,0
2020-10-31,ƒTƒ“ƒgƒŠ[ƒTƒ“ƒo[ƒY,VC’·–ìƒgƒ‰ƒCƒfƒ“ƒc,19,,ŒIR‰ëj,2, ,nan, ,nan,nan,1,1,0,100.0,100.0,0.50,1,1,0,100.0,0,-,2,0,0,1,12.5,0,0,0,-,1
2020-10-31,ƒTƒ“ƒgƒŠ[ƒTƒ“ƒo[ƒY,VC’·–ìƒgƒ‰ƒCƒfƒ“ƒc,20,,¼“cŠ°Šî,2, ,nan, ,nan,nan,0,0,0,,,-,0,0,0,-,0,-,6,0,1,1,0.0,0,0,0,-,0
2020-10-31,ƒTƒ“ƒgƒŠ[ƒTƒ“ƒo[ƒY,VC’·–ìƒgƒ‰ƒCƒfƒ“ƒc,21,,²“¡ŒªŸ,1,nan,nan, ,nan,nan,0,0,0,,,-,0,0,0,-,0,-,0,0,0,0,-,0,0,0,-,0
2020-10-31,ƒTƒ“ƒgƒŠ[ƒTƒ“ƒo[ƒY,VC’·–ìƒgƒ‰ƒCƒfƒ“ƒc,ƒ`[ƒ€‡Œv,ƒ`[ƒ€‡Œv,ƒ`[ƒ€‡Œv,3,nan,nan,nan,nan,nan,74,49,4,66.2,60.8,16.33,16,14,1,87.5,3,1.00,73,3,18,16,3.4,44,19,11,55.7,55
2020-10-31,ƒWƒFƒCƒeƒNƒgSTINGS,ƒpƒiƒ\ƒjƒbƒNƒpƒ“ƒT[ƒY,1,,“¡’†—D“l,4,¡,¡,¡,¡,nan,13,2,2,15.4,0.0,0.50,0,0,0,-,1,0.25,11,0,0,1,2.3,17,5,8,52.9,3
2020-10-31,ƒWƒFƒCƒeƒNƒgSTINGS,ƒpƒiƒ\ƒjƒbƒNƒpƒ“ƒT[ƒY,2,,‹àŠÛW‘å,3, ,nan, , ,nan,0,0,0,,,-,0,0,0,-,1,0.33,0,0,0,0,-,0,0,0,-,1
2020-10-31,ƒWƒFƒCƒeƒNƒgSTINGS,ƒpƒiƒ\ƒjƒbƒNƒpƒ“ƒT[ƒY,3,,•šŒ©‘å˜a,4,¡,¡,¡,¡,nan,10,3,0,30.0,30.0,0.75,0,0,0,-,1,0.25,16,0,2,3,1.6,3,0,1,16.7,4
2020-10-31,ƒWƒFƒCƒeƒNƒgSTINGS,ƒpƒiƒ\ƒjƒbƒNƒpƒ“ƒT[ƒY,4,,•ŸR‘¿ˆê,4,¡,¡,¡,¡,nan,13,6,1,46.2,38.5,1.50,0,0,0,-,5,1.25,12,0,3,2,-2.1,1,0,1,50.0,11
2020-10-31,ƒWƒFƒCƒeƒNƒgSTINGS,ƒpƒiƒ\ƒjƒbƒNƒpƒ“ƒT[ƒY,6,,ƒtƒHƒ“ƒeƒŒƒXƒtƒFƒŠƒy,4,¡,¡,¡,¡,nan,32,15,2,46.9,40.6,3.75,7,3,2,42.9,2,0.50,16,0,3,4,1.6,39,13,13,50.0,17
2020-10-31,ƒWƒFƒCƒeƒNƒgSTINGS,ƒpƒiƒ\ƒjƒbƒNƒpƒ“ƒT[ƒY,7,,–öàVL•½,1,nan,nan,nan, ,nan,4,1,0,25.0,25.0,1.00,0,0,0,-,0,-,0,0,0,0,-,1,0,0,0.0,1
2020-10-31,ƒWƒFƒCƒeƒNƒgSTINGS,ƒpƒiƒ\ƒjƒbƒNƒpƒ“ƒT[ƒY,8,,ŒS_–ç,1,nan,nan,nan, ,nan,3,1,0,33.3,33.3,1.00,0,0,0,-,0,-,0,0,0,0,-,0,0,0,-,1
2020-10-31,ƒWƒFƒCƒeƒNƒgSTINGS,ƒpƒiƒ\ƒjƒbƒNƒpƒ“ƒT[ƒY,10,,¬—ÑŒõ‹P,2,¡,¡,nan,nan,nan,1,1,0,100.0,100.0,0.50,0,0,0,-,0,-,4,0,2,0,-12.5,0,0,0,-,1
2020-10-31,ƒWƒFƒCƒeƒNƒgSTINGS,ƒpƒiƒ\ƒjƒbƒNƒpƒ“ƒT[ƒY,11,,ŒÑ’J—º‰î,4,¡,¡,¡,¡,nan,45,19,7,42.2,26.7,4.75,21,8,5,38.1,0,-,13,2,5,1,7.7,0,0,0,-,21
2020-10-31,ƒWƒFƒCƒeƒNƒgSTINGS,ƒpƒiƒ\ƒjƒbƒNƒpƒ“ƒT[ƒY,12,L,‹»‘—º,0,nan,nan,nan,nan,nan,0,0,0,,,-,0,0,0,-,0,-,0,0,0,0,-,0,0,0,-,0
2020-10-31,ƒWƒFƒCƒeƒNƒgSTINGS,ƒpƒiƒ\ƒjƒbƒNƒpƒ“ƒT[ƒY,16,,‹v•ÛR®,3,nan, ,¡,¡,nan,0,0,0,,,-,0,0,0,-,1,0.33,6,0,0,0,0.0,0,0,0,-,1
2020-10-31,ƒWƒFƒCƒeƒNƒgSTINGS,ƒpƒiƒ\ƒjƒbƒNƒpƒ“ƒT[ƒY,17,L,–{ŠÔ—²‘¾,4,œ,œ,œ,œ,nan,0,0,0,,,-,0,0,0,-,0,-,0,0,0,0,-,24,9,13,64.6,0
2020-10-31,ƒWƒFƒCƒeƒNƒgSTINGS,ƒpƒiƒ\ƒjƒbƒNƒpƒ“ƒT[ƒY,19,,ó–ì”—º,0,nan,nan,nan,nan,nan,0,0,0,,,-,0,0,0,-,0,-,0,0,0,0,-,0,0,0,-,0
2020-10-31,ƒWƒFƒCƒeƒNƒgSTINGS,ƒpƒiƒ\ƒjƒbƒNƒpƒ“ƒT[ƒY,ƒ`[ƒ€‡Œv,ƒ`[ƒ€‡Œv,ƒ`[ƒ€‡Œv,4,nan,nan,nan,nan,nan,121,48,12,39.7,29.8,12.00,28,11,7,39.3,11,2.75,78,2,15,11,1.3,85,27,36,52.9,61
2020-10-31,ƒpƒiƒ\ƒjƒbƒNƒpƒ“ƒT[ƒY,ƒWƒFƒCƒeƒNƒgSTINGS,1,,´…–ML,4,¡,¡,¡,¡,nan,34,19,1,55.9,52.9,4.75,9,5,0,55.6,1,0.25,15,1,2,2,6.7,1,0,1,50.0,21
2020-10-31,ƒpƒiƒ\ƒjƒbƒNƒpƒ“ƒT[ƒY,ƒWƒFƒCƒeƒNƒgSTINGS,2,,[’Ã‰pb,4,¡,¡,¡,¡,nan,1,1,0,100.0,100.0,0.25,0,0,0,-,0,-,17,1,3,3,5.9,1,0,0,0.0,2
2020-10-31,ƒpƒiƒ\ƒjƒbƒNƒpƒ“ƒT[ƒY,ƒWƒFƒCƒeƒNƒgSTINGS,5,,“n•Ó‘tŒá,0,nan,nan,nan,nan,nan,0,0,0,,,-,0,0,0,-,0,-,0,0,0,0,-,0,0,0,-,0
2020-10-31,ƒpƒiƒ\ƒjƒbƒNƒpƒ“ƒT[ƒY,ƒWƒFƒCƒeƒNƒgSTINGS,6,,”’àVŒ’™,0,nan,nan,nan,nan,nan,0,0,0,,,-,0,0,0,-,0,-,0,0,0,0,-,0,0,0,-,0
2020-10-31,ƒpƒiƒ\ƒjƒbƒNƒpƒ“ƒT[ƒY,ƒWƒFƒCƒeƒNƒgSTINGS,7,,‹vŒ´—ƒ,4,¡,¡,¡,¡,nan,20,10,1,50.0,45.0,2.50,1,0,0,0.0,2,0.50,14,1,0,4,14.3,20,7,8,55.0,13
2020-10-31,ƒpƒiƒ\ƒjƒbƒNƒpƒ“ƒT[ƒY,ƒWƒFƒCƒeƒNƒgSTINGS,8,,’‡–{Œ«—D,0,nan,nan,nan,nan,nan,0,0,0,,,-,0,0,0,-,0,-,0,0,0,0,-,0,0,0,-,0
2020-10-31,ƒpƒiƒ\ƒjƒbƒNƒpƒ“ƒT[ƒY,ƒWƒFƒCƒeƒNƒgSTINGS,9,,¡‘º‹M•F,1,nan,nan, ,nan,nan,2,0,0,0.0,0.0,-,1,0,0,0.0,1,1.00,1,0,0,0,0.0,0,0,0,-,1
2020-10-31,ƒpƒiƒ\ƒjƒbƒNƒpƒ“ƒT[ƒY,ƒWƒFƒCƒeƒNƒgSTINGS,10,,R“à»‘å,4,¡,¡,¡,¡,nan,10,8,0,80.0,80.0,2.00,0,0,0,-,2,0.50,18,0,1,5,5.6,0,0,0,-,10
2020-10-31,ƒpƒiƒ\ƒjƒbƒNƒpƒ“ƒT[ƒY,ƒWƒFƒCƒeƒNƒgSTINGS,13,,ƒNƒrƒAƒNƒ~ƒnƒE,4,¡,¡,¡,¡,nan,24,13,0,54.2,54.2,3.25,0,0,0,-,4,1.00,15,0,2,5,5.0,32,14,12,62.5,17
2020-10-31,ƒpƒiƒ\ƒjƒbƒNƒpƒ“ƒT[ƒY,ƒWƒFƒCƒeƒNƒgSTINGS,16,L,ˆÉ‰ê—º•½,4,œ,œ,œ,œ,nan,0,0,0,,,-,0,0,0,-,0,-,0,0,0,0,-,8,5,3,81.2,0
2020-10-31,ƒpƒiƒ\ƒjƒbƒNƒpƒ“ƒT[ƒY,ƒWƒFƒCƒeƒNƒgSTINGS,17,L,‰i–ìŒ’,0,nan,nan,nan,nan,nan,0,0,0,,,-,0,0,0,-,0,-,0,0,0,0,-,0,0,0,-,0
2020-10-31,ƒpƒiƒ\ƒjƒbƒNƒpƒ“ƒT[ƒY,ƒWƒFƒCƒeƒNƒgSTINGS,20,,V‹M—T,2,nan, , ,nan,nan,0,0,0,,,-,0,0,0,-,0,-,4,0,1,1,0.0,0,0,0,-,0
2020-10-31,ƒpƒiƒ\ƒjƒbƒNƒpƒ“ƒT[ƒY,ƒWƒFƒCƒeƒNƒgSTINGS,21,,™Z‹ÊN¬,0,nan,nan,nan,nan,nan,0,0,0,,,-,0,0,0,-,0,-,0,0,0,0,-,0,0,0,-,0
2020-10-31,ƒpƒiƒ\ƒjƒbƒNƒpƒ“ƒT[ƒY,ƒWƒFƒCƒeƒNƒgSTINGS,22,,¬‹{—Yˆê˜Y,4,¡,¡,¡,¡,nan,12,4,1,33.3,25.0,1.00,0,0,0,-,1,0.25,15,0,2,2,0.0,0,0,0,-,5
2020-10-31,ƒpƒiƒ\ƒjƒbƒNƒpƒ“ƒT[ƒY,ƒWƒFƒCƒeƒNƒgSTINGS,ƒ`[ƒ€‡Œv,ƒ`[ƒ€‡Œv,ƒ`[ƒ€‡Œv,4,nan,nan,nan,nan,nan,103,55,3,53.4,50.5,13.75,11,5,0,45.5,11,2.75,99,3,11,22,5.8,62,26,24,61.3,69
2020-10-31,JTƒTƒ“ƒ_[ƒYL“‡,“ŒƒŒƒAƒ[ƒY,1,,ˆÀ‰i‘ñ–í,3,¡,¡,¡,nan,nan,10,7,0,70.0,70.0,2.33,0,0,0,-,0,-,5,0,1,0,-5.0,1,0,1,50.0,7
2020-10-31,JTƒTƒ“ƒ_[ƒYL“‡,“ŒƒŒƒAƒ[ƒY,2,,¬–ì›‘¾u,3,¡,¡,¡,nan,nan,16,7,0,43.8,43.8,2.33,0,0,0,-,3,1.00,18,1,1,6,12.5,0,0,0,-,11
2020-10-31,JTƒTƒ“ƒ_[ƒYL“‡,“ŒƒŒƒAƒ[ƒY,3,,[’Ãˆ®O,3,¡,¡,¡,nan,nan,1,1,0,100.0,100.0,0.33,0,0,0,-,0,-,15,1,1,3,10.0,0,0,0,-,2
2020-10-31,JTƒTƒ“ƒ_[ƒYL“‡,“ŒƒŒƒAƒ[ƒY,4,,’†“‡Œ’‘¾,0,nan,nan,nan,nan,nan,0,0,0,,,-,0,0,0,-,0,-,0,0,0,0,-,0,0,0,-,0
2020-10-31,JTƒTƒ“ƒ_[ƒYL“‡,“ŒƒŒƒAƒ[ƒY,6,,ƒGƒhƒK[ƒg[ƒ}ƒX,3,¡,¡,¡,nan,nan,34,18,1,52.9,50.0,6.00,12,7,1,58.3,1,0.33,10,0,3,4,2.5,0,0,0,-,19
2020-10-31,JTƒTƒ“ƒ_[ƒYL“‡,“ŒƒŒƒAƒ[ƒY,7,,”ªq‘å•ã,0,nan,nan,nan,nan,nan,0,0,0,,,-,0,0,0,-,0,-,0,0,0,0,-,0,0,0,-,0
2020-10-31,JTƒTƒ“ƒ_[ƒYL“‡,“ŒƒŒƒAƒ[ƒY,8,,•’qŸ©j,3,¡,¡,¡,nan,nan,9,6,2,66.7,44.4,2.00,0,0,0,-,1,0.33,7,0,3,1,-7.1,9,5,3,72.2,7
2020-10-31,JTƒTƒ“ƒ_[ƒYL“‡,“ŒƒŒƒAƒ[ƒY,10,,ˆäãq,0,nan,nan,nan,nan,nan,0,0,0,,,-,0,0,0,-,0,-,0,0,0,0,-,0,0,0,-,0
2020-10-31,JTƒTƒ“ƒ_[ƒYL“‡,“ŒƒŒƒAƒ[ƒY,12,,‡“cS•½,1, ,nan,nan,nan,nan,0,0,0,,,-,0,0,0,-,0,-,1,0,0,0,0.0,0,0,0,-,0
2020-10-31,JTƒTƒ“ƒ_[ƒYL“‡,“ŒƒŒƒAƒ[ƒY,15,L,“‚ì‘åu,3,œ,œ,œ,nan,nan,0,0,0,,,-,0,0,0,-,0,-,0,0,0,0,-,13,5,5,57.7,0
2020-10-31,JTƒTƒ“ƒ_[ƒYL“‡,“ŒƒŒƒAƒ[ƒY,16,,¼’mš,0,nan,nan,nan,nan,nan,0,0,0,,,-,0,0,0,-,0,-,0,0,0,0,-,0,0,0,-,0
2020-10-31,JTƒTƒ“ƒ_[ƒYL“‡,“ŒƒŒƒAƒ[ƒY,17,,‹àq¹‹P,0,nan,nan,nan,nan,nan,0,0,0,,,-,0,0,0,-,0,-,0,0,0,0,-,0,0,0,-,0
2020-10-31,JTƒTƒ“ƒ_[ƒYL“‡,“ŒƒŒƒAƒ[ƒY,18,,R–{«•½,2,nan, , ,nan,nan,0,0,0,,,-,0,0,0,-,0,-,3,0,0,1,8.3,0,0,0,-,0
2020-10-31,JTƒTƒ“ƒ_[ƒYL“‡,“ŒƒŒƒAƒ[ƒY,19,,’ÂŒš’õ,3,¡,¡,¡,nan,nan,16,8,0,50.0,50.0,2.67,1,1,0,100.0,2,0.67,15,0,2,3,1.7,31,13,5,50.0,10
2020-10-31,JTƒTƒ“ƒ_[ƒYL“‡,“ŒƒŒƒAƒ[ƒY,ƒ`[ƒ€‡Œv,ƒ`[ƒ€‡Œv,ƒ`[ƒ€‡Œv,3,nan,nan,nan,nan,nan,86,47,3,54.7,51.2,15.67,13,8,1,61.5,7,2.33,74,2,11,18,5.1,54,23,14,55.6,56
2020-10-31,“ŒƒŒƒAƒ[ƒY,JTƒTƒ“ƒ_[ƒYL“‡,1,,•x¼’²,0,nan,nan,nan,nan,nan,0,0,0,,,-,0,0,0,-,0,-,0,0,0,0,-,0,0,0,-,0
2020-10-31,“ŒƒŒƒAƒ[ƒY,JTƒTƒ“ƒ_[ƒYL“‡,2,,‚‹´Œ’‘¾˜Y,3,¡,¡,¡,nan,nan,2,1,0,50.0,50.0,0.33,0,0,0,-,3,1.00,3,0,0,1,8.3,2,0,1,25.0,4
2020-10-31,“ŒƒŒƒAƒ[ƒY,JTƒTƒ“ƒ_[ƒYL“‡,3,L,RŒû‘ñŠC,3,œ,œ,œ,nan,nan,0,0,0,,,-,0,0,0,-,0,-,0,0,0,0,-,18,9,4,61.1,0
2020-10-31,“ŒƒŒƒAƒ[ƒY,JTƒTƒ“ƒ_[ƒYL“‡,4,,ƒpƒ_ƒ‹ƒNƒŠƒXƒeƒBƒAƒ“,3,¡,¡,¡,nan,nan,45,22,7,48.9,33.3,7.33,11,5,4,45.5,2,0.67,14,0,3,6,5.4,0,0,0,-,24
2020-10-31,“ŒƒŒƒAƒ[ƒY,JTƒTƒ“ƒ_[ƒYL“‡,5,,•ÄR—T‘¾,2,nan, ,¡,nan,nan,5,4,0,80.0,80.0,2.00,0,0,0,-,0,-,4,0,2,0,-12.5,10,1,6,40.0,4
2020-10-31,“ŒƒŒƒAƒ[ƒY,JTƒTƒ“ƒ_[ƒYL“‡,6,,—‡ˆê‹M,0,nan,nan,nan,nan,nan,0,0,0,,,-,0,0,0,-,0,-,0,0,0,0,-,0,0,0,-,0
2020-10-31,“ŒƒŒƒAƒ[ƒY,JTƒTƒ“ƒ_[ƒYL“‡,7,,•õ‘º—Y‘å,2, ,nan, ,nan,nan,0,0,0,,,-,0,0,0,-,0,-,2,0,0,1,12.5,0,0,0,-,0
2020-10-31,“ŒƒŒƒAƒ[ƒY,JTƒTƒ“ƒ_[ƒYL“‡,9,,•x“c«”n,3,¡,¡,¡,nan,nan,16,6,1,37.5,31.2,2.00,3,0,1,0.0,0,-,11,1,1,2,11.4,22,6,9,47.7,7
2020-10-31,“ŒƒŒƒAƒ[ƒY,JTƒTƒ“ƒ_[ƒYL“‡,10,,¯–ìG’m,2,¡,¡,nan,nan,nan,6,3,0,50.0,50.0,1.50,0,0,0,-,0,-,4,0,1,0,-6.2,9,3,3,50.0,3
2020-10-31,“ŒƒŒƒAƒ[ƒY,JTƒTƒ“ƒ_[ƒYL“‡,14,,ğˆäŒ[•ã,3, , , ,nan,nan,0,0,0,,,-,0,0,0,-,0,-,0,0,0,0,-,0,0,0,-,0
2020-10-31,“ŒƒŒƒAƒ[ƒY,JTƒTƒ“ƒ_[ƒYL“‡,15,,—›”,3,¡,¡,¡,nan,nan,12,5,1,41.7,33.3,1.67,0,0,0,-,2,0.67,10,0,1,3,5.0,1,0,1,50.0,7
2020-10-31,“ŒƒŒƒAƒ[ƒY,JTƒTƒ“ƒ_[ƒYL“‡,18,,—é–Ø—I“ñ,3, , , ,nan,nan,0,0,0,,,-,0,0,0,-,0,-,5,0,0,2,10.0,0,0,0,-,0
2020-10-31,“ŒƒŒƒAƒ[ƒY,JTƒTƒ“ƒ_[ƒYL“‡,19,,”~–ì‘,0,nan,nan,nan,nan,nan,0,0,0,,,-,0,0,0,-,0,-,0,0,0,0,-,0,0,0,-,0
2020-10-31,“ŒƒŒƒAƒ[ƒY,JTƒTƒ“ƒ_[ƒYL“‡,21,,“¡ˆä’¼L,3,¡,¡,¡,nan,nan,0,0,0,,,-,0,0,0,-,0,-,11,0,1,2,2.3,0,0,0,-,0
2020-10-31,“ŒƒŒƒAƒ[ƒY,JTƒTƒ“ƒ_[ƒYL“‡,ƒ`[ƒ€‡Œv,ƒ`[ƒ€‡Œv,ƒ`[ƒ€‡Œv,3,nan,nan,nan,nan,nan,86,41,9,47.7,37.2,13.67,14,5,5,35.7,7,2.33,64,1,9,17,4.7,62,19,24,50.0,49
